--
-- PostgreSQL database dump
--

\restrict V47FeaAVNb45MBPPmLqgdV7tc1fcb4E2em6PgAxczV2nTjaCZA0RLCWvjA6HyVv

-- Dumped from database version 18.2 (Ubuntu 18.2-1.pgdg24.04+1)
-- Dumped by pg_dump version 18.2 (Ubuntu 18.2-1.pgdg24.04+1)

SET statement_timeout = 0;
SET lock_timeout = 0;
SET idle_in_transaction_session_timeout = 0;
SET transaction_timeout = 0;
SET client_encoding = 'UTF8';
SET standard_conforming_strings = on;
SELECT pg_catalog.set_config('search_path', '', false);
SET check_function_bodies = false;
SET xmloption = content;
SET client_min_messages = warning;
SET row_security = off;

SET default_tablespace = '';

SET default_table_access_method = heap;

--
-- Name: accounts_otp; Type: TABLE; Schema: public; Owner: kieran_user
--

CREATE TABLE public.accounts_otp (
    id bigint NOT NULL,
    email character varying(254),
    code character varying(6) NOT NULL,
    created_at timestamp with time zone NOT NULL,
    user_id bigint
);


ALTER TABLE public.accounts_otp OWNER TO kieran_user;

--
-- Name: accounts_otp_id_seq; Type: SEQUENCE; Schema: public; Owner: kieran_user
--

ALTER TABLE public.accounts_otp ALTER COLUMN id ADD GENERATED BY DEFAULT AS IDENTITY (
    SEQUENCE NAME public.accounts_otp_id_seq
    START WITH 1
    INCREMENT BY 1
    NO MINVALUE
    NO MAXVALUE
    CACHE 1
);


--
-- Name: accounts_user; Type: TABLE; Schema: public; Owner: kieran_user
--

CREATE TABLE public.accounts_user (
    id bigint NOT NULL,
    password character varying(128) NOT NULL,
    last_login timestamp with time zone,
    stripe_customer_id character varying(255),
    name character varying(100) NOT NULL,
    email character varying(254) NOT NULL,
    phone character varying(20),
    address character varying(255),
    latitude numeric(20,18),
    longitude numeric(20,18),
    role character varying(20) NOT NULL,
    is_active boolean NOT NULL,
    is_staff boolean NOT NULL,
    is_superuser boolean NOT NULL,
    date_joined timestamp with time zone NOT NULL,
    landscaper_plan character varying(100),
    plan_type character varying(20)
);


ALTER TABLE public.accounts_user OWNER TO kieran_user;

--
-- Name: accounts_user_groups; Type: TABLE; Schema: public; Owner: kieran_user
--

CREATE TABLE public.accounts_user_groups (
    id bigint NOT NULL,
    user_id bigint NOT NULL,
    group_id integer NOT NULL
);


ALTER TABLE public.accounts_user_groups OWNER TO kieran_user;

--
-- Name: accounts_user_groups_id_seq; Type: SEQUENCE; Schema: public; Owner: kieran_user
--

ALTER TABLE public.accounts_user_groups ALTER COLUMN id ADD GENERATED BY DEFAULT AS IDENTITY (
    SEQUENCE NAME public.accounts_user_groups_id_seq
    START WITH 1
    INCREMENT BY 1
    NO MINVALUE
    NO MAXVALUE
    CACHE 1
);


--
-- Name: accounts_user_id_seq; Type: SEQUENCE; Schema: public; Owner: kieran_user
--

ALTER TABLE public.accounts_user ALTER COLUMN id ADD GENERATED BY DEFAULT AS IDENTITY (
    SEQUENCE NAME public.accounts_user_id_seq
    START WITH 1
    INCREMENT BY 1
    NO MINVALUE
    NO MAXVALUE
    CACHE 1
);


--
-- Name: accounts_user_user_permissions; Type: TABLE; Schema: public; Owner: kieran_user
--

CREATE TABLE public.accounts_user_user_permissions (
    id bigint NOT NULL,
    user_id bigint NOT NULL,
    permission_id integer NOT NULL
);


ALTER TABLE public.accounts_user_user_permissions OWNER TO kieran_user;

--
-- Name: accounts_user_user_permissions_id_seq; Type: SEQUENCE; Schema: public; Owner: kieran_user
--

ALTER TABLE public.accounts_user_user_permissions ALTER COLUMN id ADD GENERATED BY DEFAULT AS IDENTITY (
    SEQUENCE NAME public.accounts_user_user_permissions_id_seq
    START WITH 1
    INCREMENT BY 1
    NO MINVALUE
    NO MAXVALUE
    CACHE 1
);


--
-- Name: accounts_userreport; Type: TABLE; Schema: public; Owner: kieran_user
--

CREATE TABLE public.accounts_userreport (
    id bigint NOT NULL,
    note text NOT NULL,
    created_at timestamp with time zone NOT NULL,
    reported_user_id bigint NOT NULL,
    reporter_id bigint NOT NULL
);


ALTER TABLE public.accounts_userreport OWNER TO kieran_user;

--
-- Name: accounts_userreport_id_seq; Type: SEQUENCE; Schema: public; Owner: kieran_user
--

ALTER TABLE public.accounts_userreport ALTER COLUMN id ADD GENERATED BY DEFAULT AS IDENTITY (
    SEQUENCE NAME public.accounts_userreport_id_seq
    START WITH 1
    INCREMENT BY 1
    NO MINVALUE
    NO MAXVALUE
    CACHE 1
);


--
-- Name: auth_group; Type: TABLE; Schema: public; Owner: kieran_user
--

CREATE TABLE public.auth_group (
    id integer NOT NULL,
    name character varying(150) NOT NULL
);


ALTER TABLE public.auth_group OWNER TO kieran_user;

--
-- Name: auth_group_id_seq; Type: SEQUENCE; Schema: public; Owner: kieran_user
--

ALTER TABLE public.auth_group ALTER COLUMN id ADD GENERATED BY DEFAULT AS IDENTITY (
    SEQUENCE NAME public.auth_group_id_seq
    START WITH 1
    INCREMENT BY 1
    NO MINVALUE
    NO MAXVALUE
    CACHE 1
);


--
-- Name: auth_group_permissions; Type: TABLE; Schema: public; Owner: kieran_user
--

CREATE TABLE public.auth_group_permissions (
    id bigint NOT NULL,
    group_id integer NOT NULL,
    permission_id integer NOT NULL
);


ALTER TABLE public.auth_group_permissions OWNER TO kieran_user;

--
-- Name: auth_group_permissions_id_seq; Type: SEQUENCE; Schema: public; Owner: kieran_user
--

ALTER TABLE public.auth_group_permissions ALTER COLUMN id ADD GENERATED BY DEFAULT AS IDENTITY (
    SEQUENCE NAME public.auth_group_permissions_id_seq
    START WITH 1
    INCREMENT BY 1
    NO MINVALUE
    NO MAXVALUE
    CACHE 1
);


--
-- Name: auth_permission; Type: TABLE; Schema: public; Owner: kieran_user
--

CREATE TABLE public.auth_permission (
    id integer NOT NULL,
    name character varying(255) NOT NULL,
    content_type_id integer NOT NULL,
    codename character varying(100) NOT NULL
);


ALTER TABLE public.auth_permission OWNER TO kieran_user;

--
-- Name: auth_permission_id_seq; Type: SEQUENCE; Schema: public; Owner: kieran_user
--

ALTER TABLE public.auth_permission ALTER COLUMN id ADD GENERATED BY DEFAULT AS IDENTITY (
    SEQUENCE NAME public.auth_permission_id_seq
    START WITH 1
    INCREMENT BY 1
    NO MINVALUE
    NO MAXVALUE
    CACHE 1
);


--
-- Name: bookings_servicebooking; Type: TABLE; Schema: public; Owner: kieran_user
--

CREATE TABLE public.bookings_servicebooking (
    id bigint NOT NULL,
    agreed_price numeric(10,2) NOT NULL,
    status character varying(20) NOT NULL,
    payment_status character varying(20) NOT NULL,
    scheduled_time time without time zone,
    scheduled_date date,
    completed_at timestamp with time zone,
    created_at timestamp with time zone NOT NULL,
    stripe_payment_id character varying(255),
    client_id bigint NOT NULL,
    landscaper_id bigint NOT NULL,
    service_id bigint NOT NULL
);


ALTER TABLE public.bookings_servicebooking OWNER TO kieran_user;

--
-- Name: bookings_servicebooking_id_seq; Type: SEQUENCE; Schema: public; Owner: kieran_user
--

ALTER TABLE public.bookings_servicebooking ALTER COLUMN id ADD GENERATED BY DEFAULT AS IDENTITY (
    SEQUENCE NAME public.bookings_servicebooking_id_seq
    START WITH 1
    INCREMENT BY 1
    NO MINVALUE
    NO MAXVALUE
    CACHE 1
);


--
-- Name: chat_contactmessage; Type: TABLE; Schema: public; Owner: kieran_user
--

CREATE TABLE public.chat_contactmessage (
    id bigint NOT NULL,
    name character varying(100) NOT NULL,
    message text NOT NULL,
    category character varying(20) NOT NULL,
    status character varying(10) NOT NULL,
    admin_reply text,
    created_at timestamp with time zone NOT NULL,
    replied_at timestamp with time zone,
    user_id bigint
);


ALTER TABLE public.chat_contactmessage OWNER TO kieran_user;

--
-- Name: chat_contactmessage_id_seq; Type: SEQUENCE; Schema: public; Owner: kieran_user
--

ALTER TABLE public.chat_contactmessage ALTER COLUMN id ADD GENERATED BY DEFAULT AS IDENTITY (
    SEQUENCE NAME public.chat_contactmessage_id_seq
    START WITH 1
    INCREMENT BY 1
    NO MINVALUE
    NO MAXVALUE
    CACHE 1
);


--
-- Name: connections_connectionrequest; Type: TABLE; Schema: public; Owner: kieran_user
--

CREATE TABLE public.connections_connectionrequest (
    id bigint NOT NULL,
    is_accepted boolean,
    already_sent boolean NOT NULL,
    created_at timestamp with time zone NOT NULL,
    receiver_id bigint NOT NULL,
    schedule_id bigint,
    sender_id bigint NOT NULL
);


ALTER TABLE public.connections_connectionrequest OWNER TO kieran_user;

--
-- Name: connections_connectionrequest_id_seq; Type: SEQUENCE; Schema: public; Owner: kieran_user
--

ALTER TABLE public.connections_connectionrequest ALTER COLUMN id ADD GENERATED BY DEFAULT AS IDENTITY (
    SEQUENCE NAME public.connections_connectionrequest_id_seq
    START WITH 1
    INCREMENT BY 1
    NO MINVALUE
    NO MAXVALUE
    CACHE 1
);


--
-- Name: django_admin_log; Type: TABLE; Schema: public; Owner: kieran_user
--

CREATE TABLE public.django_admin_log (
    id integer NOT NULL,
    action_time timestamp with time zone NOT NULL,
    object_id text,
    object_repr character varying(200) NOT NULL,
    action_flag smallint NOT NULL,
    change_message text NOT NULL,
    content_type_id integer,
    user_id bigint NOT NULL,
    CONSTRAINT django_admin_log_action_flag_check CHECK ((action_flag >= 0))
);


ALTER TABLE public.django_admin_log OWNER TO kieran_user;

--
-- Name: django_admin_log_id_seq; Type: SEQUENCE; Schema: public; Owner: kieran_user
--

ALTER TABLE public.django_admin_log ALTER COLUMN id ADD GENERATED BY DEFAULT AS IDENTITY (
    SEQUENCE NAME public.django_admin_log_id_seq
    START WITH 1
    INCREMENT BY 1
    NO MINVALUE
    NO MAXVALUE
    CACHE 1
);


--
-- Name: django_celery_beat_clockedschedule; Type: TABLE; Schema: public; Owner: kieran_user
--

CREATE TABLE public.django_celery_beat_clockedschedule (
    id integer NOT NULL,
    clocked_time timestamp with time zone NOT NULL
);


ALTER TABLE public.django_celery_beat_clockedschedule OWNER TO kieran_user;

--
-- Name: django_celery_beat_clockedschedule_id_seq; Type: SEQUENCE; Schema: public; Owner: kieran_user
--

ALTER TABLE public.django_celery_beat_clockedschedule ALTER COLUMN id ADD GENERATED BY DEFAULT AS IDENTITY (
    SEQUENCE NAME public.django_celery_beat_clockedschedule_id_seq
    START WITH 1
    INCREMENT BY 1
    NO MINVALUE
    NO MAXVALUE
    CACHE 1
);


--
-- Name: django_celery_beat_crontabschedule; Type: TABLE; Schema: public; Owner: kieran_user
--

CREATE TABLE public.django_celery_beat_crontabschedule (
    id integer NOT NULL,
    minute character varying(240) NOT NULL,
    hour character varying(96) NOT NULL,
    day_of_month character varying(124) NOT NULL,
    month_of_year character varying(64) NOT NULL,
    day_of_week character varying(64) NOT NULL,
    timezone character varying(63) NOT NULL
);


ALTER TABLE public.django_celery_beat_crontabschedule OWNER TO kieran_user;

--
-- Name: django_celery_beat_crontabschedule_id_seq; Type: SEQUENCE; Schema: public; Owner: kieran_user
--

ALTER TABLE public.django_celery_beat_crontabschedule ALTER COLUMN id ADD GENERATED BY DEFAULT AS IDENTITY (
    SEQUENCE NAME public.django_celery_beat_crontabschedule_id_seq
    START WITH 1
    INCREMENT BY 1
    NO MINVALUE
    NO MAXVALUE
    CACHE 1
);


--
-- Name: django_celery_beat_intervalschedule; Type: TABLE; Schema: public; Owner: kieran_user
--

CREATE TABLE public.django_celery_beat_intervalschedule (
    id integer NOT NULL,
    every integer NOT NULL,
    period character varying(24) NOT NULL
);


ALTER TABLE public.django_celery_beat_intervalschedule OWNER TO kieran_user;

--
-- Name: django_celery_beat_intervalschedule_id_seq; Type: SEQUENCE; Schema: public; Owner: kieran_user
--

ALTER TABLE public.django_celery_beat_intervalschedule ALTER COLUMN id ADD GENERATED BY DEFAULT AS IDENTITY (
    SEQUENCE NAME public.django_celery_beat_intervalschedule_id_seq
    START WITH 1
    INCREMENT BY 1
    NO MINVALUE
    NO MAXVALUE
    CACHE 1
);


--
-- Name: django_celery_beat_periodictask; Type: TABLE; Schema: public; Owner: kieran_user
--

CREATE TABLE public.django_celery_beat_periodictask (
    id integer NOT NULL,
    name character varying(200) NOT NULL,
    task character varying(200) NOT NULL,
    args text NOT NULL,
    kwargs text NOT NULL,
    queue character varying(200),
    exchange character varying(200),
    routing_key character varying(200),
    headers text NOT NULL,
    priority integer,
    expires timestamp with time zone,
    expire_seconds integer,
    one_off boolean NOT NULL,
    start_time timestamp with time zone,
    enabled boolean NOT NULL,
    last_run_at timestamp with time zone,
    total_run_count integer NOT NULL,
    date_changed timestamp with time zone NOT NULL,
    description text NOT NULL,
    clocked_id integer,
    crontab_id integer,
    interval_id integer,
    solar_id integer,
    CONSTRAINT django_celery_beat_periodictask_expire_seconds_check CHECK ((expire_seconds >= 0)),
    CONSTRAINT django_celery_beat_periodictask_priority_check CHECK ((priority >= 0)),
    CONSTRAINT django_celery_beat_periodictask_total_run_count_check CHECK ((total_run_count >= 0))
);


ALTER TABLE public.django_celery_beat_periodictask OWNER TO kieran_user;

--
-- Name: django_celery_beat_periodictask_id_seq; Type: SEQUENCE; Schema: public; Owner: kieran_user
--

ALTER TABLE public.django_celery_beat_periodictask ALTER COLUMN id ADD GENERATED BY DEFAULT AS IDENTITY (
    SEQUENCE NAME public.django_celery_beat_periodictask_id_seq
    START WITH 1
    INCREMENT BY 1
    NO MINVALUE
    NO MAXVALUE
    CACHE 1
);


--
-- Name: django_celery_beat_periodictasks; Type: TABLE; Schema: public; Owner: kieran_user
--

CREATE TABLE public.django_celery_beat_periodictasks (
    ident smallint NOT NULL,
    last_update timestamp with time zone NOT NULL
);


ALTER TABLE public.django_celery_beat_periodictasks OWNER TO kieran_user;

--
-- Name: django_celery_beat_solarschedule; Type: TABLE; Schema: public; Owner: kieran_user
--

CREATE TABLE public.django_celery_beat_solarschedule (
    id integer NOT NULL,
    event character varying(24) NOT NULL,
    latitude numeric(9,6) NOT NULL,
    longitude numeric(9,6) NOT NULL
);


ALTER TABLE public.django_celery_beat_solarschedule OWNER TO kieran_user;

--
-- Name: django_celery_beat_solarschedule_id_seq; Type: SEQUENCE; Schema: public; Owner: kieran_user
--

ALTER TABLE public.django_celery_beat_solarschedule ALTER COLUMN id ADD GENERATED BY DEFAULT AS IDENTITY (
    SEQUENCE NAME public.django_celery_beat_solarschedule_id_seq
    START WITH 1
    INCREMENT BY 1
    NO MINVALUE
    NO MAXVALUE
    CACHE 1
);


--
-- Name: django_content_type; Type: TABLE; Schema: public; Owner: kieran_user
--

CREATE TABLE public.django_content_type (
    id integer NOT NULL,
    app_label character varying(100) NOT NULL,
    model character varying(100) NOT NULL
);


ALTER TABLE public.django_content_type OWNER TO kieran_user;

--
-- Name: django_content_type_id_seq; Type: SEQUENCE; Schema: public; Owner: kieran_user
--

ALTER TABLE public.django_content_type ALTER COLUMN id ADD GENERATED BY DEFAULT AS IDENTITY (
    SEQUENCE NAME public.django_content_type_id_seq
    START WITH 1
    INCREMENT BY 1
    NO MINVALUE
    NO MAXVALUE
    CACHE 1
);


--
-- Name: django_migrations; Type: TABLE; Schema: public; Owner: kieran_user
--

CREATE TABLE public.django_migrations (
    id bigint NOT NULL,
    app character varying(255) NOT NULL,
    name character varying(255) NOT NULL,
    applied timestamp with time zone NOT NULL
);


ALTER TABLE public.django_migrations OWNER TO kieran_user;

--
-- Name: django_migrations_id_seq; Type: SEQUENCE; Schema: public; Owner: kieran_user
--

ALTER TABLE public.django_migrations ALTER COLUMN id ADD GENERATED BY DEFAULT AS IDENTITY (
    SEQUENCE NAME public.django_migrations_id_seq
    START WITH 1
    INCREMENT BY 1
    NO MINVALUE
    NO MAXVALUE
    CACHE 1
);


--
-- Name: django_session; Type: TABLE; Schema: public; Owner: kieran_user
--

CREATE TABLE public.django_session (
    session_key character varying(40) NOT NULL,
    session_data text NOT NULL,
    expire_date timestamp with time zone NOT NULL
);


ALTER TABLE public.django_session OWNER TO kieran_user;

--
-- Name: invitations_teaminvitation; Type: TABLE; Schema: public; Owner: kieran_user
--

CREATE TABLE public.invitations_teaminvitation (
    id bigint NOT NULL,
    email character varying(254) NOT NULL,
    token uuid NOT NULL,
    status character varying(20) NOT NULL,
    expires_at timestamp with time zone NOT NULL,
    accepted_at timestamp with time zone,
    created_at timestamp with time zone NOT NULL,
    inviter_id bigint NOT NULL,
    landscaper_id bigint NOT NULL
);


ALTER TABLE public.invitations_teaminvitation OWNER TO kieran_user;

--
-- Name: invitations_teaminvitation_id_seq; Type: SEQUENCE; Schema: public; Owner: kieran_user
--

ALTER TABLE public.invitations_teaminvitation ALTER COLUMN id ADD GENERATED BY DEFAULT AS IDENTITY (
    SEQUENCE NAME public.invitations_teaminvitation_id_seq
    START WITH 1
    INCREMENT BY 1
    NO MINVALUE
    NO MAXVALUE
    CACHE 1
);


--
-- Name: jobs_job; Type: TABLE; Schema: public; Owner: kieran_user
--

CREATE TABLE public.jobs_job (
    id bigint NOT NULL,
    date date NOT NULL,
    start_time time without time zone NOT NULL,
    end_time time without time zone NOT NULL,
    status character varying(20) NOT NULL,
    final_price numeric(10,2),
    is_reduced boolean NOT NULL,
    images jsonb NOT NULL,
    notes text,
    created_at timestamp with time zone NOT NULL,
    updated_at timestamp with time zone NOT NULL,
    client_id bigint NOT NULL,
    landscaper_id bigint NOT NULL,
    property_id bigint NOT NULL
);


ALTER TABLE public.jobs_job OWNER TO kieran_user;

--
-- Name: jobs_job_id_seq; Type: SEQUENCE; Schema: public; Owner: kieran_user
--

ALTER TABLE public.jobs_job ALTER COLUMN id ADD GENERATED BY DEFAULT AS IDENTITY (
    SEQUENCE NAME public.jobs_job_id_seq
    START WITH 1
    INCREMENT BY 1
    NO MINVALUE
    NO MAXVALUE
    CACHE 1
);


--
-- Name: landscapers_addon; Type: TABLE; Schema: public; Owner: kieran_user
--

CREATE TABLE public.landscapers_addon (
    id bigint NOT NULL,
    name character varying(150) NOT NULL,
    price numeric(10,2) NOT NULL,
    applicable_service_ids jsonb NOT NULL,
    created_at timestamp with time zone NOT NULL,
    updated_at timestamp with time zone NOT NULL,
    business_id bigint NOT NULL
);


ALTER TABLE public.landscapers_addon OWNER TO kieran_user;

--
-- Name: landscapers_addon_id_seq; Type: SEQUENCE; Schema: public; Owner: kieran_user
--

ALTER TABLE public.landscapers_addon ALTER COLUMN id ADD GENERATED BY DEFAULT AS IDENTITY (
    SEQUENCE NAME public.landscapers_addon_id_seq
    START WITH 1
    INCREMENT BY 1
    NO MINVALUE
    NO MAXVALUE
    CACHE 1
);


--
-- Name: landscapers_businessprofile; Type: TABLE; Schema: public; Owner: kieran_user
--

CREATE TABLE public.landscapers_businessprofile (
    id bigint NOT NULL,
    business_name character varying(150) NOT NULL,
    business_email character varying(254) NOT NULL,
    business_phone character varying(20) NOT NULL,
    tagline character varying(250),
    description text,
    latitude numeric(20,18),
    longitude numeric(20,18),
    profile_image character varying(255),
    quickbooks_connected boolean NOT NULL,
    insurance_doc character varying(255),
    license_doc character varying(255),
    is_profile_completed boolean NOT NULL,
    created_at timestamp with time zone NOT NULL,
    updated_at timestamp with time zone NOT NULL,
    user_id bigint NOT NULL
);


ALTER TABLE public.landscapers_businessprofile OWNER TO kieran_user;

--
-- Name: landscapers_businessprofile_id_seq; Type: SEQUENCE; Schema: public; Owner: kieran_user
--

ALTER TABLE public.landscapers_businessprofile ALTER COLUMN id ADD GENERATED BY DEFAULT AS IDENTITY (
    SEQUENCE NAME public.landscapers_businessprofile_id_seq
    START WITH 1
    INCREMENT BY 1
    NO MINVALUE
    NO MAXVALUE
    CACHE 1
);


--
-- Name: landscapers_clientcustomservice; Type: TABLE; Schema: public; Owner: kieran_user
--

CREATE TABLE public.landscapers_clientcustomservice (
    id bigint NOT NULL,
    name character varying(150) NOT NULL,
    description text,
    price numeric(10,2) NOT NULL,
    is_active boolean NOT NULL,
    created_at timestamp with time zone NOT NULL,
    updated_at timestamp with time zone NOT NULL,
    client_id bigint NOT NULL
);


ALTER TABLE public.landscapers_clientcustomservice OWNER TO kieran_user;

--
-- Name: landscapers_clientcustomservice_id_seq; Type: SEQUENCE; Schema: public; Owner: kieran_user
--

ALTER TABLE public.landscapers_clientcustomservice ALTER COLUMN id ADD GENERATED BY DEFAULT AS IDENTITY (
    SEQUENCE NAME public.landscapers_clientcustomservice_id_seq
    START WITH 1
    INCREMENT BY 1
    NO MINVALUE
    NO MAXVALUE
    CACHE 1
);


--
-- Name: landscapers_service; Type: TABLE; Schema: public; Owner: kieran_user
--

CREATE TABLE public.landscapers_service (
    id bigint NOT NULL,
    description text,
    category character varying(20) NOT NULL,
    latitude numeric(20,18),
    longitude numeric(20,18),
    price numeric(10,2) NOT NULL,
    created_at timestamp with time zone NOT NULL,
    updated_at timestamp with time zone NOT NULL,
    landscaper_id bigint NOT NULL,
    is_active boolean NOT NULL,
    rate_type character varying(10) NOT NULL,
    standard_service character varying(150),
    "time" numeric(5,2) NOT NULL,
    is_pinned boolean NOT NULL,
    business_id integer DEFAULT 1 NOT NULL
);


ALTER TABLE public.landscapers_service OWNER TO kieran_user;

--
-- Name: landscapers_service_id_seq; Type: SEQUENCE; Schema: public; Owner: kieran_user
--

ALTER TABLE public.landscapers_service ALTER COLUMN id ADD GENERATED BY DEFAULT AS IDENTITY (
    SEQUENCE NAME public.landscapers_service_id_seq
    START WITH 1
    INCREMENT BY 1
    NO MINVALUE
    NO MAXVALUE
    CACHE 1
);


--
-- Name: landscapers_workinghours; Type: TABLE; Schema: public; Owner: kieran_user
--

CREATE TABLE public.landscapers_workinghours (
    id bigint NOT NULL,
    day character varying(10) NOT NULL,
    start_time time without time zone NOT NULL,
    end_time time without time zone NOT NULL,
    landscaper_id bigint NOT NULL
);


ALTER TABLE public.landscapers_workinghours OWNER TO kieran_user;

--
-- Name: landscapers_workinghours_id_seq; Type: SEQUENCE; Schema: public; Owner: kieran_user
--

ALTER TABLE public.landscapers_workinghours ALTER COLUMN id ADD GENERATED BY DEFAULT AS IDENTITY (
    SEQUENCE NAME public.landscapers_workinghours_id_seq
    START WITH 1
    INCREMENT BY 1
    NO MINVALUE
    NO MAXVALUE
    CACHE 1
);


--
-- Name: message_chatthread; Type: TABLE; Schema: public; Owner: kieran_user
--

CREATE TABLE public.message_chatthread (
    id bigint NOT NULL,
    created_at timestamp with time zone NOT NULL,
    updated_at timestamp with time zone NOT NULL,
    client_id bigint NOT NULL,
    landscaper_id bigint NOT NULL
);


ALTER TABLE public.message_chatthread OWNER TO kieran_user;

--
-- Name: message_chatthread_id_seq; Type: SEQUENCE; Schema: public; Owner: kieran_user
--

ALTER TABLE public.message_chatthread ALTER COLUMN id ADD GENERATED BY DEFAULT AS IDENTITY (
    SEQUENCE NAME public.message_chatthread_id_seq
    START WITH 1
    INCREMENT BY 1
    NO MINVALUE
    NO MAXVALUE
    CACHE 1
);


--
-- Name: message_message; Type: TABLE; Schema: public; Owner: kieran_user
--

CREATE TABLE public.message_message (
    id bigint NOT NULL,
    text text,
    file character varying(255),
    seen_at timestamp with time zone,
    delivered_at timestamp with time zone,
    is_deleted_for_all boolean NOT NULL,
    created_at timestamp with time zone NOT NULL,
    updated_at timestamp with time zone NOT NULL,
    sender_id bigint NOT NULL,
    thread_id bigint NOT NULL
);


ALTER TABLE public.message_message OWNER TO kieran_user;

--
-- Name: message_message_deleted_for; Type: TABLE; Schema: public; Owner: kieran_user
--

CREATE TABLE public.message_message_deleted_for (
    id bigint NOT NULL,
    message_id bigint NOT NULL,
    user_id bigint NOT NULL
);


ALTER TABLE public.message_message_deleted_for OWNER TO kieran_user;

--
-- Name: message_message_deleted_for_id_seq; Type: SEQUENCE; Schema: public; Owner: kieran_user
--

ALTER TABLE public.message_message_deleted_for ALTER COLUMN id ADD GENERATED BY DEFAULT AS IDENTITY (
    SEQUENCE NAME public.message_message_deleted_for_id_seq
    START WITH 1
    INCREMENT BY 1
    NO MINVALUE
    NO MAXVALUE
    CACHE 1
);


--
-- Name: message_message_id_seq; Type: SEQUENCE; Schema: public; Owner: kieran_user
--

ALTER TABLE public.message_message ALTER COLUMN id ADD GENERATED BY DEFAULT AS IDENTITY (
    SEQUENCE NAME public.message_message_id_seq
    START WITH 1
    INCREMENT BY 1
    NO MINVALUE
    NO MAXVALUE
    CACHE 1
);


--
-- Name: notifications_notification; Type: TABLE; Schema: public; Owner: kieran_user
--

CREATE TABLE public.notifications_notification (
    id bigint NOT NULL,
    notification_type character varying(20) NOT NULL,
    title character varying(255) NOT NULL,
    message text NOT NULL,
    is_read boolean NOT NULL,
    created_at timestamp with time zone NOT NULL,
    user_id bigint NOT NULL
);


ALTER TABLE public.notifications_notification OWNER TO kieran_user;

--
-- Name: notifications_notification_id_seq; Type: SEQUENCE; Schema: public; Owner: kieran_user
--

ALTER TABLE public.notifications_notification ALTER COLUMN id ADD GENERATED BY DEFAULT AS IDENTITY (
    SEQUENCE NAME public.notifications_notification_id_seq
    START WITH 1
    INCREMENT BY 1
    NO MINVALUE
    NO MAXVALUE
    CACHE 1
);


--
-- Name: notifications_notificationsettings; Type: TABLE; Schema: public; Owner: kieran_user
--

CREATE TABLE public.notifications_notificationsettings (
    id bigint NOT NULL,
    job_alert boolean NOT NULL,
    payment_alert boolean NOT NULL,
    weather_alert boolean NOT NULL,
    updated_at timestamp with time zone NOT NULL,
    user_id bigint NOT NULL
);


ALTER TABLE public.notifications_notificationsettings OWNER TO kieran_user;

--
-- Name: notifications_notificationsettings_id_seq; Type: SEQUENCE; Schema: public; Owner: kieran_user
--

ALTER TABLE public.notifications_notificationsettings ALTER COLUMN id ADD GENERATED BY DEFAULT AS IDENTITY (
    SEQUENCE NAME public.notifications_notificationsettings_id_seq
    START WITH 1
    INCREMENT BY 1
    NO MINVALUE
    NO MAXVALUE
    CACHE 1
);


--
-- Name: profiles_adminprofile; Type: TABLE; Schema: public; Owner: kieran_user
--

CREATE TABLE public.profiles_adminprofile (
    id bigint NOT NULL,
    phone character varying(15),
    image character varying(255),
    user_id bigint NOT NULL
);


ALTER TABLE public.profiles_adminprofile OWNER TO kieran_user;

--
-- Name: profiles_adminprofile_id_seq; Type: SEQUENCE; Schema: public; Owner: kieran_user
--

ALTER TABLE public.profiles_adminprofile ALTER COLUMN id ADD GENERATED BY DEFAULT AS IDENTITY (
    SEQUENCE NAME public.profiles_adminprofile_id_seq
    START WITH 1
    INCREMENT BY 1
    NO MINVALUE
    NO MAXVALUE
    CACHE 1
);


--
-- Name: profiles_businessprofile; Type: TABLE; Schema: public; Owner: kieran_user
--

CREATE TABLE public.profiles_businessprofile (
    id bigint CONSTRAINT profiles_landscaperprofile_id_not_null NOT NULL,
    user_id bigint CONSTRAINT profiles_landscaperprofile_user_id_not_null NOT NULL
);


ALTER TABLE public.profiles_businessprofile OWNER TO kieran_user;

--
-- Name: profiles_clientprofile; Type: TABLE; Schema: public; Owner: kieran_user
--

CREATE TABLE public.profiles_clientprofile (
    id bigint NOT NULL,
    name character varying(255) NOT NULL,
    phone character varying(20) NOT NULL,
    image character varying(255),
    user_id bigint NOT NULL,
    calendar_sync boolean CONSTRAINT profiles_clientprofile_calendar_sync_enabled_not_null NOT NULL,
    service_reminder boolean CONSTRAINT profiles_clientprofile_service_reminder_enabled_not_null NOT NULL
);


ALTER TABLE public.profiles_clientprofile OWNER TO kieran_user;

--
-- Name: profiles_clientprofile_id_seq; Type: SEQUENCE; Schema: public; Owner: kieran_user
--

ALTER TABLE public.profiles_clientprofile ALTER COLUMN id ADD GENERATED BY DEFAULT AS IDENTITY (
    SEQUENCE NAME public.profiles_clientprofile_id_seq
    START WITH 1
    INCREMENT BY 1
    NO MINVALUE
    NO MAXVALUE
    CACHE 1
);


--
-- Name: profiles_landscaperprofile_id_seq; Type: SEQUENCE; Schema: public; Owner: kieran_user
--

ALTER TABLE public.profiles_businessprofile ALTER COLUMN id ADD GENERATED BY DEFAULT AS IDENTITY (
    SEQUENCE NAME public.profiles_landscaperprofile_id_seq
    START WITH 1
    INCREMENT BY 1
    NO MINVALUE
    NO MAXVALUE
    CACHE 1
);


--
-- Name: profiles_landscaperprofilies; Type: TABLE; Schema: public; Owner: kieran_user
--

CREATE TABLE public.profiles_landscaperprofilies (
    id bigint NOT NULL,
    name character varying(255) NOT NULL,
    phone character varying(20) NOT NULL,
    image character varying(255),
    user_id bigint NOT NULL,
    stripe_account_id character varying(255),
    plan_id bigint,
    calendar_sync boolean CONSTRAINT profiles_landscaperprofilies_calendar_sync_enabled_not_null NOT NULL,
    job_reminder boolean CONSTRAINT profiles_landscaperprofilies_service_reminder_enabled_not_null NOT NULL
);


ALTER TABLE public.profiles_landscaperprofilies OWNER TO kieran_user;

--
-- Name: profiles_landscaperprofilies_id_seq; Type: SEQUENCE; Schema: public; Owner: kieran_user
--

ALTER TABLE public.profiles_landscaperprofilies ALTER COLUMN id ADD GENERATED BY DEFAULT AS IDENTITY (
    SEQUENCE NAME public.profiles_landscaperprofilies_id_seq
    START WITH 1
    INCREMENT BY 1
    NO MINVALUE
    NO MAXVALUE
    CACHE 1
);


--
-- Name: profiles_workerprofile; Type: TABLE; Schema: public; Owner: kieran_user
--

CREATE TABLE public.profiles_workerprofile (
    id bigint NOT NULL,
    name character varying(255) NOT NULL,
    phone character varying(20) NOT NULL,
    image character varying(255),
    is_blocked boolean NOT NULL,
    pro_landscaper_id bigint,
    user_id bigint NOT NULL
);


ALTER TABLE public.profiles_workerprofile OWNER TO kieran_user;

--
-- Name: profiles_workerprofile_id_seq; Type: SEQUENCE; Schema: public; Owner: kieran_user
--

ALTER TABLE public.profiles_workerprofile ALTER COLUMN id ADD GENERATED BY DEFAULT AS IDENTITY (
    SEQUENCE NAME public.profiles_workerprofile_id_seq
    START WITH 1
    INCREMENT BY 1
    NO MINVALUE
    NO MAXVALUE
    CACHE 1
);


--
-- Name: property_property; Type: TABLE; Schema: public; Owner: kieran_user
--

CREATE TABLE public.property_property (
    id bigint NOT NULL,
    address text NOT NULL,
    latitude numeric(9,6) NOT NULL,
    longitude numeric(9,6) NOT NULL,
    property_size text NOT NULL,
    cut_height_inches numeric(4,2) NOT NULL,
    grass_types jsonb NOT NULL,
    notes text NOT NULL,
    images jsonb NOT NULL,
    created_at timestamp with time zone NOT NULL,
    owner_id bigint NOT NULL
);


ALTER TABLE public.property_property OWNER TO kieran_user;

--
-- Name: property_property_id_seq; Type: SEQUENCE; Schema: public; Owner: kieran_user
--

ALTER TABLE public.property_property ALTER COLUMN id ADD GENERATED BY DEFAULT AS IDENTITY (
    SEQUENCE NAME public.property_property_id_seq
    START WITH 1
    INCREMENT BY 1
    NO MINVALUE
    NO MAXVALUE
    CACHE 1
);


--
-- Name: qr_landscaperqrcode; Type: TABLE; Schema: public; Owner: kieran_user
--

CREATE TABLE public.qr_landscaperqrcode (
    id uuid NOT NULL,
    created_at timestamp with time zone NOT NULL,
    landscaper_id bigint NOT NULL
);


ALTER TABLE public.qr_landscaperqrcode OWNER TO kieran_user;

--
-- Name: reviews_landscaperreview; Type: TABLE; Schema: public; Owner: kieran_user
--

CREATE TABLE public.reviews_landscaperreview (
    id bigint NOT NULL,
    rating smallint NOT NULL,
    comment text NOT NULL,
    created_at timestamp with time zone NOT NULL,
    updated_at timestamp with time zone NOT NULL,
    client_id bigint NOT NULL,
    landscaper_id bigint NOT NULL,
    CONSTRAINT reviews_landscaperreview_rating_check CHECK ((rating >= 0))
);


ALTER TABLE public.reviews_landscaperreview OWNER TO kieran_user;

--
-- Name: reviews_landscaperreview_id_seq; Type: SEQUENCE; Schema: public; Owner: kieran_user
--

ALTER TABLE public.reviews_landscaperreview ALTER COLUMN id ADD GENERATED BY DEFAULT AS IDENTITY (
    SEQUENCE NAME public.reviews_landscaperreview_id_seq
    START WITH 1
    INCREMENT BY 1
    NO MINVALUE
    NO MAXVALUE
    CACHE 1
);


--
-- Name: services_addonservice; Type: TABLE; Schema: public; Owner: kieran_user
--

CREATE TABLE public.services_addonservice (
    id bigint NOT NULL,
    name character varying(150) NOT NULL,
    price numeric(10,2) NOT NULL,
    created_at timestamp with time zone NOT NULL,
    updated_at timestamp with time zone NOT NULL,
    client_id bigint NOT NULL
);


ALTER TABLE public.services_addonservice OWNER TO kieran_user;

--
-- Name: services_addonservice_id_seq; Type: SEQUENCE; Schema: public; Owner: kieran_user
--

ALTER TABLE public.services_addonservice ALTER COLUMN id ADD GENERATED BY DEFAULT AS IDENTITY (
    SEQUENCE NAME public.services_addonservice_id_seq
    START WITH 1
    INCREMENT BY 1
    NO MINVALUE
    NO MAXVALUE
    CACHE 1
);


--
-- Name: services_clientservice; Type: TABLE; Schema: public; Owner: kieran_user
--

CREATE TABLE public.services_clientservice (
    id bigint NOT NULL,
    name character varying(120) NOT NULL,
    description text NOT NULL,
    category character varying(50),
    price numeric(10,2),
    square_feet numeric(10,2),
    is_standard boolean NOT NULL,
    image character varying(255),
    created_at timestamp with time zone NOT NULL,
    landscaper_id bigint NOT NULL
);


ALTER TABLE public.services_clientservice OWNER TO kieran_user;

--
-- Name: services_clientservice_id_seq; Type: SEQUENCE; Schema: public; Owner: kieran_user
--

ALTER TABLE public.services_clientservice ALTER COLUMN id ADD GENERATED BY DEFAULT AS IDENTITY (
    SEQUENCE NAME public.services_clientservice_id_seq
    START WITH 1
    INCREMENT BY 1
    NO MINVALUE
    NO MAXVALUE
    CACHE 1
);


--
-- Name: services_clientservicepreference; Type: TABLE; Schema: public; Owner: kieran_user
--

CREATE TABLE public.services_clientservicepreference (
    id bigint NOT NULL,
    frequency character varying(20) NOT NULL,
    note text NOT NULL,
    updated_at timestamp with time zone NOT NULL,
    client_id bigint NOT NULL
);


ALTER TABLE public.services_clientservicepreference OWNER TO kieran_user;

--
-- Name: services_clientservicepreference_id_seq; Type: SEQUENCE; Schema: public; Owner: kieran_user
--

ALTER TABLE public.services_clientservicepreference ALTER COLUMN id ADD GENERATED BY DEFAULT AS IDENTITY (
    SEQUENCE NAME public.services_clientservicepreference_id_seq
    START WITH 1
    INCREMENT BY 1
    NO MINVALUE
    NO MAXVALUE
    CACHE 1
);


--
-- Name: services_clientservicepreference_services; Type: TABLE; Schema: public; Owner: kieran_user
--

CREATE TABLE public.services_clientservicepreference_services (
    id bigint NOT NULL,
    clientservicepreference_id bigint CONSTRAINT services_clientserviceprefe_clientservicepreference_id_not_null NOT NULL,
    clientservice_id bigint CONSTRAINT services_clientservicepreference_serv_clientservice_id_not_null NOT NULL
);


ALTER TABLE public.services_clientservicepreference_services OWNER TO kieran_user;

--
-- Name: services_clientservicepreference_services_id_seq; Type: SEQUENCE; Schema: public; Owner: kieran_user
--

ALTER TABLE public.services_clientservicepreference_services ALTER COLUMN id ADD GENERATED BY DEFAULT AS IDENTITY (
    SEQUENCE NAME public.services_clientservicepreference_services_id_seq
    START WITH 1
    INCREMENT BY 1
    NO MINVALUE
    NO MAXVALUE
    CACHE 1
);


--
-- Name: services_schedulecompletionimage; Type: TABLE; Schema: public; Owner: kieran_user
--

CREATE TABLE public.services_schedulecompletionimage (
    id bigint NOT NULL,
    image character varying(255) NOT NULL,
    uploaded_at timestamp with time zone NOT NULL,
    schedule_id bigint NOT NULL,
    image_type character varying(10) NOT NULL
);


ALTER TABLE public.services_schedulecompletionimage OWNER TO kieran_user;

--
-- Name: services_schedulecompletionimage_id_seq; Type: SEQUENCE; Schema: public; Owner: kieran_user
--

ALTER TABLE public.services_schedulecompletionimage ALTER COLUMN id ADD GENERATED BY DEFAULT AS IDENTITY (
    SEQUENCE NAME public.services_schedulecompletionimage_id_seq
    START WITH 1
    INCREMENT BY 1
    NO MINVALUE
    NO MAXVALUE
    CACHE 1
);


--
-- Name: services_serviceschedule; Type: TABLE; Schema: public; Owner: kieran_user
--

CREATE TABLE public.services_serviceschedule (
    id bigint NOT NULL,
    scheduled_date date NOT NULL,
    scheduled_time time without time zone,
    is_completed boolean NOT NULL,
    completed_at timestamp with time zone,
    created_at timestamp with time zone NOT NULL,
    client_id bigint NOT NULL,
    landscaper_id bigint,
    service_id bigint NOT NULL,
    payment_status character varying(20) NOT NULL,
    stripe_payment_id character varying(255),
    completion_note text
);


ALTER TABLE public.services_serviceschedule OWNER TO kieran_user;

--
-- Name: services_serviceschedule_completed_services; Type: TABLE; Schema: public; Owner: kieran_user
--

CREATE TABLE public.services_serviceschedule_completed_services (
    id bigint NOT NULL,
    serviceschedule_id bigint CONSTRAINT services_serviceschedule_completed__serviceschedule_id_not_null NOT NULL,
    clientservice_id bigint CONSTRAINT services_serviceschedule_completed_se_clientservice_id_not_null NOT NULL
);


ALTER TABLE public.services_serviceschedule_completed_services OWNER TO kieran_user;

--
-- Name: services_serviceschedule_completed_services_id_seq; Type: SEQUENCE; Schema: public; Owner: kieran_user
--

ALTER TABLE public.services_serviceschedule_completed_services ALTER COLUMN id ADD GENERATED BY DEFAULT AS IDENTITY (
    SEQUENCE NAME public.services_serviceschedule_completed_services_id_seq
    START WITH 1
    INCREMENT BY 1
    NO MINVALUE
    NO MAXVALUE
    CACHE 1
);


--
-- Name: services_serviceschedule_id_seq; Type: SEQUENCE; Schema: public; Owner: kieran_user
--

ALTER TABLE public.services_serviceschedule ALTER COLUMN id ADD GENERATED BY DEFAULT AS IDENTITY (
    SEQUENCE NAME public.services_serviceschedule_id_seq
    START WITH 1
    INCREMENT BY 1
    NO MINVALUE
    NO MAXVALUE
    CACHE 1
);


--
-- Name: subscriptions_plan; Type: TABLE; Schema: public; Owner: kieran_user
--

CREATE TABLE public.subscriptions_plan (
    id bigint NOT NULL,
    name character varying(100) NOT NULL,
    description text,
    price numeric(10,2) NOT NULL,
    discount numeric(5,2) NOT NULL,
    duration character varying(20) NOT NULL,
    stripe_product_id character varying(255),
    stripe_price_id character varying(255),
    is_active boolean NOT NULL,
    created_at timestamp with time zone NOT NULL,
    updated_at timestamp with time zone NOT NULL
);


ALTER TABLE public.subscriptions_plan OWNER TO kieran_user;

--
-- Name: subscriptions_plan_id_seq; Type: SEQUENCE; Schema: public; Owner: kieran_user
--

ALTER TABLE public.subscriptions_plan ALTER COLUMN id ADD GENERATED BY DEFAULT AS IDENTITY (
    SEQUENCE NAME public.subscriptions_plan_id_seq
    START WITH 1
    INCREMENT BY 1
    NO MINVALUE
    NO MAXVALUE
    CACHE 1
);


--
-- Name: subscriptions_subscription; Type: TABLE; Schema: public; Owner: kieran_user
--

CREATE TABLE public.subscriptions_subscription (
    id bigint NOT NULL,
    stripe_customer_id character varying(255),
    stripe_subscription_id character varying(255),
    status character varying(20) NOT NULL,
    start_date timestamp with time zone NOT NULL,
    end_date timestamp with time zone NOT NULL,
    is_active boolean NOT NULL,
    created_at timestamp with time zone NOT NULL,
    updated_at timestamp with time zone NOT NULL,
    plan_id bigint NOT NULL,
    user_id bigint NOT NULL,
    is_trial boolean NOT NULL,
    auto_renew boolean NOT NULL
);


ALTER TABLE public.subscriptions_subscription OWNER TO kieran_user;

--
-- Name: subscriptions_subscription_id_seq; Type: SEQUENCE; Schema: public; Owner: kieran_user
--

ALTER TABLE public.subscriptions_subscription ALTER COLUMN id ADD GENERATED BY DEFAULT AS IDENTITY (
    SEQUENCE NAME public.subscriptions_subscription_id_seq
    START WITH 1
    INCREMENT BY 1
    NO MINVALUE
    NO MAXVALUE
    CACHE 1
);


--
-- Name: weather_rainalertsubscription; Type: TABLE; Schema: public; Owner: kieran_user
--

CREATE TABLE public.weather_rainalertsubscription (
    id bigint NOT NULL,
    city character varying(100) NOT NULL,
    is_active boolean NOT NULL,
    user_id bigint NOT NULL
);


ALTER TABLE public.weather_rainalertsubscription OWNER TO kieran_user;

--
-- Name: weather_rainalertsubscription_id_seq; Type: SEQUENCE; Schema: public; Owner: kieran_user
--

ALTER TABLE public.weather_rainalertsubscription ALTER COLUMN id ADD GENERATED BY DEFAULT AS IDENTITY (
    SEQUENCE NAME public.weather_rainalertsubscription_id_seq
    START WITH 1
    INCREMENT BY 1
    NO MINVALUE
    NO MAXVALUE
    CACHE 1
);


--
-- Data for Name: accounts_otp; Type: TABLE DATA; Schema: public; Owner: kieran_user
--

COPY public.accounts_otp (id, email, code, created_at, user_id) FROM stdin;
\.


--
-- Data for Name: accounts_user; Type: TABLE DATA; Schema: public; Owner: kieran_user
--

COPY public.accounts_user (id, password, last_login, stripe_customer_id, name, email, phone, address, latitude, longitude, role, is_active, is_staff, is_superuser, date_joined, landscaper_plan, plan_type) FROM stdin;
3	pbkdf2_sha256$600000$aaR7I5zplprd9Z1dWkod8s$lCM5U/gs96UJynJ5rPHlW7GcJRTng/t35kWM12HN3ac=	\N	\N	Sujon	mia35-801@diu.edu.bd	01710670341	Daffodil Smart City, Birulia 1216	23.877150599584006000	90.320277195333490000	client	t	f	f	2026-02-04 21:52:02.630753+06	\N	\N
7	pbkdf2_sha256$600000$QTqNylnlOwTwMAzLtBvLef$xzzGKOc9PXw+K7hlmHWodO3gkYOpw+DxGV4NlRoCN0I=	\N	cus_TyPanduFdRwIHH	Pilu	aitouristprojectdemo@outlook.com	01710670330	Tejgaon	23.759800000000000000	90.391300000000000000	landscaper	t	f	f	2026-02-14 02:14:18.879843+06	\N	\N
6	pbkdf2_sha256$600000$qI8zFcOtyncNz46knvOT7v$L3VmIXEH7SHMU6jy+keUzMa8L9/5bFPrMjtr9xpZgYw=	\N	cus_TyOi3TDzhp7ejk	Ayon	libro.bangla@gmail.com	01710670330	Mirpur 11	23.816800000000000000	90.367500000000000000	landscaper	t	f	f	2026-02-13 21:40:55.447965+06	\N	\N
28	pbkdf2_sha256$600000$73wa65eMx0MhuWVRR5aRZL$rDoIU5C1aHXjTcfnL8SzvrGyozFvX4f1QHM1jEMmAeA=	\N	cus_U0fArtDsK9ho2y	test	jabipok437@bitoini.com	8805800849877	Selected Location	23.779483318708170000	90.413372877037720000	landscaper	t	f	f	2026-02-20 02:26:40.226033+06	\N	\N
9	pbkdf2_sha256$600000$lvJUBWjygxOyqqYPFBwcht$/ZtYbMVaPGyrrXwWarkNaASjrC4d69DAVFfVSphxX6I=	\N	cus_U0I1m1BQqXFrTT	Ankon	ankon35744@gmail.com	01710670330	Gazipur	23.688300000000000000	90.443200000000000000	landscaper	t	f	f	2026-02-19 02:32:22.712082+06	\N	\N
1	pbkdf2_sha256$600000$fITXrq4XdoEMZEyRY2zWZB$m4fFyjfKnDl+6q8SaPvFKtsMkDbxY1O9lZeaespXHDs=	\N	cus_TuyTog9NVLudLg	Sujon	mdabrahon926@gmail.com	01710670341	Mirpur, Dhaka 1213, Bangladesh	\N	\N	landscaper	t	f	f	2026-02-04 21:25:49.674301+06	\N	\N
29	pbkdf2_sha256$600000$4m3ELvCXytnxoLLzWfEhmY$QwkC0nQ4HbmBGFQj5PJNuViR1f0t7CJ60Cs+mVlSBrk=	\N	cus_U0fGyAq7eurzYz	fffvvv	fopeva2187@amiralty.com	8805848484848	Selected Location	23.778487194852170000	90.415092737143150000	landscaper	t	f	f	2026-02-20 02:34:55.881741+06	\N	\N
30	pbkdf2_sha256$600000$MjIdl7e6dRWAwQsQgy1Xld$NueRmI/nYuaLlzUPIAY43bMFASg6STTJvtmgH3ImnAo=	\N	\N	ggguuummmmmm	wipares659@dolofan.com	880122698874	Selected Location	23.779515904480470000	90.413977636898680000	client	t	f	f	2026-02-25 01:58:22.041717+06	\N	\N
31	pbkdf2_sha256$600000$VwnuFo9c2zm3gXXkEncvtM$ITgAbJXmEO48PcBIJqGNT1wqZPlOOc2Y4zl+JnZmjmw=	\N	\N	oktest	vivem97408@hutudns.com	880085554664	Selected Location	23.780422666970490000	90.412500000000000000	client	t	f	f	2026-02-25 02:29:26.178609+06	\N	\N
32	pbkdf2_sha256$600000$CRviM9c5tj0muXPHqfvfLk$78vD8YG43if0Y4sBEdzSA9+oGK3xMpcirjrfR5fPF14=	\N	cus_U2kl6sllCT1P82	Mehedi Hasan	mehedihasan.mehedi607@gmail.com	8801723547019	ঢাকা	23.764386300000000000	90.389014400000000000	landscaper	t	f	f	2026-02-25 16:21:56.08785+06	\N	\N
2	pbkdf2_sha256$600000$qojo8N9hRmkPPvwwBhCQue$J2WRHQs5i4Mu65RDIc8C+JSeEzewi7XSWnAdTv3sbBc=	2026-03-02 22:28:06.555834+06	\N	Admin	admin@gmail.com	\N	\N	\N	\N	admin	t	t	t	2026-02-04 21:35:13.551943+06	\N	\N
25	pbkdf2_sha256$600000$WSGWduFGOjbp4imZlWY4I7$ycGZFn30iSSPEpZkc4LE3Ya1IljcsZBnTATUZVJssEQ=	\N	cus_U0cixgnju5VEWf	subscription	vogew64261@bitoini.com	88064949498444	Selected Location	23.780422666970490000	90.412500000000000000	landscaper	t	f	f	2026-02-19 23:55:04.043536+06	\N	\N
4	pbkdf2_sha256$600000$Y403NLdq3WUm77EY6YRODw$32CJklmuOcbxdwE1WR4KuwwDTVXxtuo6j1ASF0HxtAI=	\N	\N	Antu	antubhatta09@gmail.com	01710670341	Mohakhali	23.877150599584006000	90.320277195333490000	client	t	f	f	2026-02-05 03:46:43.481932+06	\N	\N
11	pbkdf2_sha256$600000$fEIJlSvLuoBHkOSaj6QEzc$gbT+NrXG7GXdLHQYGKMHPU2KoUWZwNg5gajcNEDnxEw=	\N	cus_U0KU3kT9JtBfTd	Herok	emamulmuttakinherok@gmail.com	01710670330	Gazipur	23.688300000000000000	90.443200000000000000	landscaper	t	f	f	2026-02-19 05:06:02.93471+06	\N	\N
8	pbkdf2_sha256$600000$AdncwVM0UbejPUllg8TUYv$N7X1nnJFwysAGtSxXvbu0h9wWW9U2aWd8uuJk2bIwg8=	\N	\N	Jahid	jahidislam1204.bd@gmail.com	01710670330	Jurain	23.688300000000000000	90.443200000000000000	client	t	f	f	2026-02-14 02:38:13.98004+06	\N	\N
5	pbkdf2_sha256$600000$K6uhXHwpcKZskGobeaVGDb$TXoUi96hhG5oaNUDoeeuQoFV1lYfw3stNJYQUknsT5I=	\N	cus_TvQqvuz2VAEs8X	Bahar	baharkhan.dev@gmail.com	01710670330	Mirpur	23.877150599584006000	90.320277195333490000	client	t	f	f	2026-02-05 04:47:35.369977+06	\N	\N
\.


--
-- Data for Name: accounts_user_groups; Type: TABLE DATA; Schema: public; Owner: kieran_user
--

COPY public.accounts_user_groups (id, user_id, group_id) FROM stdin;
\.


--
-- Data for Name: accounts_user_user_permissions; Type: TABLE DATA; Schema: public; Owner: kieran_user
--

COPY public.accounts_user_user_permissions (id, user_id, permission_id) FROM stdin;
\.


--
-- Data for Name: accounts_userreport; Type: TABLE DATA; Schema: public; Owner: kieran_user
--

COPY public.accounts_userreport (id, note, created_at, reported_user_id, reporter_id) FROM stdin;
2	The landscaper did not complete the job properly.	2026-02-21 07:45:09.66468+06	6	3
3	The landscaper did not complete the job properly.	2026-02-21 07:45:32.340734+06	6	3
4	huu	2026-02-21 08:06:21.46987+06	5	1
\.


--
-- Data for Name: auth_group; Type: TABLE DATA; Schema: public; Owner: kieran_user
--

COPY public.auth_group (id, name) FROM stdin;
\.


--
-- Data for Name: auth_group_permissions; Type: TABLE DATA; Schema: public; Owner: kieran_user
--

COPY public.auth_group_permissions (id, group_id, permission_id) FROM stdin;
\.


--
-- Data for Name: auth_permission; Type: TABLE DATA; Schema: public; Owner: kieran_user
--

COPY public.auth_permission (id, name, content_type_id, codename) FROM stdin;
1	Can add log entry	1	add_logentry
2	Can change log entry	1	change_logentry
3	Can delete log entry	1	delete_logentry
4	Can view log entry	1	view_logentry
5	Can add permission	2	add_permission
6	Can change permission	2	change_permission
7	Can delete permission	2	delete_permission
8	Can view permission	2	view_permission
9	Can add group	3	add_group
10	Can change group	3	change_group
11	Can delete group	3	delete_group
12	Can view group	3	view_group
13	Can add content type	4	add_contenttype
14	Can change content type	4	change_contenttype
15	Can delete content type	4	delete_contenttype
16	Can view content type	4	view_contenttype
17	Access admin page	5	view
18	Can add user	6	add_user
19	Can change user	6	change_user
20	Can delete user	6	delete_user
21	Can view user	6	view_user
22	Can add otp	7	add_otp
23	Can change otp	7	change_otp
24	Can delete otp	7	delete_otp
25	Can view otp	7	view_otp
26	Can add client profile	8	add_clientprofile
27	Can change client profile	8	change_clientprofile
28	Can delete client profile	8	delete_clientprofile
29	Can view client profile	8	view_clientprofile
30	Can add landscaper profilies	9	add_landscaperprofilies
31	Can change landscaper profilies	9	change_landscaperprofilies
32	Can delete landscaper profilies	9	delete_landscaperprofilies
33	Can view landscaper profilies	9	view_landscaperprofilies
34	Can add admin profile	10	add_adminprofile
35	Can change admin profile	10	change_adminprofile
36	Can delete admin profile	10	delete_adminprofile
37	Can view admin profile	10	view_adminprofile
38	Can add worker profile	11	add_workerprofile
39	Can change worker profile	11	change_workerprofile
40	Can delete worker profile	11	delete_workerprofile
41	Can view worker profile	11	view_workerprofile
42	Can add contact message	12	add_contactmessage
43	Can change contact message	12	change_contactmessage
44	Can delete contact message	12	delete_contactmessage
45	Can view contact message	12	view_contactmessage
46	Can add chat thread	13	add_chatthread
47	Can change chat thread	13	change_chatthread
48	Can delete chat thread	13	delete_chatthread
49	Can view chat thread	13	view_chatthread
50	Can add message	14	add_message
51	Can change message	14	change_message
52	Can delete message	14	delete_message
53	Can view message	14	view_message
54	Can add plan	15	add_plan
55	Can change plan	15	change_plan
56	Can delete plan	15	delete_plan
57	Can view plan	15	view_plan
58	Can add subscription	16	add_subscription
59	Can change subscription	16	change_subscription
60	Can delete subscription	16	delete_subscription
61	Can view subscription	16	view_subscription
62	Can add service	17	add_service
63	Can change service	17	change_service
64	Can delete service	17	delete_service
65	Can view service	17	view_service
66	Can add working hours	18	add_workinghours
67	Can change working hours	18	change_workinghours
68	Can delete working hours	18	delete_workinghours
69	Can view working hours	18	view_workinghours
70	Can add landscaper profile	19	add_landscaperprofile
71	Can change landscaper profile	19	change_landscaperprofile
72	Can delete landscaper profile	19	delete_landscaperprofile
73	Can view landscaper profile	19	view_landscaperprofile
74	Can add rain alert subscription	20	add_rainalertsubscription
75	Can change rain alert subscription	20	change_rainalertsubscription
76	Can delete rain alert subscription	20	delete_rainalertsubscription
77	Can view rain alert subscription	20	view_rainalertsubscription
78	Can add property	21	add_property
79	Can change property	21	change_property
80	Can delete property	21	delete_property
81	Can view property	21	view_property
82	Can add team invitation	22	add_teaminvitation
83	Can change team invitation	22	change_teaminvitation
84	Can delete team invitation	22	delete_teaminvitation
85	Can view team invitation	22	view_teaminvitation
86	Can add landscaper qr code	23	add_landscaperqrcode
87	Can change landscaper qr code	23	change_landscaperqrcode
88	Can delete landscaper qr code	23	delete_landscaperqrcode
89	Can view landscaper qr code	23	view_landscaperqrcode
90	Can add service booking	24	add_servicebooking
91	Can change service booking	24	change_servicebooking
92	Can delete service booking	24	delete_servicebooking
93	Can view service booking	24	view_servicebooking
94	Can add connection request	25	add_connectionrequest
95	Can change connection request	25	change_connectionrequest
96	Can delete connection request	25	delete_connectionrequest
97	Can view connection request	25	view_connectionrequest
98	Can add job	26	add_job
99	Can change job	26	change_job
100	Can delete job	26	delete_job
101	Can view job	26	view_job
102	Can add landscaper review	27	add_landscaperreview
103	Can change landscaper review	27	change_landscaperreview
104	Can delete landscaper review	27	delete_landscaperreview
105	Can view landscaper review	27	view_landscaperreview
106	Can add client service preference	28	add_clientservicepreference
107	Can change client service preference	28	change_clientservicepreference
108	Can delete client service preference	28	delete_clientservicepreference
109	Can view client service preference	28	view_clientservicepreference
110	Can add service schedule	29	add_serviceschedule
111	Can change service schedule	29	change_serviceschedule
112	Can delete service schedule	29	delete_serviceschedule
113	Can view service schedule	29	view_serviceschedule
114	Can add client service	30	add_clientservice
115	Can change client service	30	change_clientservice
116	Can delete client service	30	delete_clientservice
117	Can view client service	30	view_clientservice
118	Can add schedule completion image	31	add_schedulecompletionimage
119	Can change schedule completion image	31	change_schedulecompletionimage
120	Can delete schedule completion image	31	delete_schedulecompletionimage
121	Can view schedule completion image	31	view_schedulecompletionimage
122	Can add session	32	add_session
123	Can change session	32	change_session
124	Can delete session	32	delete_session
125	Can view session	32	view_session
126	Can add landscaper profile	33	add_landscaperprofile
127	Can change landscaper profile	33	change_landscaperprofile
128	Can delete landscaper profile	33	delete_landscaperprofile
129	Can view landscaper profile	33	view_landscaperprofile
130	Can add notification	34	add_notification
131	Can change notification	34	change_notification
132	Can delete notification	34	delete_notification
133	Can view notification	34	view_notification
134	Can add notification settings	35	add_notificationsettings
135	Can change notification settings	35	change_notificationsettings
136	Can delete notification settings	35	delete_notificationsettings
137	Can view notification settings	35	view_notificationsettings
138	Can add user report	36	add_userreport
139	Can change user report	36	change_userreport
140	Can delete user report	36	delete_userreport
141	Can view user report	36	view_userreport
142	Can add periodic task track	37	add_periodictasks
143	Can change periodic task track	37	change_periodictasks
144	Can delete periodic task track	37	delete_periodictasks
145	Can view periodic task track	37	view_periodictasks
146	Can add crontab	38	add_crontabschedule
147	Can change crontab	38	change_crontabschedule
148	Can delete crontab	38	delete_crontabschedule
149	Can view crontab	38	view_crontabschedule
150	Can add interval	39	add_intervalschedule
151	Can change interval	39	change_intervalschedule
152	Can delete interval	39	delete_intervalschedule
153	Can view interval	39	view_intervalschedule
154	Can add clocked	40	add_clockedschedule
155	Can change clocked	40	change_clockedschedule
156	Can delete clocked	40	delete_clockedschedule
157	Can view clocked	40	view_clockedschedule
158	Can add periodic task	41	add_periodictask
159	Can change periodic task	41	change_periodictask
160	Can delete periodic task	41	delete_periodictask
161	Can view periodic task	41	view_periodictask
162	Can add solar event	42	add_solarschedule
163	Can change solar event	42	change_solarschedule
164	Can delete solar event	42	delete_solarschedule
165	Can view solar event	42	view_solarschedule
166	Can add add on service	43	add_addonservice
167	Can change add on service	43	change_addonservice
168	Can delete add on service	43	delete_addonservice
169	Can view add on service	43	view_addonservice
170	Can add business profile	44	add_businessprofile
171	Can change business profile	44	change_businessprofile
172	Can delete business profile	44	delete_businessprofile
173	Can view business profile	44	view_businessprofile
174	Can add client custom service	45	add_clientcustomservice
175	Can change client custom service	45	change_clientcustomservice
176	Can delete client custom service	45	delete_clientcustomservice
177	Can view client custom service	45	view_clientcustomservice
178	Can add addon	46	add_addon
179	Can change addon	46	change_addon
180	Can delete addon	46	delete_addon
181	Can view addon	46	view_addon
182	Can add business profile	33	add_businessprofile
183	Can change business profile	33	change_businessprofile
184	Can delete business profile	33	delete_businessprofile
185	Can view business profile	33	view_businessprofile
\.


--
-- Data for Name: bookings_servicebooking; Type: TABLE DATA; Schema: public; Owner: kieran_user
--

COPY public.bookings_servicebooking (id, agreed_price, status, payment_status, scheduled_time, scheduled_date, completed_at, created_at, stripe_payment_id, client_id, landscaper_id, service_id) FROM stdin;
\.


--
-- Data for Name: chat_contactmessage; Type: TABLE DATA; Schema: public; Owner: kieran_user
--

COPY public.chat_contactmessage (id, name, message, category, status, admin_reply, created_at, replied_at, user_id) FROM stdin;
\.


--
-- Data for Name: connections_connectionrequest; Type: TABLE DATA; Schema: public; Owner: kieran_user
--

COPY public.connections_connectionrequest (id, is_accepted, already_sent, created_at, receiver_id, schedule_id, sender_id) FROM stdin;
36	f	t	2026-02-25 02:32:16.978669+06	1	\N	31
1	t	t	2026-02-05 02:31:24.610835+06	1	1	3
37	t	t	2026-02-25 02:59:09.431112+06	8	6	6
9	t	t	2026-02-15 02:30:25.932366+06	4	2	1
32	\N	t	2026-02-22 01:20:09.850053+06	8	\N	1
\.


--
-- Data for Name: django_admin_log; Type: TABLE DATA; Schema: public; Owner: kieran_user
--

COPY public.django_admin_log (id, action_time, object_id, object_repr, action_flag, change_message, content_type_id, user_id) FROM stdin;
1	2026-02-22 03:44:20.171621+06	1	every 5 minutes	1	[{"added": {}}]	39	2
2	2026-02-22 03:52:01.548264+06	4	Send Job Reminders: every 5 minutes	1	[{"added": {}}]	41	2
\.


--
-- Data for Name: django_celery_beat_clockedschedule; Type: TABLE DATA; Schema: public; Owner: kieran_user
--

COPY public.django_celery_beat_clockedschedule (id, clocked_time) FROM stdin;
\.


--
-- Data for Name: django_celery_beat_crontabschedule; Type: TABLE DATA; Schema: public; Owner: kieran_user
--

COPY public.django_celery_beat_crontabschedule (id, minute, hour, day_of_month, month_of_year, day_of_week, timezone) FROM stdin;
1	0	4	*	*	*	UTC
2	*/10	*	*	*	*	UTC
\.


--
-- Data for Name: django_celery_beat_intervalschedule; Type: TABLE DATA; Schema: public; Owner: kieran_user
--

COPY public.django_celery_beat_intervalschedule (id, every, period) FROM stdin;
1	5	minutes
\.


--
-- Data for Name: django_celery_beat_periodictask; Type: TABLE DATA; Schema: public; Owner: kieran_user
--

COPY public.django_celery_beat_periodictask (id, name, task, args, kwargs, queue, exchange, routing_key, headers, priority, expires, expire_seconds, one_off, start_time, enabled, last_run_at, total_run_count, date_changed, description, clocked_id, crontab_id, interval_id, solar_id) FROM stdin;
1	celery.backend_cleanup	celery.backend_cleanup	[]	{}	\N	\N	\N	{}	\N	\N	43200	f	\N	t	\N	0	2026-02-22 03:39:57.072634+06		\N	1	\N	\N
2	job-reminders	notifications.tasks.send_job_reminders	[]	{}	\N	\N	\N	{}	\N	\N	\N	f	\N	t	2026-02-22 04:10:00.013292+06	4	2026-02-22 04:10:20.053594+06		\N	2	\N	\N
3	client-service-reminders	notifications.tasks.send_client_service_reminders	[]	{}	\N	\N	\N	{}	\N	\N	\N	f	\N	t	2026-02-22 04:10:00.004312+06	4	2026-02-22 04:10:20.05595+06		\N	2	\N	\N
4	Send Job Reminders	notifications.tasks.send_job_reminders	[]	{}	\N	\N	\N	{}	\N	\N	\N	f	\N	t	2026-02-22 04:17:01.566085+06	5	2026-02-22 04:17:06.587392+06	hi	\N	\N	1	\N
\.


--
-- Data for Name: django_celery_beat_periodictasks; Type: TABLE DATA; Schema: public; Owner: kieran_user
--

COPY public.django_celery_beat_periodictasks (ident, last_update) FROM stdin;
1	2026-02-22 03:52:01.547505+06
\.


--
-- Data for Name: django_celery_beat_solarschedule; Type: TABLE DATA; Schema: public; Owner: kieran_user
--

COPY public.django_celery_beat_solarschedule (id, event, latitude, longitude) FROM stdin;
\.


--
-- Data for Name: django_content_type; Type: TABLE DATA; Schema: public; Owner: kieran_user
--

COPY public.django_content_type (id, app_label, model) FROM stdin;
1	admin	logentry
2	auth	permission
3	auth	group
4	contenttypes	contenttype
5	django_rq	queue
6	accounts	user
7	accounts	otp
8	profiles	clientprofile
9	profiles	landscaperprofilies
10	profiles	adminprofile
11	profiles	workerprofile
12	chat	contactmessage
13	message	chatthread
14	message	message
15	subscriptions	plan
16	subscriptions	subscription
17	landscapers	service
18	landscapers	workinghours
19	landscapers	landscaperprofile
20	weather	rainalertsubscription
21	property	property
22	invitations	teaminvitation
23	qr	landscaperqrcode
24	bookings	servicebooking
25	connections	connectionrequest
26	jobs	job
27	reviews	landscaperreview
28	services	clientservicepreference
29	services	serviceschedule
30	services	clientservice
31	services	schedulecompletionimage
32	sessions	session
34	notifications	notification
35	notifications	notificationsettings
36	accounts	userreport
37	django_celery_beat	periodictasks
38	django_celery_beat	crontabschedule
39	django_celery_beat	intervalschedule
40	django_celery_beat	clockedschedule
41	django_celery_beat	periodictask
42	django_celery_beat	solarschedule
43	services	addonservice
44	landscapers	businessprofile
45	landscapers	clientcustomservice
46	landscapers	addon
33	profiles	businessprofile
\.


--
-- Data for Name: django_migrations; Type: TABLE DATA; Schema: public; Owner: kieran_user
--

COPY public.django_migrations (id, app, name, applied) FROM stdin;
1	contenttypes	0001_initial	2026-02-04 06:59:52.655072+06
2	contenttypes	0002_remove_content_type_name	2026-02-04 06:59:52.664714+06
3	auth	0001_initial	2026-02-04 06:59:52.677322+06
4	auth	0002_alter_permission_name_max_length	2026-02-04 06:59:52.680354+06
5	auth	0003_alter_user_email_max_length	2026-02-04 06:59:52.683834+06
6	auth	0004_alter_user_username_opts	2026-02-04 06:59:52.687064+06
7	auth	0005_alter_user_last_login_null	2026-02-04 06:59:52.689831+06
8	auth	0006_require_contenttypes_0002	2026-02-04 06:59:52.690877+06
9	auth	0007_alter_validators_add_error_messages	2026-02-04 06:59:52.693597+06
10	auth	0008_alter_user_username_max_length	2026-02-04 06:59:52.696634+06
11	auth	0009_alter_user_last_name_max_length	2026-02-04 06:59:52.699487+06
12	auth	0010_alter_group_name_max_length	2026-02-04 06:59:52.703705+06
13	auth	0011_update_proxy_permissions	2026-02-04 06:59:52.712328+06
14	auth	0012_alter_user_first_name_max_length	2026-02-04 06:59:52.71552+06
15	accounts	0001_initial	2026-02-04 06:59:52.731246+06
16	admin	0001_initial	2026-02-04 06:59:52.739688+06
17	admin	0002_logentry_remove_auto_add	2026-02-04 06:59:52.744003+06
18	admin	0003_logentry_add_action_flag_choices	2026-02-04 06:59:52.748451+06
19	django_rq	0001_initial	2026-02-04 06:59:52.750374+06
20	landscapers	0001_initial	2026-02-04 06:59:52.77016+06
21	profiles	0001_initial	2026-02-04 07:02:34.076615+06
22	services	0001_initial	2026-02-04 07:03:56.265398+06
23	sessions	0001_initial	2026-02-04 07:05:17.409441+06
24	connections	0001_initial	2026-02-04 21:38:51.886136+06
25	reviews	0001_initial	2026-02-04 21:40:16.554067+06
26	accounts	0002_alter_user_latitude_alter_user_longitude	2026-02-04 21:50:41.420765+06
27	property	0001_initial	2026-02-04 21:55:05.977411+06
28	subscriptions	0001_initial	2026-02-04 21:58:33.651211+06
29	profiles	0002_remove_landscaperprofilies_plan	2026-02-04 22:24:11.964528+06
30	landscapers	0002_alter_landscaperprofile_latitude_and_more	2026-02-04 23:08:24.223672+06
31	landscapers	0003_alter_service_latitude_alter_service_longitude	2026-02-04 23:21:30.839192+06
32	services	0002_alter_clientservice_landscaper	2026-02-05 03:03:01.807671+06
33	services	0003_serviceschedule_payment_status_and_more	2026-02-06 02:27:28.267423+06
34	profiles	0003_landscaperprofilies_stripe_account_id	2026-02-06 02:33:25.213721+06
35	profiles	0004_alter_landscaperprofilies_user_landscaperprofile	2026-02-06 04:40:54.823433+06
36	notifications	0001_initial	2026-02-07 01:39:14.602956+06
37	services	0004_serviceschedule_completion_note	2026-02-08 07:01:24.745372+06
38	qr	0001_initial	2026-02-14 01:55:46.128744+06
39	profiles	0005_landscaperprofilies_plan	2026-02-14 03:42:15.232539+06
40	message	0001_initial	2026-02-14 23:01:14.0107+06
41	services	0005_serviceschedule_completed_services_and_more	2026-02-15 01:38:35.447733+06
42	services	0006_remove_serviceschedule_price	2026-02-15 02:54:55.78116+06
43	weather	0001_initial	2026-02-15 05:43:37.633937+06
44	invitations	0001_initial	2026-02-18 04:24:30.165658+06
45	chat	0001_initial	2026-02-18 04:25:23.963908+06
46	subscriptions	0002_subscription_is_trial	2026-02-19 02:15:15.000466+06
47	bookings	0001_initial	2026-02-19 04:28:38.171067+06
48	jobs	0001_initial	2026-02-19 05:02:51.615354+06
49	accounts	0003_user_landscaper_plan_user_plan_type	2026-02-19 22:42:26.242683+06
50	subscriptions	0003_subscription_auto_renew	2026-02-20 01:10:03.654309+06
51	services	0007_schedulecompletionimage_image_type	2026-02-20 02:26:30.233963+06
52	accounts	0004_userreport	2026-02-21 03:13:04.574395+06
53	profiles	0006_clientprofile_calendar_sync_enabled_and_more	2026-02-21 05:52:43.525939+06
54	django_celery_beat	0001_initial	2026-02-22 02:21:55.10889+06
55	profiles	0007_rename_calendar_sync_enabled_clientprofile_calendar_sync_and_more	2026-02-22 03:22:05.301077+06
56	services	0008_addonservice	2026-02-23 05:49:18.682942+06
57	services	0009_addonservice_client_alter_addonservice_name_and_more	2026-02-23 07:22:55.345542+06
58	services	0010_alter_addonservice_client	2026-02-23 07:28:35.417103+06
59	landscapers	0004_alter_landscaperprofile_latitude_and_more	2026-02-24 01:45:34.446663+06
60	landscapers	0005_alter_service_latitude_alter_service_longitude	2026-02-24 01:50:18.455675+06
61	landscapers	0006_remove_service_add_ons_remove_service_custom_service_and_more	2026-02-24 02:53:45.927308+06
62	landscapers	0007_alter_service_standard_service	2026-02-24 23:03:15.859212+06
63	landscapers	0008_alter_service_time	2026-02-24 23:29:04.693459+06
64	landscapers	0009_alter_service_price_alter_service_rate_type_and_more	2026-02-24 23:48:57.530569+06
65	landscapers	0010_service_is_pinned	2026-02-25 00:18:50.99428+06
66	landscapers	0011_businessprofile	2026-03-03 01:58:39.097297+06
67	landscapers	0011_businessprofile_alter_service_options_and_more	2026-03-03 04:01:24.56878+06
68	landscapers	0012_clientcustomservice_and_more	2026-03-03 04:14:27.746082+06
69	landscapers	0013_addon_addon_unique_addon_per_business	2026-03-03 04:19:19.773807+06
70	bookings	0002_alter_servicebooking_landscaper	2026-03-03 05:48:28.626439+06
71	invitations	0002_alter_teaminvitation_landscaper	2026-03-03 05:48:28.64832+06
72	landscapers	0014_remove_landscaperprofile_user_and_more	2026-03-03 05:50:48.654131+06
73	qr	0002_alter_landscaperqrcode_landscaper	2026-03-03 05:59:44.668418+06
74	profiles	0008_rename_landscaperprofile_businessprofile_and_more	2026-03-03 05:59:44.725328+06
75	landscapers	0015_delete_landscaperprofile	2026-03-03 05:59:44.728302+06
\.


--
-- Data for Name: django_session; Type: TABLE DATA; Schema: public; Owner: kieran_user
--

COPY public.django_session (session_key, session_data, expire_date) FROM stdin;
wzigjbifqlj6js10ax5y0hprke65owuk	.eJw1jzsOwyAMhq9SMVcRBBKcTj1Atx6gQmAlUXhEPNQhyt0LVevF9v99HnyQHb1Z_fwqCSO5HQSdWi25te6KdSVnta1-wRi2-9xYp4MjV-KVw6p9QV13ldI7RFMj1nMxjBJaugTfLABKYRAAIESNlTERU6rgiRZ1RnN5BK3yGnyltg65mHbX805KmEY2UDZOIGmrpgQ__52JdoJxLiWbGPSMw8-JwTZslTdJq71-d54fBKdItA:1vsp2r:h_SKLr__QDfNn6dcJNC7H7qWfa5yN2DsGIUguowKpUg	2026-03-05 03:25:17.556343+06
oshwn1x0jlvxavhpb2op72ihuqho0zh9	.eJw1jzsOwyAMhq9SMVcRBBKcTj1Atx6gQmAlUXhEPNQhyt0LVevF9v99HnyQHb1Z_fwqCSO5HQSdWi25te6KdSVnta1-wRi2-9xYp4MjV-KVw6p9QV13ldI7RFMj1nMxjBJaugTfLABKYRAAIESNlTERU6rgiRZ1RnN5BK3yGnyltg65mHbX805KmEY2UDZOIGmrpgQ__52JdoJxLiWbGPSMw8-JwTZslTdJq71-d54fBKdItA:1vsp2s:3PCfkryfeqTWt5FBndJjdMCLJS6d8ClyLNrYJ3h5KQY	2026-03-05 03:25:18.750229+06
icycp13r4eoh2neo4fs2a39lrwy8ltz3	.eJxVjMsOwiAQRf-FtSFQGB4u3fsNZIBBqgaS0q6M_65NutDtPefcFwu4rTVsg5YwZ3ZmEzv9bhHTg9oO8h3brfPU27rMke8KP-jg157peTncv4OKo35rqT1GoiyzsaTTZKAIlOTBo6JCoLQEQCAldRGOipFOqJisyt4YtI69P_IjN90:1vtuiY:DJwK3r7lf5YfYol9t1DiJsvQqjU-7KNA8KBgpl7Tssw	2026-03-08 03:40:50.470077+06
lsnsw1u7ldvnxoagrhtkycg8x0ypvqu5	.eJxVjMsOwiAQRf-FtSFQGB4u3fsNZIBBqgaS0q6M_65NutDtPefcFwu4rTVsg5YwZ3ZmEzv9bhHTg9oO8h3brfPU27rMke8KP-jg157peTncv4OKo35rqT1GoiyzsaTTZKAIlOTBo6JCoLQEQCAldRGOipFOqJisyt4YtI69P_IjN90:1vx67q:Jmv_w6BQiIPIAUBTVzaf5i0WfvrwLcmp0d8eAAtrRVk	2026-03-16 22:28:06.576982+06
\.


--
-- Data for Name: invitations_teaminvitation; Type: TABLE DATA; Schema: public; Owner: kieran_user
--

COPY public.invitations_teaminvitation (id, email, token, status, expires_at, accepted_at, created_at, inviter_id, landscaper_id) FROM stdin;
1	teamaithunder@gmail.com	ace27235-3bd8-4168-9338-12272961a788	pending	2026-02-25 04:31:19.509377+06	\N	2026-02-18 04:31:19.509516+06	1	1
2	mia35-801@diu.edu.bd	3cafd379-0734-4680-ab38-f21ae447256b	pending	2026-02-25 04:39:17.78238+06	\N	2026-02-18 04:39:17.78249+06	1	1
\.


--
-- Data for Name: jobs_job; Type: TABLE DATA; Schema: public; Owner: kieran_user
--

COPY public.jobs_job (id, date, start_time, end_time, status, final_price, is_reduced, images, notes, created_at, updated_at, client_id, landscaper_id, property_id) FROM stdin;
\.


--
-- Data for Name: landscapers_addon; Type: TABLE DATA; Schema: public; Owner: kieran_user
--

COPY public.landscapers_addon (id, name, price, applicable_service_ids, created_at, updated_at, business_id) FROM stdin;
\.


--
-- Data for Name: landscapers_businessprofile; Type: TABLE DATA; Schema: public; Owner: kieran_user
--

COPY public.landscapers_businessprofile (id, business_name, business_email, business_phone, tagline, description, latitude, longitude, profile_image, quickbooks_connected, insurance_doc, license_doc, is_profile_completed, created_at, updated_at, user_id) FROM stdin;
1	My Landscaper Co	asad@gmail.com	+8801712345678	Best lawns ever	Full service	23.781129556072347000	90.416572006488540000	image/upload/v1772484256/xeky09yowahuoahjyizp.jpg	f	\N	\N	f	2026-03-03 02:44:13.61241+06	2026-03-03 02:44:16.737864+06	1
\.


--
-- Data for Name: landscapers_clientcustomservice; Type: TABLE DATA; Schema: public; Owner: kieran_user
--

COPY public.landscapers_clientcustomservice (id, name, description, price, is_active, created_at, updated_at, client_id) FROM stdin;
\.


--
-- Data for Name: landscapers_service; Type: TABLE DATA; Schema: public; Owner: kieran_user
--

COPY public.landscapers_service (id, description, category, latitude, longitude, price, created_at, updated_at, landscaper_id, is_active, rate_type, standard_service, "time", is_pinned, business_id) FROM stdin;
1	Updated lawn renovation service	custom	23.780422666970495000	90.415799530330030000	500.00	2026-02-04 23:21:35.952991+06	2026-02-07 04:30:14.403362+06	1	t	flat	\N	1.00	f	1
2	Complete lawn renovation including soil preparation, planting, and fertilization	custom	23.780422666970495000	90.415799530330030000	4500.00	2026-02-08 00:35:50.138003+06	2026-02-08 00:35:50.138013+06	1	t	flat	\N	1.00	f	1
3	Complete lawn renovation including soil preparation, planting, and fertilization	custom	23.780422666970495000	90.415799530330030000	4500.00	2026-02-10 02:56:34.575146+06	2026-02-10 02:56:34.575157+06	1	t	flat	\N	1.00	f	1
4	Complete lawn renovation including soil preparation, planting, and fertilization	custom	23.780422666970495000	90.415799530330030000	4500.00	2026-02-14 02:52:10.85412+06	2026-02-14 02:52:10.854129+06	7	t	flat	\N	1.00	f	1
5	herok	custom	23.779676350359484000	90.413327563907190000	20.00	2026-02-20 02:41:06.05118+06	2026-02-20 02:41:06.051192+06	29	t	flat	\N	1.00	f	1
6	herok	custom	23.779676350359484000	90.413327563907190000	20.00	2026-02-20 02:55:36.330486+06	2026-02-20 02:55:36.330493+06	29	t	flat	\N	1.00	f	1
11	Complete patio landscaping with plants and seating	custom	\N	\N	500.00	2026-02-24 01:50:27.842788+06	2026-02-24 01:50:27.842797+06	6	t	flat	\N	1.00	f	1
12	\N	standard	\N	\N	125.00	2026-02-24 02:53:51.633861+06	2026-02-24 08:10:21.94681+06	6	f	hourly	lawn_mowing	1.50	f	1
13	\N	standard	\N	\N	100.00	2026-02-24 04:03:57.087304+06	2026-02-24 08:21:11.067137+06	1	t	flat	lawn_mowing	1.50	t	1
14	\N	standard	23.780000000000000000	90.415000000000000000	25.50	2026-02-24 23:32:45.504599+06	2026-02-25 01:13:48.211624+06	1	t	hourly	Lawn Mowing	1.50	t	1
15	\N	standard	\N	\N	25.50	2026-02-25 00:04:19.775244+06	2026-02-25 00:04:19.775254+06	1	t	hourly	Lawn Mowing	1.50	f	1
\.


--
-- Data for Name: landscapers_workinghours; Type: TABLE DATA; Schema: public; Owner: kieran_user
--

COPY public.landscapers_workinghours (id, day, start_time, end_time, landscaper_id) FROM stdin;
1	MONDAY	10:00:00	17:00:00	1
2	TUESDAY	10:00:00	17:00:00	1
3	FRIDAY	10:00:00	17:00:00	1
7	SUNDAY	16:00:00	17:00:00	1
\.


--
-- Data for Name: message_chatthread; Type: TABLE DATA; Schema: public; Owner: kieran_user
--

COPY public.message_chatthread (id, created_at, updated_at, client_id, landscaper_id) FROM stdin;
1	2026-02-21 06:52:21.880128+06	2026-02-21 06:52:21.880136+06	4	1
2	2026-02-21 07:06:40.417372+06	2026-02-21 07:06:40.41738+06	3	1
3	2026-02-23 23:57:58.904489+06	2026-02-23 23:57:58.904498+06	3	6
4	2026-02-23 23:58:41.58122+06	2026-02-23 23:58:41.581229+06	3	7
5	2026-02-25 02:49:35.961588+06	2026-02-25 02:49:35.961597+06	31	1
\.


--
-- Data for Name: message_message; Type: TABLE DATA; Schema: public; Owner: kieran_user
--

COPY public.message_message (id, text, file, seen_at, delivered_at, is_deleted_for_all, created_at, updated_at, sender_id, thread_id) FROM stdin;
1	huu	\N	\N	\N	f	2026-02-21 06:55:23.153127+06	2026-02-21 06:55:23.153137+06	1	1
2	koi	\N	\N	\N	f	2026-02-21 07:06:49.635143+06	2026-02-21 07:06:49.635151+06	1	2
3	bndnd	\N	\N	\N	f	2026-02-22 01:30:34.139325+06	2026-02-22 01:30:34.139332+06	1	2
4	koi	\N	\N	\N	f	2026-02-23 01:38:43.026352+06	2026-02-23 01:38:43.026362+06	1	2
5	/9j/4QDqRXhpZgAATU0AKgAAAAgABQEAAAQAAAABAAAEOAEBAAQAAAABAAAJYIdpAAQAAAABAAAAXgESAAMAAAABAAEAAAEyAAIAAAAUAAAASgAAAAAyMDI2OjAyOjE5IDEyOjQwOjQxAAADkAMAAgAAABQAAACIkAQAAgAAABQAAACckggAAwAAAAEAAAAAAAAAADIwMjY6MDI6MTkgMTI6NDA6NDEAMjAyNjowMjoxOSAxMjo0MDo0MQAAAgESAAMAAAABAAEAAAEyAAIAAAAUAAAAzgAAAAAyMDI2OjAyOjE5IDEyOjQwOjQxAP/gABBKRklGAAEBAAABAAEAAP/iAdhJQ0NfUFJPRklMRQABAQAAAcgAAAAABDAAAG1udHJSR0IgWFlaIAfgAAEAAQAAAAAAAGFjc3AAAAAAAAAAAAAAAAAAAAAAAAAAAAAAAAAAAAABAAD21gABAAAAANMtAAAAAAAAAAAAAAAAAAAAAAAAAAAAAAAAAAAAAAAAAAAAAAAAAAAAAAAAAAAAAAAAAAAACWRlc2MAAADwAAAAJHJYWVoAAAEUAAAAFGdYWVoAAAEoAAAAFGJYWVoAAAE8AAAAFHd0cHQAAAFQAAAAFHJUUkMAAAFkAAAAKGdUUkMAAAFkAAAAKGJUUkMAAAFkAAAAKGNwcnQAAAGMAAAAPG1sdWMAAAAAAAAAAQAAAAxlblVTAAAACAAAABwAcwBSAEcAQlhZWiAAAAAAAABvogAAOPUAAAOQWFlaIAAAAAAAAGKZAAC3hQAAGNpYWVogAAAAAAAAJKAAAA+EAAC2z1hZWiAAAAAAAAD21gABAAAAANMtcGFyYQAAAAAABAAAAAJmZgAA8qcAAA1ZAAAT0AAAClsAAAAAAAAAAG1sdWMAAAAAAAAAAQAAAAxlblVTAAAAIAAAABwARwBvAG8AZwBsAGUAIABJAG4AYwAuACAAMgAwADEANv/bAEMAEAsMDgwKEA4NDhIREBMYKBoYFhYYMSMlHSg6Mz08OTM4N0BIXE5ARFdFNzhQbVFXX2JnaGc+TXF5cGR4XGVnY//bAEMBERISGBUYLxoaL2NCOEJjY2NjY2NjY2NjY2NjY2NjY2NjY2NjY2NjY2NjY2NjY2NjY2NjY2NjY2NjY2NjY2NjY//AABEICWAEOAMBIgACEQEDEQH/xAAbAAEAAgMBAQAAAAAAAAAAAAAABAUCAwYBB//EAFAQAAEDAwADCQ0GBQQBAgYCAwABAgMEBRESITEGExVBUVOSsdEUFiIyNVRhcXJzkaHBNFKBotLhM0JVsvAjNmKC8STCQ0Rjg5PiJUWjZAf/xAAaAQEAAwEBAQAAAAAAAAAAAAAAAQIDBAUG/8QANREBAAIBAwMDBAEDAgUFAQAAAAECEQMSURMhMQQUQSIyUmEzI3GBQsEFkaGx8DRDctHh8f/aAAwDAQACEQMRAD8A74AEgAAAAAAAAAAAAAAAAAAAAAAAAAAAAAAAAAAAAAAAAAAAAAAAAAAAAAAAAAAAAAAAAAAAAAAAAAAAAAAAAAAAAAAAAAAAAAAAAAAAAAAAAAAAAAAAAAAAAAAAAAAAAAAAAAAAAAAAAAAAAAAAAAAAAAAAAAAAAAAAAAAAAAAAAAAAAAAAAAAAAAAAAAAAAAAAAAAAAAAAAAAAAAAAAAAAAAAAAAAAAAAAAAAAAAAAAAAAAAAAAAAAAAAAAAAAAAAAAAAAAAAAAAAAAAAAAAAAAAAAAAAAAAAAAAAAAAAAAAAAAAAAAAAAAAAAAAAAAAAAAAAAAAAAAAAAAAAAAAAAAAAAAAAAAAAAAAAAAAAAAAAAAAAAAAR66OWahnigdoyvjc1js4wqpqXIEevvVvtzkZU1CI/7jU0lT1omwmQTMqII5o1yyRqOaqpjUpwl8sDbTbY53zOlqJJdFy7GpqVTsrN5FofcM/tQDVcr5QWx2hUS5kxnQYmV/Y0UW6e2VkrYmyuie5cIkrcZ/HYaKPcvCy4z1VbJ3XpuyxHpy7VdykLdhaqKnt7KmCGOCRJEbhiaKORc8SAdaCpoJquXcxHLF4VUsC6GeNUTUR9y8t2kZUcJtkRqKm9rK3RXOvP4bAL4rK++2+3VG8VMqpJjSw1qrglXCsjoKKWplXwY0zjlXiQ+f1VNNVW2e81SrpzTo1np25X1akRPUB9EpqiOqp454lVY5E0mqqY1Gm4XGltsSSVcqMRfFTarvUhpsHkOi90hzLYu+HdbK2dVWngz4P8AxauMfioF1BustU0qMV8kWVwjnswnyLxqo5qOaqKiplFTjKS77nqGot0iU9NHDMxquY5jcZVOJeUj7ia11RbpKaR2Vp3Jo5+6uxPiigdIAAItXcaOiVqVVRHErtiOXWpH4ftXn0XxOS3XaK7oV31XJHoNyrUyqJjiN1v3N2+5R6VLdFcvGxYkRyetMgdPw/avPoviSKS5UVa5W0tTHK5EyqNXWcnW7lqG3xb5VXTe04kWPWvqTJRU8ksFei2t8zn62sdo+EuUwupMgfUUkYr1Yjmq9qZVudaIZHP7lrXWUKVE9cv+pPo+CrsuTGdvxOgAAAAAAAAAAAAAAAAAAAAAAAAAAAAAAAAAAAAAAAAAAAAAAAAAAAAAAAAAAAAAAAAAAAAAAAAAAAAAAAAAAAAAAABR126SCK1trqRu/MWfeVRdWNSqvy6wN99vUdop0XGnM/xGfVfQUTHbqLgm/wAblhYutEyjcoe1rErt3kdPN4UcejhF2amaXWdBeLvBaabTkw6R3iRptVewDnmbpLjapXU91g03I3LV2KvJ60LXcxU3Gtimqa5f9J6pvSYx68egqLZbZbvUOu13dinTwkR2pFRPoXMl+iYtsSmiR0NZK6NF2aKI5G5T4gXYItLcKesnqIYXKr6d+hImNi6+xSUANNVVQ0dO+eokRkbE1qp5WVcNFTPqKh6MjbtXl9Cek4iaWu3WXNIokWOmjXKIuxicq8qgXvfjbPu1HQTtHfjbPu1HQTtNncNgt7oKKeODfnJ4Kyty53pVfWbq2jsVBEklXTUsTVXCKse1fUBF78bZ92o6CdpZWy70l1Y51K9VVnjMcmFQxjtFpljbIyipnMciOaqMTWinPblGNi3R3CJiYY1r0ROREemAOyAKPdRdKi2UbO5o10pVVFk4mfuBNuN3ora3/wBRKiO4mN1uX8CgqN2zUVUpqTKcr3Ffb7BLWMWuuk6wQL4Wk9fCcSeE7Bb00KWiWocmrTdx/EDxu7aqR3hUsSp61J9JuzpZFRtTC+L/AJJrQgpuooXJiW1M0fRg2Mg3P3vwYVWjqF2Jsz2gdXTVMNVEktPI2Ri8bVNx89lhue5isR7HKsSrqcniv9CndUNQtXRQzujdGsjcqx21AJBV3e+0lp0WS6UkzkykbNuOVeQtDlrTEyr3VXOonaj3QO0WZ4teM/BANqbqKhUyllqlTl19g756n+i1Xz/SQq26VMLFk05pHOdhGMcu0j227VtXv2/SPYsb9HCPXV8zk9zGM4Y9aPOFr3z1P9Fqvn+kd89T/Rar5/pKRLvdat8jqJ/+ixcI5718JfRrJVBdqishVyyyskYui9umupSZ9TiM4J1cfCx756n+i1Xz/SO+ep/otV8/0lIl3utW+R1E/wD0WLhHSPXwl9GslW+7VFXCrlllZIxdF7dNdSifU4jOCdXHwtaTdVTS1SU9XTy0b3akWTZ+PIdAc3fYmVm5daiZqOmiRFa/jTwsL8ixttwhba7f3TOxks0bUaj3YVy4wdFZ3RlrE5jKzAI1fWw0FM6ed2GpsTjcvIhZLZLMyJ8bHL4UjtFqcam05zc9LNdLjPcajxWJvcTeJuduPw6zowAAAAAAAAAAAAAAAAAAAAADmd3XkqD36f2qXNm8jUPuGf2oU27ryVB79P7VLmzLiy0SrzDP7UAlSyMhjdJI5GMamXOXYiHGVMs+6y7NggRzKGFcq70cvrXiQ1X69pdqttFDMkNEjvCkdnDvSvo5EL23XOxW2kbT09YxGprVyouXLyrqAu4YmQQsijbosY1GtTkRDMhPqO77XNJbZkc97HJG9NXhfiVu5emutOyo4TdJoqqaCSP0lzryvUBX3+eS9XqG0Uzv9KN2ZXJszxr+CfMlbroY6bc7FDE3Rjjka1qejCkVNxkyPV6XLDl2qka5X5kC+7n57ZQpPJXLO3TRuirVTGpde1SB1tg8h0XukOe3GeV6/S8bH/uJm5O0SUrI651Sr2TQ4SLGpuVReX0Fcsne7uslkma7uafK6SJ/K5c/JSR2y4wudhx24P7RW42aLetS0u+6Ohht0nc1QyaZ7VaxrFzhV415DVuKoXU9tkqJG4dUORW5+6mxfmoHRgACDdYLfNSqtySPe0/meuFT1KfO6lYYLgq2qadzEXwHKmHZ9GC03XP0r+sc0kiRNY3YmljVxJlCRa7xYbYiLFSVL5eOV7Wq78NeogUKyLPXot0lnTwv9R2MuT8FPoFjp7XHTI62aDkVPCftcvr40KG5X2xXNmKmjqdPGqRrWo5Pxyc/TySw12bTJUK7WrfBw5UTXrRFXIH1IFDuYvU91ZNHUxtSSHGXN1aWc8X4F8SNVTvvc0vc+N+0F0M7NLGr5nPbluGe6qjhHf8AedHVv2c6WeLPFjOzUdMAOZ3U8Md00/B2/wC86Ovec50s8eOLGNuo6Gm33uaLujG/aCb5jZpY1/M2gDlbHw9w7J3dv28eFvmn4no0eLbjYdUAAAAAAAAAAAAAAAAAAAAAAAAAAAAAAAAAAAAAAAAAAAAAAAAAAAAAAAAAAAAAAAAAAAAAAAAAAAAAAADiK6zVdFuZbTOZvki1uniPXq0VRDtytvl1ZaqFZVwsrtUbeVewDlrpXJbt2k1WrdPe0TCcqrFjrUk2i1VF7q+EroqrEq5Yxf5v2NFjsrq57rpdHYgyr/D1afpX0F332WlngNfJhupMR6gN26lEZubqmsTRREYiInJptOepYpJqPc2sTFekdQ/TVqZ0f9RF1/gW1Tums1VTyQTLK6ORMKm9lLuaurbfdHUqSOfSTv0WqqYwvEuAOms1tmobhc55Vbo1MumzC8WXLr+JbgAclu9cu9UTcroq56qnw7TobXQwW+ijhp24TGXKu1y8qnO7vfEofW//ANp1cX8JnsoBz27Kio5KFKqaRIqhiaMa7dP/AI4/zBzNuc263OnhulW9ImpotVy7eRueLPKdjd9z8d2r4Kiad7Y426LokTxkznbxHl33OUtyijbHimkiRGte1uU0eRU1AXEbGxRtjjajWNRGtROJEOR3Mf7ouX/3P70Osp4t4p44tJX72xG6Ttq4TGVOT3Mf7ouX/wBz+9AOwMJI2Ss0JGNe3kcmUMwByW6S3XW4XOOGLwqRUTQxqa3lyYOtdksjU4QkWonx4idh2ByUu5Zja6eruFUrqRPDVVXwl9YGhLruckXQfbtBuzS0dh5Vbm6arplq7LPp4172q/5rM449zNfIlLCj4pHamP1plTfbrXLubbV19RIskcbcNjYvjplNagWO5+Gsfa0jurEdh3gI9MrhOUuSnl3SUkFRSRzNcxtTC2VHrsajtiKXCKjmo5qoqLrRU4wPTmdz/l+9+8/9zjpjlKOojtW6m4RVjkiZVLpse7U3bnb+K/AiRpKq3Zzcsbd9dj5nR8G6bl3mqp3t4l0+IiUNgqaeWpc+opVSWRXNw9dnwPMro3iJ7OOKWjPZWWLHBceOV2fiaaLPdd00NmdXr1lg3c9c6Nz20VTRrC9coj3rlnyJdv3PS0kKtdU075Hu0nu09q/AtOjeMzjytNLd5VVixwXHjldn4mFs8o3DHi6afHWTW7nrnRue2iqaN0L1yiPeuWfIlUNgkooHb5VU7nvXSe9X7V+Ato37zjyTp27ptx/2dN7H/vOfuTVWKxYRVzE1E9PhFxf62lp7CtvinZNPJhqNjXKpryqrgu7ZS7xbKOKZib5FG3OUzorjWd9IxWIl0VjEQmKuEVcZxxHF3+C6VTn1VTFvdPH4rdLxU7TtSh3TrLUtp7bTJpSTu0nehqcv49RdZz9jqbm97aOgfotVdJy41N9KndxMcyJrXvV7kTW5eMh2m2RWylSNnhPXW9/3lJ4AAAAAAAAAAAAAAAAAAAAABEuFuprlC2KrjV7Gu0kRHKmv8PWb4YI4KdkEaYjY1GNTOxETBsAFL3q2fzZ3/wCR3aO9Wz+bO/8AyO7S6AEeio4KCmbT0zFZG1VVEyq7fWSAABGr6GnuMG8VTFfHpaWEVU1/gSQBqp4I6WnZBC3RjjTRamc4Q111BS3CHequFsjU2Z1KnqUkgClg3LWqGVH7w6RU1oj3qqfAuURERERMImxEPQAAAFfcLNQ3J7ZKqHSe1MI5HKi4/Aid6lo5h/8A+R3aXYApO9S0cw//API7tJVBZKC3SrLTQaMipjSc5VVPiWIA1R00MU0k0cTWySY03ImNLHKbQAAAAAAAAAAAAAAAAAAAAAAAAAAAAAAAAAAAAAAAAAAAAAAAAAAAAAAAAAAAAAAAAAAAAAAAAAAAAAAAAAAAAAAARa23UtfvfdUSSb2uW54iUANM9LBUQbxNG10X3OI5Otpn0lQsabnqeVufBexXKinZAChtlmpp6ffK21U8DlXwWNVVXHpJ0VltsErZIqOJr2rlFxsUsAAAAFTugsyXimYxJN7ljVVY5UymvailK3cxeWoiNuiIibESV52AA4/vavX9V/8A8rx3tXr+q/8A+V52AA4/vZvS/wD9r/8A5XlpuesC2l8s00ySzSJo+CmpE2/iXgAAAAa54I6mB8MzUdG9MOTlQ2ADm7duTgo7h3RJLvrGLmNipsXiySt0doqLlAncs7mPRMLGrlRj0zx+kugBzzLFK65W+WoZFJBT0bYZGrry5EXi/Ev2taxqNaiI1qYRE4kMgAIdxtdJc40ZVxaWj4rkXCt/EmADnu862feqOmnYO862feqOmnYdCAOe7zrZ96o6adg7zrZ96o6adh0IA57vOtn3qjpp2DvOtn3qjpp2HQgCpoNzluoJ0mijc+RviukdnHq4i2AAGpsDGzumxmRyImV5E4jaAAAAAAAAAAAAAAAAAAAAAAAAAAAAAAAAAAAAAAAAAAAAAAAAAAAAAAAAAAAAAAAAAAAAAAAAAAAAAAAAAAAAAAAAAAAAAAAAAAAAAAAAAAAAAAAAAAAAAAAAAAAAAAAAAAAAAAAAAAAAAAAAAAAAAAAAAAAAAAAAAAAAAAAAAAAAAAAAAAAAAAAAAAAAAAAAAAAAAAAAAAAAAAADwAeg8AHoPAB6DwAeg8AHoPAB6DwAeg8AHoPAB6DwAeg8AHoPAB6DwAeg8AHoPAB6DwAeg8AHoPAB6DwAeg8AHoPAB6DwAeg8AHoPAB6DwAeg8AHoPAB6DwAeg8AHoPAB6DwAeg8AHoPAB6DwAeg8AHoPAB6DwAeg8AHoPAB6DwAeg8AHoPAB6DwAeg8AHoPAB6DwAeg8AHoPAB6DwAeg8AHoPAB6DwAeg8AHoPAB6DwAeg8AHoPAB6DwAeg8AHoPD0AAAAAAAAAAAAAAAAAeAAADzIHoMcjIGQMcjIGQMcjIGQMcjIGQMcjIGQMcjIGQMcjIGQMcjIGQMcjIGQMcjIGQMcjIGQMcjIGQMcjIGQMcjIGQMcjIGQMcjIGQMcjIGQMcjIGQMcjIGQMcjIGQMcjIGQMcjIGQMcjIGQMcjIGQMcjIGQMcjIGQMcjIGQMcjIGQMcjIGQMcjIGQMcjIGQMcjIGQMcjIGQMcjIGQMcjIGQMcjIGQMcjIGQMcjIGQMcjIGQMcjIGQMcjIGQMcjIGQMcjIGQMcjIGQMcjIGQMcjIGQMcjIGQMcjIGQMcjIGQMcjIGQMcjIGQMcjIGQMcjIGQMcjIGQMcjIGQMcjIGQMcjIGQMcjIGQMcjIGQMcnuQPQeHoHoPD0AAAAAAAAAeAADzIMVUD3JirkRMqaKyrio4FllXVxJxqvIhytdc6itcuk5WR8TGrq/HlM76kVdOh6a+t3jw6GovVFAqpviyOTiYmfnsIi7pIeKCRfWqHOA551rPTr6DSiO/d0XfJFzD/AIoO+SLmH/FDnQR1rrex0eHRd8kXMP8Aig75IuYf8UOdA61z2Ojw6Lvki5h/xQd8kXMP+KHOgda57HR4dF3yRcw/4oO+SLmH/FDnQOtc9jo8Oi75IuYf8UHfJFzD/ihzoHWuex0eHRd8kXMP+KDvki5h/wAUOdA61z2Ojw6Lvki5h/xQd8kXMP8AihzoHWuex0eHRd8kXMP+KDvki5h/xQ50DrXPY6PDou+SLmH/ABQd8kXMP+KHOgda57HR4dF3yRcw/wCKDvki5h/xQ50DrXPY6PDou+SLmH/FB3yRcw/4oc6B1rnsdHh0XfJFzD/ig75IuYf8UOdA61z2Ojw6Lvki5h/xQd8kXMP+KHOgda57HR4dF3yRcw/4oO+SLmH/ABQ50DrXPY6PDou+SLmH/FB3yRcw/wCKHOgda57HR4dF3yRcw/4oO+SLmH/FDnQOtc9jo8Oi75IuYf8AFB3yRcw/4oc6B1rnsdHh0XfJFzD/AIoO+SLmH/FDnQOtc9jo8Oi75IuYf8UHfJFzD/ihzoHWuex0eHRd8kXMP+KDvki5h/xQ50DrXPY6PDou+SLmH/FB3yRcw/4oc6B1rnsdHh0XfJFzD/ig75IuYf8AFDnQOtc9jo8Oi75IuYf8UHfJFzD/AIoc6B1rnsdHh0XfJFzD/ig75IuYf8UOdA61z2Ojw6Lvki5h/wAUHfJFzD/ihzoHWuex0eHRd8kXMP8Aig75IuYf8UOdA61z2Ojw6Lvki5h/xQd8kXMP+KHOgda57HR4dF3yRcw/4oO+SLmH/FDnQOtc9jo8Oi75IuYf8UHfJFzD/ihzoHWuex0eHRd8kXMP+KDvki5h/wAUOdA61z2Ojw6Lvki5h/xQd8kXMP8AihzoHWuex0eHRd8kXMP+KDvki5h/xQ50DrXPY6PDou+SLmH/ABQd8kXMP+KHOgda57HR4dF3yRcw/wCKDvki5h/xQ50DrXPY6PDou+SLmH/FB3yRcw/4oc6B1rnsdHh0XfJFzD/ig75IuYf8UOdA61z2Ojw6Lvki5h/xQd8kXMP+KHOgda57HR4dF3yRcw/4oO+SLmH/ABQ50DrXPY6PDou+SLmH/FB3yRcw/wCKHOgda57HR4dF3yRcw/4oO+SLmH/FDnQOtc9jo8Oi75IuYf8AFB3yRcw/4oc6B1rnsdHh0XfJFzD/AIoO+SLmH/FDnQOtc9jo8Oi75IuYf8UHfJFzD/ihzoHWuex0eHRd8kXMP+KDvki5h/xQ50DrXPY6PDou+SLmH/FB3yRcw/4oc6B1rnsdHh0XfJFzD/ig75IuYf8AFDnQOtc9jo8Oi75IuYf8UHfJFzD/AIoc6B1rnsdHh0XfJFzD/ig75IuYf8UOdA61z2Ojw6Lvki5h/wAUHfJFzD/ihzoHWuex0eHRd8kXMP8Aig75IuYf8UOdA61z2Ojw6Lvki5h/xQd8kXMP+KHOgda57HR4dF3yRcw/4oO+SLmH/FDnQOtc9jo8Oi75IuYf8UHfJFzD/ihzoHWuex0eHRd8kXMP+KDvki5h/wAUOdA61z2Ojw6Lvki5h/xQd8kXMP8AihzoHWuex0eHRd8kXMP+KDvki5h/xQ50DrXPY6PDou+SLmH/ABQd8kXMP+KHOgda57HR4dF3yRcw/wCKHqbpIeOCRPUqHOAda57HR4ddT3qim1b5va8j0x89hYNcioiouUXjOBJtBcp6FyaK6cfHGq6jSuv+Tm1f+H9s6cuzye5ItHWRVkCSxLq4040XkUkIp0ROXl2rNZxLMHh6Sh6Dw9AAAAAeADxT08UDxVItdWwUFM6oqZEZG3j5V5ETjU3vcjGq5yojUTKqq6kOAuNZPuhuC1TF0bZRSqyNc/xZOX4a/QnrItOIyvp132ivKbcK+SvmR7k0WN8VnJ+5EAPPmZmcy+lpSKVisAAIWAAAAAAAAAAAAAAAAAAAAAAAAAAAAAAAAAAAAAAAAAAAAAAAAAAAAAAAAAAAAAAAAAAAAAAAAAAAAAAAAAAAAAAAAAAAAAAAAAAAAAAAAAAAAAAAAAAAAAAAAAAAAAAAAAAAAAAAAAAAAAAAAAAAAAAAAAAAAAEy11q0VUjlX/Tdqeno5TsGuRURUXKKcGdXY51mtzEXbH4C/hs+WDp0Lf6Xl/8AENKMRqQtUU9MEUzQ6XkvT08AHoAAHh6eAFMVPVMVA5ndvXSw22Kgpv49wkSFvs8fxyifiaq+hjtdnoqKJNTM6SpjwlxrXiMJM3H/AP6I1jtcdup9JEx/MqJ+pPgTd0viQet30MtX7ZdXo/5qqEAHE+gAAAAAAAAAAAAAAAAAAAAAAAAAAAAAAAAAAAAAAAAAAAAAAAAAAAAAAAAAAAAAAAAAAAAAAAAAAAAAAAAAAAAAAAAAAAAAAAAAAAAAAAAAAAAAAAAAAAAAAAAAAAAAAAAAAAAAAAAAAAAAAAAAAAAAAAAAAAAAAAAC/wBzbv8ARmbxI5F/z4FAXu5vxJ/Wn1NdH73J63+GV+1TYhqabEO14DNAeIegegAAeHp4B4pipkpg4DktziI/dVuglT+WRrNfrXsJm6TxIPWv0Idk/wDT7tr3AqYWRrZU9Wr9RM3R+JB61+hlq/bLq9H/ADVUQAOJ9AAAAAW9io6Wpjqn1UavSJEVMOVOXOz1Fq13Thnq6kadd0qgFv3TZPMZumv6iDXPpJJWrRxOiZjWjlzr+KkzXHyrTVm042zCMACjYALGmuEMNrmpXQaT35w7/OQmIz5UvaaxmsZVwLPc/GyW46MjGvboLqcmSDUoiVUyImER64T8SdvbKI1M3mnDUACrQAAAAubvDHHaqB7I2tc5qaSomFXUhaK5iZZX1YrateVMAbqRjZayCN6Za6RrVTlRVIiMtLW2xMy0gn3qmipbg6KBuixGouMqvWQBMYnCKXi9YtHyAAhYAAAAAAAAAAAAAASba1r7hTtciK1XoiovGb77GyK6SsjajWoiYREwmxC236cs+p/U2frKvABVoAFrYKOCsnlbUM00azKa1TqLVrunCmpqRp1m0qoBdoKrxOQAAAAAAAAAAAAAAAAA200rYamOV7Ee1rkVWrxkomcRmGoEy6VcdbV77FFvaaKJjjX0kMTGJ7IpabViZjAACFgAAAXNqhjfaK9742uc1q6KqmVTwSmLTXERLOmputavAACrQAAAAAAAAAJNviZPXwxSJpMc7CpnBMRmcItbbEzKMC+rEs1HVPgfRyuczGVa9ca0zylfXS26SJEo6eSKTS1q5c6vipaaY+WFPUb8YrPdBABR0AAAAAAAAAAAAAAC1o6OCWyVVS9mZY3KjXZXVqTtKotNZhnTVi8zEfACxrrhDU0MEEcGg6PGXfhxFcRMRHhOnabRmYwAAhcAAAAAAAABd0dNQMsyVlVA6RdJUXRcqLtxymvumyeYzdNf1GmzmXN7jMzEVmcKgGyodE6d6wNVkar4LV2ohrM3RE5jIAAkBY1NwhmtcNK2DRezGXf5ykiywxyUFe58bXK1ngqqZxqUvFcziJYW1prSbWhTAAo3AAAANkCIs8aLrRXJ1komcQ1gtd0cUcNwY2NjWN3tFw1McalUTaNs4U0tTqUi3IACrQAAAvNzniT+tPqUZebnfEn9afU10fvcnrf4ZXzTahpYbWna8Bmh6eIegegAAeHp4B4pg4zUwcByF6clq3Z2+4OwkNUxYJF1beJfm34E7dH4kHrX6G/dRaeGLPLTtRFmb4cSr95OL8dn4nPQ3ZbpaadJspV06rHO123Kca+vHxyZav2y6vR/zVYAA4n0AAABe7nEV1NXoiKqqxMInqcURe7m3Kynr3NXCoxqovSNNL7nN6z+Gf8AH/dVdw1fms//AONTToO3ze1aqPzjRVNeSbw1cPOV6Lew0U0ulcIppVzmVHOX8dZExXPZas6sRM2x/hcydy2KCNu9Nmq3plVXi/YjpeIqx29V9NHoO1abNSt9JjulY5txR6p4LmJoqVG3YXtaYnEMNHRrqae+3mfl0G6KJIaCjjaukjPBzy4RDXQf7arPbXqaZ39jo7bQsf4zUwvrwhhQf7ZrfbXqaWn75/swr/BX/wCX+7Tub8qf/bX6EGWJ01xfEzW58qonxJ25vyp/9tfoaqJzW39qu2b8qfNSmM1iHRNprq3mOE6pqKayq2np4GS1CIivkfxGNPc4blK2nr6aP/UXDXtTGFNt1r6anr5I5bbHK7Uum5Uy7V6iNFdaZZWpFaI1kz4OiuvPRNJmInGXPWk2pu2znnKBXUbqSufT+Nr8FeVF2FvJ3LYqeNu9Nmq3plVdxfsQaqrdUXmGaeBYFa5iOY5eLOTZulY5txR6p4LmJoqU7ViZhtO7UmlL8d/2yS7w1jt7r6WPQdq02alb6TfuijSGgoo2u0kYmii8uEQ5/bsL+/sdHbaFj/GamF9eEEWm1ZyX0q6etTaoCfZqySlrWNjRqpM9rHZTizxEA30HlCm963rQzrOJh161YtpzEr273ipo650MTY1ajUXwkVV6yqtFB3fVKj1xExNJ6p1G3dH5Vd7LSTud8Omrom/xHMTHwU1n6r4lxREaXpt1O0zhjLe46Z6xUFLEkbdWk5PGNsaUt8hkakTYKtiZRW7HHPqmFwu0ttzTHOuWkieC1i6SkVvNpxK+ro109PfXzHyqnNVrla5MKi4VDw31rmvrZ3N8VZHKnxNBlPl2VnNYmV3Xf7Zo/bTqcUheVqK7cxSKmtEfr+ZRl9TzDn9L9tv7yu7t5Et/sp/abbDC2e1Vcb3aLXLhXciYMLy1WWa3tcmFRqZ6J7ZWOkstcxnjLlE6Jp/rcs/+n/z/ALtXDMdK7e6CljSNNWk9NbvSSGtpr5SyKyJsNXGmdXGc8XO5hjlrpHp4jY1RV/FCtbTacS21tGunTfXzCBbqN1bWtgzoptcvIiFrU3SC3SLTUFNGuhqc93Gv1MLBIxbxUY/nR2j8SoqWOjqZWP8AGR6ovxIztrmE462rtv4iPC7t9TTXOsj32FsNSxyOa5mx+OJSDug8rzepvUhqszHPutOjNqOyvqN1+VEvMirsTR6kJmc07q1pGn6jFeE1kVNZaGOaeJJaqVMo1eIj8ONqF0KykifEurwU1obN07VdLTyprjczCKUYtaaziDR0q6tOpfzLo7xFHDYYGRO049NFa7lRcqh7uarZJEdTORuhE3LVRNe01XFjo9zVK1+p2knUphuW+1T+x9S+frhhtifT2z3xKHW3iprYVhlbGjc58FFReskW6lp6ehdcaxmm3OI2cqlOu06VlRFDucp5H0zahjVwrXLqRcrr2f5kpSd0zMujXjp0itI8yhd8EmdFaWDevuY4v89B5c6Snloo7hRt0GOXD2cijhai/pMPSTsM6u4uktboY7csEL1TD0XwdueT0E5iYnM5UitqXrNa478qUl2nypT+2hEJlp8qU/toZV8w7dX+O39lzcqylt9fI9sCTVEmFVXakYmETHyKihpludyVq+C1yq9+OJMmd/8ALE//AF/tQlblnNStlau1WaviaTO6+Jcda9L0/Ur5w9mu8VFIsNvpokYxcK9yZ0jOB9NfGPikhZDVNblr28ZpkulIyRzXWiFHNVUXwk7DbSXWPfVdSWhumibY11on4NLRMZxMs5paK7q1mJ5ygWhisvMLHJhWvVFT8FLK51sFurpN5gZJUOXSe9+vR1akQgW6RZr+yRW6Kvkc7R5M5Nd68rVHtJ1IVidte3LaadTWiLcLSkqIL419PUwsZNo5a9pHkrIrQ/uemhjklZ/Elemcr6DRud8rR+y7qItx8o1PvXdYm07d3yrGjXqzp/6cZwuYXwX2mlY+FsdUxMtc3jKWgTFxpkXnW9aFjuX8oSe6XrQg0vlaH36f3Ce+JTWNk6lI8YSd0XlV/soWUi00dipJqlm+IxE0WcTlxxlbuj8qv9lpvufkCg/DqJzibKTXdTSj/wA8PIr/AJcjJ6SFYF1K1qbENF8oY6WeOSDVDMmWpyf5krC7vnk23ex9EK53VnLWaRpatdnyxtdHTw0TrjWt02J4jF4/8UO3QOcuitJCsP3F5P8APQbKpFk3LU6x60Y5NLH4p1lETa01xEI09OutNrX798OogZTLZq2eky1krHKrF/lVEXKFFbKJa6sbFlUanhOVOQtLSxzbBXOXU1zXY6Jr3LOalbK1dqs1fEtMbprllWZ066k1nw9mu8VFIsNvpokYxcK9yZ0jOB9NfGPikhZDVNblr28ZpkulIyRzXWiFHNVUXwk7DbSXWPfVdSWhumibY11on4NETGcTKJpaK7q1mJ5yrrY1WXeBjkwrZMKhcXKspbfXyPbAk1RJhVV2pGJhEx8iqopFmvscit0VfMrtHkyp7f8AyxP/ANf7UKxO2vblranU1oi3DO0U8dxuj3TN8HXIreXXs+ZvkvropnRMpIWwtXGgqayro5Z4J0lpkdpt5Ez8SxW50VWv/rqJNNdska6xW3biU6un9eZjMf8AZpu6Ub1ino3NTfE8ONP5VPJbhC+0spEgxI1fH+p5dLfHSsinp5FfBMmWqu1CvK2mYmWulSl6V75wEy0+VKf20IZMtPlSn9tCtfMNdb+O39kq90lTJdp3x08r2ro4VrFVF8FCtlglhxvsT487NJqpkuLxdK2nuc0UM2ixuMJoovEnoKqqraisVq1EmmrdmpEx8C19uZ5Yen6u2ucYwtqBzbrbX0Mqpv8AEmYnL/n4Gu2QJQQzV9UzCx5ZG1eN2z/PxItlilluUSwro6C6TncicZZbokWqpYamCTTgaqoqJsReUvHeu75hheNup0ontb/z/qqqWGS53FGud4Ui6TnciFlU3KG2yrTUFPH4Gpz3JnKmjc05qXNUXa6NUT15QrqxrmVkzX+Mj1z8SsTiuYbTWNTV2W8RHhcRVVHdo3xVcccEyJlsiak/z0FVSUjqmubTNVMq7CuTWmE2qaYoZZ3aMUbnuxnDUyWW57/Tu6NemHaLm4XlETumMptXo1tNJ/xwkVNxgtkq01DTxqrNTpH61VTKmqqe8uWmqoGMmci6EjDGruVLDVyxyWqJzmvVFcqpr9Ow8prrDvyLTWhiyJrTQXWn5S+YzjLl2W2borOecqxkLqe5Mhf4zJURfiX14fS0dSlTLGk072ojGLsaicalNLM6ovCSvjWNzpW5YvFsJe6dj0r43r4ro0RF9SqVicVnDW8TfUpFvmGUV+bK5I6ylidCupdFNhGvVAyjmY+DXBKmW+j0FaXt7RY7TQRSfxERMp6kIzurOV5pGjq1inz8JdFc532WeoVrNOJdFqImrYm34lHX3Ka4aG/NYmhnGimNv/gsLf8A7arfbXqQoyb2nEQj0+lSL2nHiV5efI9u9hP7UNNpooFp5K6sTMMexv3lN158jW72E/tQ9xvm5PEe1j/Dx7X7oTMfVMsq2mNGIifM4/6ta7oHNXRjpIWxfdxxGVZTU1fb1r6NiRPZ/EjQpC9sqLHaK+R+pitVEzxrhe1CK2m3aWurpV0Yi9O0/wDdhuX+3S55v6oJLpFQSuhoqeNUauHSP1q5eMbl/tsvu/qhTyfxHetRumtIwRp11Ne279L5Up71b5pWwtiqoUyujxlVbKuOiq0mkj3xuFTHGnpLDc1tq/dp9SkItPaLfK2lSM30vhtqpWz1MkrGIxr3ZRqcRqAMp7uuIxGIX0cb5dy2jGxz3aexqZXxiodRVTUVXU0yImtVWNdRc09RLTbmEkhfoPR+3Gf5isfd6+RjmPqFVrkwqaKdhtbbiMuLR6ubbcYzLTQ0rqyrjgauNJda8icZc1VwprS/uaip2Oezx3u5fqQ9zjkbdWou1zVRPWRLix0dwqGv8bfFX4qRE7a5ha9errbLeIhaUtXT3SpjjqIWRTo5HMkZxqmvCkfdJqui+whDtrHPuNO1m3fEX4KTN0nlT/ohMzmmZVikU9REV8Yb6/8A21R+2nU4WLydcfY+iiv/ANtUXtp1OFi8nXH2PopaPuj+zGf4Lf8Ay/3Vtto1rqxkOcNXW5eRCynusNBKsFBTRYYuFe5M6SmG5hzUuD0Xasa4+KHs1zpI5nsfaYdJrlRcqm34Fa4iuctNWZvqzWa5iI8NtPNTXtHwTwsiqcZZIzjKiCjkmrkpNj9JWr6MbS1pbrFvuaW0N3xE2xrrRPwaarTOku6BZHt0FkV3grxLyEzi2EUm+nF8RiMc5SaquprO7uajp2PlanhvdymqnrKe6TsiqoGRTKqKyVnLyKV11Y5lzqEemtXqv4LrQ10LHSVsDWeMr0x8SJvO7C8aFOlvz3x5WO6fykz3SdalOXG6fykz3SdalOU1Pult6X+GoACjoAAALzc74k/rT6lGXm53xJ/Wn1NdH73J63+GV6w2tNTDa07XgM0PTxD0D0AADw9PAPFMHGamDgNTzlb1bIKavdWwpouqU/1GompVTj/E6p5RbovEg9a/Qz1fsl1ej/mqowAcL6AAAAtbNWQUsFY2Z+isjURupVzt5PWVQJrO2cqamnGpXbIACF11BdKWqpW01zjVdDxZE2nm/WmiXfKZslRKni6epEUpgadSXN7aue0zEcLe8XCKtoqVGyaUrUzImiqYXBjSVkEVjqaZ78SvcqtbhdepOwqgRvnOUx6esUinxE5WFkqYaSu32d+izQVM4VeoiTvR1TJIxdSvVzV/E1AjdOMNI04i835XXCNFcIWMuTHNlYmElZxnsVXa7dmSkSSebGGufqRCkBbqSy9rXxmccfDOeZ88z5ZFy965Ut4LpS1VK2mucaroeLIm0pQVi0w0vo1vERwud+tNEu+UzZKiVPF09SIvyMbxcIq2ipUbJpStTMiaKphcFQCZvOMKR6asWi0zMzAZRPWKVkjdrHI5PwMQUdExmMSvqme0XFyTTyywy6OFREXsUqaKrkoqlJoteNSovGnIRwXm8zOWFNCtazXOYXcktlrXb7NvtPIutyNTav4ZMZ7pTU1K6mtkat0/GkdtUpgT1JVj0tfmZmOAAGbpWlsucUNO+jrI1kp3cn8psVbLTrvse+zuTWka6k6inBeLzjDnn09ZtMxMxlcXi4w11FTI16LK3W9qIqYXBussr4LNWSxrhzFynwKEu7Z5Br/x6i9bTNssdbSrp6UUjxn/AHYb7Z6xd9qGyU8i63IzWiqe1N0poKR1LbY1a13jSLtUpgV6ktY9NXMZmZjhsp53007Jolw9i5QuZau03HElW18E2NatRVz8CiBWtpjsvqaNbznxP6XcFwoKGZjKJjka5yb5M9Mro8iEG8VEVVcZJYXaTHImFwqcRCBM3mYwinp60tvie64orpA+kSjuMaviTxXJtQK+y0y75EktQ9NbWOyiZ+BTgb5RPpq5mYmYyurlc4620xMc9FqNPSc1GqmE1/sRLPXtoKtXyIqxubouxtT0kACbzM5THp6RSafErKvjte9K+jmkWVV8RUXCJ8PqeWy5JSNfBPHvtPJ4zeQrgN85zCehE02WnK50LFnfN8m5d7wvZ9SNdLl3ZoRRM3unj8VpXgTeZjCK+nrW26Zmf7hJt8rIK+GWRdFjXZVcZIwKxOJy2tXdExKZd546m5TTQu0mOxhcY4kQ0U1RJSzsmiXDmr8TUBMznKtaRFNnwu5ai0XB2+1KSU8q+NoplF+SmL7lSUVM+G2Mcr3+NK7aUwL9SWMelr4mZxwlWyZkFwhlldosauVXGeIXOaOouE0sTtJjlyi4xxEUFc9sNunG/f8A4TrNURUtwZLO7RYiLlcKvF6CPWSNlrJ5GLlrpHKi8qZNIG7thHTjfv8AlZWKrho6x8lQ/Qasaoi4VdeU5CLBKxlwjlcuGNlRyrjiyRwN04iEdGM2tyn3qpiqrg6WB2kxWomcKnWba6sgmtFJBG/MkfjJhdWoqwTvnv8AtEaFYisfiFpdayCooqKOJ+k+JuHphUxqQqwRFsRMLW04taLT8LG13PuNHwzM3ynk8ZvISHpYs74jpl497TP+fMpgTF5xhnb09ZtuiZjPC/beKeSgq4XYharFZDGjVXVjlKWmqJKWdk0S4c1fiagJvM4WpoUpmI+V3LUWi4O32pSSnlXxtFMovyUxfcqSipnw2xjle/xpXbSmBPUlSPS18TM44SbfKyGvhlkdhjXZVcZM7vPHU3KaaF2kx2MLjHEiEMFd3bDXpxv3/OMJdtrnUFTvqN0mqmHN5UJ7+A5nrKr5o1XWsaIuOopQTF5iMK30ItbdEzE/pY3W4Mq0ihp41ZBEmGou1RLLb1tLGMjVKtF1rj46yuBG6fJGjWIiI+Ak2+VkFfDLIuixrsquMkYEROJy1tXdExK+rFs1ZVPnfWStc/GUaxcakx90r66K3RxItFUSSyaWtHJjV8E9BBBab5+GFPT7MYtPZaNrIKS0rDTP0qib+I7CpopyCz18UDZaarX/ANNKi51ZwpVgb5ymfT1msxPy3pJ3LWb5TSaSMdljsYyhaSVVquKpJVpJBNjDnM1opSARaYTfRi2Jz3j5XXCNFb4HstrHOlemFlfxFRHK+KZsrHKj2rlF9JgCJtMppo1pE/OV3JWWy5Ij61r4JkTCvZrRQ24UFuieluY6SZyY3x6bCkBbqSz9rXxmccfDdTOV1bE5y5VZEVV/Ev7vWwtrVpa2LfIFajkVPGYvKc/Sfa4fbb1lhuk8p/8ARPqTWcVmVNWkW1qxPEt8UlkpHJMxZZnpra1yLqX5IVtwrpK+pWV6YRNTW8iEUFZvMxhrTQrS26ZmZ/a0tNfTw081LVo7eZf5k4iPcI6Bm99wzPkznS0kxjk4kIYG7thMaMRffErW5VkE9tooYn6UkTUR6YVMakNNruS0LnMezfIJPHYQAN85yRoUimyfC6VLC92+aczOPe8L/nzNFxujZ4G0tJHvVM3i43FYBN5wrX09YmJmZnHKzsNXBR1Uj6h+g1WYRcKuvPoK165e5U2Kp4CJtmMNK6cReb8rSyVkFItRv79HTZhupVyv4Ea2PpY6tHVrdKLC8WURSIBunt+kToxM2nPltqlidUyLA1WxK7wUXkNQBWWkRiMLTuyDvf7l0/8AW086OF5eUqwCZnKtNOKZx892cUj4ZWyRrh7Vyil0+utlyY11cx0MyJhXsRdZRAmtphXU0a6kxPiV1HXUFA9qULHOc5yI+Z6bG514Qi3upiq6/fYHaTNFEzhU6yvBM3mYwrT09a2357rWrrIJbHTUzH5lY5Fc3C6tS9otNZBTUVZHM/RdK3DEwq51KVQG+c5Pb12zTmctlPO+mnZNEuHtXKFvJU2m4qklUklPN/MrNaKUgIi0wnU0a3nPif0uluNHQU74raxzpH6lleU7JHxyNkY5Ue1covpMQJtMppo1pE/OV66vttyjatex0UzUxpsTaa21tvoHJ3Axz5FXCzP/AJU48FMC3Uln7WvjM44+FlfauGsrWyQP02pGiZwqa8rylaAUtOZy206Rp1isfAACFwAAC83O+JP60+pRl5ud8Sf1p9TXR+9yet/hlesNrTUw2tO14DND08Q9A9AAA8PTwDxTBxmpg4DU8ot0XiQetfoXryi3ReJB61+hnq/ZLq9H/NVRgA4X0AAAAAAAAAAAAAAAAAAAAAAAAAAAAAAAAAAAAAAAAAAAAAAAAAAAAAAAF4lHb7fRQy1zHyyTJlEauz5pylq13MtTVjTx2zMqMGegssrkhY52tVRqJlcDepEYr1jdoouFdjUikYaboYAAhIAAAAAAAAAAAAAAz3mXwf8ASf4fi+Cuv1GLmuY5WvarXJtRUwowiJifDwHrGue5GsarnLsREyplvMuHLvb8N8bwV1esYJmIYAAJAAAAAAAAAAAAAAAAAAAAAAAAAAAAAAAAAAAAAAAAAAAAAAAAAZMjkkRVYxzsbcJnBiDMAAAAAAAAAAAAAAAAAAAAydG9jUc5jmtdsVU1KYgiYnwAAAAABebnfEn9afUoy83O+JP60+pro/e5PW/wyvWG1pqYbWna8Bmh6eIegegAAeHp4B4pg4zUwcBqeUW6LxIPWv0L15RbovEg9a/Qz1fsl1ej/mqowAcL6AAAAsLPQx19S+OVz2o1ml4K+krzotzVTG5VgSnY17WKqyptdr2bDTTiJt3c3qr2ppTNXPOTDlROJcHhZV1wp54nxR0EULs+O3GdvqMrXbopIH1la5W07OL7xG3M4hbrbabrxhVgueE7Yi6CWxu9/e1aX+fiYXO3QJStrqFVWB3jNX+UTTt2lEa/eIvXGVSAZRRulkbGxMucuEQo6JnEZliC9mjt9oa2OWHuqpVMuzsQU6227OWDuZKWZU8BWrqU06fxnu5fc9t22dvKiBvdA6Cu3iREVWvRF5F1l/cqe20VQ2eeNFRWojIY24yuvKr8iIpnK2p6iKTERGcuZBKka2uuOjSxb22RyI1mMY1FlMtttTkhWn7qnRPDVy6kEVz/AGTbW24iIzM/CjBewpbrsqwsg7lqMZardilO+nkZUrTq3/UR2jjlUia47wmmtFpmJjEw1Av5ILfZ4mNqI+6alyZVq7E/Y0tkttyXeUp0pJneI5q+Cq8ilun8Z7s49Tn6orOOVMWNLQRTWmoq3Oej4nKiIipjYnaSN0VPFTvp2xRsZlq50UxnYT6KthdZZ5Uo42sjXDo0xh+pNa6i1aRFpiWerr2tp1vSPMuXBMr6yGq0N6pI6fRznQx4XyQm09HSUNEyruDVkfJrjiQpFcz2bzrbaxNo7z8KYFyy4WudyRzW9sTF1abF1p8MES62/uCdug7ShkTLHCa9sxJTWzbbaMSgku10rK2uZBIrka7Otu3YRC63N1EbapsCwMc9yqqSrtbq2fL5ikRNu6fUWtXTmaqushbBVyxNVVaxytRV2mkurpcKdZamDuCLTyrd91Zzy7CPaLc2sc+Wd2jTxa3LykzXNsQpTWmNLfqRj/dWgupLja2OWOK3NfGmrSXUq/Um2yhoJ3PqYGNfE5uFjkTKsd+JMaeZxEq29VNK7rVmHMA30NN3XWRQZxprrX0FtU1Ntt87qZtA2ZWanOeuvP4lYrmMy0vrbbbaxmVEWtspIJ7ZWyyR6T42qrVyurUp7cqakkomVtF4COXDo1XYbrN5GuPsL/apatcWxLLW1d2lur27/wC6jBb2i3xrGtbW4SnZrRHfzfsQ6mphnrWvSBscCOTwGNRFVO0rtxGZaxrbrTWsZwiAnXWWjlnYtEzQajfCwmEVfUQSsxicNaW3VzMYC7vnh263Sf8AD6IVNNTy1UyRQt0nrxFpenxxUdJRo9HyRJ4eOLUXr9sufVmJ1aRHlGscrIbmx0r2sbhUVXLhNhtWpjWyVEem3TdPlG51qmpclUCIviML30Itfdnj/oAs7Zb4ZIJKyscraePiT+ZTbwnbUXQS2N0PvZTS/wA/ERTtmZRbX+qYpXOFOC1udBA2mZXUSqsD9StX+VTdYKSKqpqtsjGK7CI1zm50dSiKTuwW9RWNPqKQFrVzW2KlfTU0Kvk1Jvypx5JNroqepssrpUY1UeuZVamWomFXX8SYpmcRKLeo213THyoQWNwqLe6nSGjp1arXZ3xya1TrN1Bb6eOjWuuCrvX8jE/mI2ZnELTrxFd1owqAXKXK2OdoPtrWx/eTGf8APxNN2t0dOyOppXadNLs9AmnbMSiuv9UVvGMqwF5YqOKqoatJGM08Ya9zUXR1bSNWz21tK6npIVc9Mf6zk26xs7Zye4zeaRHhJSqi3u0pvrMxqun4SeDs28hWXKRstwnexyOar1wqLqUjEm3Pp46xjqtulEmcpjIm27sV0o0s3jv5/wDtla5GxXGB73I1qO1qq4RCwWqi7nuqb4zMj/ATKeFr4uUrK58D6yR1K3RhVfBQjiLbexbSjUmLz28f/a0tFvp6yGokqHyMbEiL4GNmv0egz7msjtSVsyL6W/sbbF5OuPsfRSjLZiKx2ZRW2pq3jdMYWdVZ3MgWopJW1MKbVbtQrCysVU6nuDI8/wCnKui5vUYXGmbTXd8TUTQV6KieheIiYiYzDSl7VvOnec/MIALXdFDFBXsbDG2NqxouGphM5UgUbUdWQNciK1ZGoqLx6ys1xbDSmrFtPe0gsr9FHDclZExrG6KamphCw4PpZLRSzzaETGtR0jmt8J2rYWjTmZmGc+pita2mPLnQXLblbGroJbUWP7y4V3+fiY3S3QNpm11CqrA7a37pGztmJTHqPqiL1mMsbHSQVXdO/s09BiK3Xs2kGifAyrjdUt0oUXwkLTc1/wDN+wn1K62MbJcYGPajmq/CoqZRS2O1VN31amfH/wCFxfTSVj3UjdGJcYTGPkRSdeo2RXWZkbGsYmjhrUwieChNjo6S20bKivYss0mtsXIRtmbStGrWmnX5z4UgLuGstdZIkM1C2BHakexdi/hgr7nRLQVaxZ0mqmWu5UImuIzC1NbNttoxKIC8p6GkoKJlXcGrI+TWyM193WupXe5aFIGrqSRi609OonZzKvuMzO2szEfKnLGzW+K4TSMlc9qNblNFUJt1oYqSzRaLY3P08b41qZcmvj+Bu3NVMb0dClOxr2NysibXa+PUWrTFsSy1fUTbRm9HNgsK24U9RCscdBFA7OdNuM9Rtt1BAlI6urlXeUXDWJ/MpTbmcQ3622m68YVQLlLnbVXQdbGpH95FTP8An4mm62+KCKOrpHK6nl2Z/lUTTtmJRXX+qK3rjKsM4WJJPGxc4c5EXHrMCbaqiOnq275Tsm01RqaX8q527CtYzPdrqTMVmYLtRx0NZvMbnOboouXbSEdNebhT09ZvclBFO7QRdN2M9RSW+idcKze2+C3xnLyIXvWN2Ic+hrT0t147cogL2eqtVC9YIqNtQrdTnu5fWpst9Pb6+qZNBGjFZnfIHplFTG1PxHTzOMk+qmK7prOHPAmXCJOFJYo2o1N80WoiYRCzqeD7QrIHUiVMqt0nOeuoiKeV7a+IjEZmVAWdhpYautfHOzTakaqiZxryhvqIaGut76qlYkEsfjMzqUx3MeUX+6XrQtWuLQz1dbdo2mO0wqpURsz2pqRHKiGBZ0FuWurpFf4MDHqr3fjsMLtU00su9UcMbImfztaiK5fXyFZr2zLWutm0UiM8q8FhXTUD6GBlNFozNxprjHFrzyleVmMNKXm0ZmMLOzzshirEe9rVdEujlcZXWY2a3xXCaRkrntRrcpoqhXF5uW+1T+x9S9J3TES59eJ06XvWe84UYBPscbJrpEyVjXtVFyjkymxSkRmcOi99lJtwgAkXBrWXCoaxqNaj1RERMImslWCKOa4oyVjXt0FXDkyhMVzbCttXGn1FaCRI1qXFzEamjvqpjGrGS8usFuop2TSwo5VbhkLE0UVeNV+KExTOVL+o2zWMZy5sF9TTWy5P7nfRpTvdqY5q8frKitpnUlVJA9cqxdvKnEJriMwtp62622YxLQC6ho6S30TKqvaskkmtkR7FXWuqkSKagbC12pHtXZ8ME7OZUn1GczWszEfKkLWvpIIrRSTRsxJJjSdnbqI10oVoKre0XSY5MsX0F1JFTusdHJVuVIo0RVa3a5cbCa18xLPW1o+i9fEy5kF1FcLW9yRSW9sca6tPaqfUi3i3pQVLd7VVikTLM8XoKzTtmJbU1822WjEs7hPHJa6CNr2uc1q6SIutNm0rACtpzLTTpsjAACFwAAC83O+JP60+pRl5ud8Sf1p9TXR+9yet/hlesNrTUw2tO14DND08Q9A9AADAweggYKhi5DNTFwGl6FDui8SD1r9C/eUG6PxIPWv0M9X7JdXo/wCaqjABxPoAAAC63L/bpfdr1oUpY2Osjo67SmXDHtVqryF9OcWhh6ms20piECT+I71qXdX/ALWptDxdJNLH4/Ui3ChpIonz09dHKqrlI0xnWvrMrXcYY4H0da1XU7+P7paPpmYn5Y6k9Slb0jOJVReW7Pe7W6fiZXRzy4Qx4NtedPhJu9/d1aX+fgarncYXUzaKharadu1fvCI2d5NS/XxWkfKqJ9j0eF6fS2ZX44UgGUUjopGyMXDmrlFM6zicurUrupNY+Uy9aXC1RpbdL5Y1EJM51Zz6C8mkt93a2SWbuWpRMOzsUQJbbSqzpUJVTomGI1NSGk0zOc9nLTX20im2d0fCmhz3RHpZzpJt9Za7qFXhCNOLek61K107p63f5VTLnoq8iayduiminr2OhkbI1I0TLVymcqRH2ytaJnWpMx8Sx3O6PC0eeR2PgSq2a0NrJkmpZ1kR66SoupV+JTQTPp52SxrhzFyhczLbbsqTOnSlnVMPR2xS1J+nCmvTGrvnOMfDCCts8EzZYqWoR7Vyi5z/AO4wiqYqvdHHO1qtY96YR23OMdZugdbrQjpWTpVVCphujsQpnzyPqFnV3+ortLPpFrYxlGnpxebTGfGMym3/AEuF5tL0Y9WEK9mlppo50s6scpfPnt94iYtTJ3NUtTCu4l/Y0oy2212/NnSrmb4jUTwUXlUia5nOey2nrbaRSazmGzdTnfabO3RX6Hlv/wBtVvtr1IYboqiKofTuikY/DVzornGw8s9TTdx1FFUyb0kutHLs2fsWzG+WUVn29e3if91OdTeZLezufuuCWRFb4CsXUifFPQUVwo4KXe95q2VGlnOjjwfmpNpq2lraFlHcFVjo/wCHKhFPpzWWmvHU26lc4jjyx3+x+aVHS/8A2MbtcKerpoIqeORiRak004ses2x0Frgeks1wbKxNeg1NvwyQ7tcO76hHNboxMTDG/UWmYr3Rp1rbUia5nHzKCWW5/wArw+p3UpWku11LaSvimf4rVVF9SpgzpOLQ6taJtp2iOHlz8pVPvF6yzpf9rVO9+Npa8etM/I13Kkoplmq4a+NVdlyR6sqvJtI9ouLaJ745m6VPLqcnJ6TSPpt3+XLP9TRjb5rhXF/uV0tKp+5opn16zVJbrVI5ZIri1ka69Fdap9Sba66ggc+nhc1kLW53yRcK934k0rttmZR6jW6mlMVif+TnIJn08zJY1w9i5Qtn11tuC6VZC+GZdsjFz/nwKyiqO5apkysR6NXW1eNC1npbXXSLPFWtp9LW5jk2KVrnHZprbYtE2iY/cIlfbEgp21VNMk1O5caXGhP3Pb3wdW79neseHjkxrI9fVUsFtS30b1lRXZe/i5Rap4o7VXskkY172qjWq5EVdS7C0Yi/ZlfffQndy27ot+0Yd7x3FhNDQ2Z9JRFtaLhG1i0VZh1NJqRV/l/YiVVNDBWtY2dskDnJ4bHIqonaVv8AV9UNtCZ0v6do8f8AVEBOusVHFOxKJ+m1W+Fhcoi+sgmcxicOmlt9d0NtPUS00qSwvVr04y1vbWTUVJWaCNllTw8ceopS7vngW63R/wDD6IXr9sufViI1aTHlSAAzdTpIXUrNzUK1Mb5ItLWjF15yvpQhb/Y/NKjpf/sa7XcIooZKSsarqeTj+6pu4Mtqrppc2pH91UTS/wA/A3zmIw8zZGna0XmYzPw9nuVDwXLSUsEzEfrTS1pnKen0GVhVUt9wVNqM+imi6XCF9OyiokVKePa5f5jOzTxRUFc2SRjHPZhqOciKupdgifrTakxoT28ypy8pFVNy9Vj7/YUZcU08TdzlRCsjEkc/KMVyZXZxFKeZdHqYzWv94U5e3ryPb9DxNFPjj/yURb0Fwp5KNaC4Iu9fyPT+UUmO8J9RWc1vEZwqC9b/ALTdvn3/AAM+1/5MEttrY7Tfcmuj+6mMmi63FlSxlNTN0KaLYnKTEbInLO9+vasUjxOUmyqqWe4qm1GL/apRlxap4o7VXskkY172qjWq5EVdS7CnIt9sNNGP6l/8ABJtzKeSsY2rfoxLnK5wUiMy6LW2xMowJFcyCOskbSu0oUXwVI4mMFZ3REryxeTrj7H0Uoy7sMkDaWsimnji3xEaiucicSmvgmiTW67QqnoRO01ms2rGHFXVrp6t93zhEtETprnAjU8VyOX1JrN94lbJfHK1dTXNbn1Eju6itkL2W/Ms7kwsrk1IUquVzlcqqqquVUrMxWML0idTUnUmMRjELjdOn/8AIRr/APSTrUraBFWvp0TnW9ZbrUUN3pY21c28VEaY0l2KY0zLdbamORKlKmXSRG41NbnaqqXmubbvhlTU2aXTmJyj7o/KrvYQlXLT73KPHi5bpfBSHf5Y5rk58T2vboprauULR9TFBZKNlRHpwytRr0401bUEd5srbMU0uzmS9oM97VZp+LldHPqT6mttttbl00uSJH91cI7/AD8DC6XGB1M2ioUVIG7V+8VrG3My11L9aYrWJ8tu5r/5v2E+pAtPlSn9tCZYJ4oe6t9kYzSYiJpORM7SDbHtjuMD3uRrUflVVcIg+KkxO7U/t/sk3rHD0mls0mZ+CG/dRpd3Rfd3vV8VId6kZLdZnxva9i6OHNXKL4KE2OspLlRsp696xTR6my8pPaZtCsRNY0748QpDLXpt084zxlzFR2ujkSaaubPo60YxNq/hkr7lWur6pZVTRaiYa3kQpNdsd29dXqWxWO3Kx3UaW/0/3NBccn+bCjLymrqSuoW0lwcrHx+JIa1orXTLvktdv6JrSNm1fgXtXdO6GOjqdGvTtE5j/q3XDS72aTTznKbeTC4Mdy32qf2PqZXWuiq7NFoujbJp53trky1NfF8CJYq2OjrHLMuix7dHS5FJmYi8Mq1tPp7xjvlWLtOle+jZYKRauJ8kWrUxdi4X0p6Srr6CkgidLT10cuvVGmM4+Jsttwg7ldQ1yKsDvFcn8pFfpmYlrrf1aRaue0/5Zb/Y/NKjpf8A7HtZcaN9rWjpYZWJlFbp7E155T1LZbUdprc2rH91ETS/z8DTdrhFUMjpqVujTxbP+RMzMROcKVrW9425nHKsNtL9rh9tvWajKN+9ysemvRVFMY8vQtGYmFpul8p//bT6m/cz4tZo/wATQTR+f7GytjoLq9tQleyF2iiK1+PqqFTb6x1vrElb4TfFcn3kNZ7X3OCsdT0/TjzCIuc69pZ7ndLhaPR2aLtL1Y/8EqemtVc9Z4qxtOrtbmu5fUpst9Rb6CrZDBIj1fnfJ3rhETC6k/EVpi2cp1dffpTWKznCquqql1qFRcKki4Jq3Sjro2tuVOu+NTCSx7SFXzIl1lmjVr0STSRU1opYzNtl00Ze6EpJcYc1yahGczhN4iKU3RPjzHwj1NrhdSvqqCo36NmtzVTWhnuX8pP90vWhsfPR2ygmgpp+6Jpkwrk2Iho3OzRQV73TSNjasaply4TOUJjEWhS03to3z3j45T7rpcEpwfjufK77jxvx+pzZZUFyWirZM+HBI5dNu38UMbtTU0cu+0c0b4n69BrkVWr6uQrf6u8NNDOlOy3z4lXgsa6GgZQwPppdKZ2NNM54teeQrjOYw6qXi8ZgLzct9qn9j6lGXG5ueGCpmWaVkaKzCK5yJxl9P7oY+rjOjKnLLc/5Xh9TupTbwRSf1Wn+XaQWv7gr0fC9sm9O1OTY5BiazEyTqV1qTSvnD26IqXKpzzikzc2irdPUxfoSallsuju6Eq0p5VTw0cbLZNbqCoWKOdJHORdOZy6KJ6ELxX6sue+rnR2YnOFLL5Uf75f7iw3UKvCEacW9J1qV0jmrcXPRyaO+quc6sZJu6KaKevY6GRsjUjRMtXKZypX/AEy1xPV0/wCyDQKqV9Oqc63rJ26DHC652aLckCjcja2BzlRGpI1VVeLWS79LHNcnPie17dFNbVyhEfYtaP68f2S91Ge6YPuaGr4/+CjLqGspLhRMpa9yxyR6mSiKitdLIks1e2ZrdaMam34ZLWrunMM9LU6NOnaJzH/VTO0v5s/iXVzVe9+gTi1dSkC6Vy19UsmNFiJhjeRCXcZ4n2WijZIxz240mo5FVNREYjK2putOnMxjuqC8vuu3W5V26H0Qoy4vE8UtvoGxyMe5jMORrkVU1JtIr9sr60f1af5U4AM3SAAAAABebnfEn9afUoy83OeJP60+prpfe5PW/wAMr5iG1qGthtadjwHqIZYPEMgPMA9AAAAYqYuMlMXAanlBuj8SD1r9C9meyKNz5HI1rUyqrxHG1lc+vqnSO1MTUxvIhnq/bLq9H/NVoABxPoAAAAAAAAAAAAAAAAAAAAAAAAAAAAAAAAAAAAAAAAAAAAAAAAAAAAAALxK2319FDFXufFJCmEc1FXPXyFGC1bbWWppRqYz2mHr9FHuRq5bnUvoPACrUAAAAAAAAAAAAAAAAAAAAAAAAAAAAAC7ufkGg/DqKQzdNK9jWOke5jdjVcqonqQtW2Illqac2tWY+GAAKtQAAAAAAAAAAAAAAAAAAAAAAAAAAAAAAAAAAAAAAAAAAAAAAAAAAAAAAAAAAAAAAAAAAC83OeJP60+pRm6irn0NU2Ruti6nt5U7TXS+5yet/hl2rDa00QvbLG2Ri6TXJlF5UN7TseAyQyMUMgAAAAADFTFxkpi4Cg3T1SxwMp2LhZNbvUhzUW1Sw3QS77dZU4mIjU+Hbkr4tqmer9sur0f8ANVsABxPoAAAAAAAAAFjNb4o7NDWI5++PdhUVUxx9hXEzEx5UpqRfOPgABC4AAABYx2+J1kkrVc/fGuwiZTG1E+pMRMqX1IpjPyrgCxuc1BLFAlFFoORPC1Y+PKIjtktfFojHlXAAhcAAAAAAAAAAAAlW2mZWV8UEiuRr85Vu3YqkxGZwra0VrNp+EUG+ugbTVksLFVWsdhFXaaBMY7JraLRmAGUbHSSNYxMucuET0lzJR2y2o1lar5p1TKtYupOomtZlnqa0UmI8ypAXE1vpKqjfVW5zkWPW+NxUxsdJI1jEy5y4RPSJrMFNWt4meGIL2Sitdua1la580yplWtzqNc9uo6qjfU217sx63RuLdOWceqpPxOOfhTAyjY6SRrGJlzlwiekuZKO2W1GsrVfNOqZVrF1J1Fa1mWmprRSYjzMqQFxNb6Sqo31Vuc5Fj1vjcVDUVzkaiZVVwiC1ZhOnq1vE4+HgLp1Fb7cxqV6vlncmVjYvinjqGir6eSS3K9kkaZWJ/Ghbpyy9zXicc/CmABm6QAzgifPMyKNMueuEBMxEZlgC9lpbTb1SKqWSabHhI3Oo1VdtpZaJ1ZbnuVrPHY7ahp05c0eqrMx2nE/KnBnDE+eZkUaZc9cIXMtLarcqRVSyTzY8JG6sfMrWsz3aamtFJxjM/pRgt6q3U0tE6st73Kxnjxu2oVAtWap09SNSMwAAq0AXFrorbWRxxySyd0uzlibOrkK2sibBWTRMzoserUyWmsxGWVNaLXmmO8NILajt1OyiStuD3Njd4jG7XGyKOzVr0hiSankdqa5y6lX4qTGnKk+prEziJmIUoN1XTPpKl8EnjNXby+k0lJjDeJi0ZgBuo6Z9XUsgj2uXbyJyltLBZqJ+8zb7NImpyoq6lLRWZjLLU1opO3GZ/SjBa3C2wJSJW0MivgzhyLtaRbeyie9/d0r42oiaKtTOfkomsxOCNatqbo//AFEBc9z2Lzyfor+kynt1u4Nlq6aeV6M1JpakVfgW6c8qe6rmImJ/5KQAl22hdX1O9I7RaiZc7kQpEZnEN7WikbpRAXT1scDliWOaZU1LIir2oaLnbooaeOro3q+nk1a9qFppMMa+orMxExMZ5VgJNvon19UkLFwm1zuRCxkSyUz1hcyaZzdSvaurPxQRSZjK19eK22xEzP6UoLO4W+GOmbWUUiyU7lwqLtapWFZiYnuvp6kakZgABC4AAALWgpIJbRVzSMzJHnRdnZqKotNcM6akWmYj4AAVaAAAAAAAAAAAAtrpSQQW2ilij0XyNRXLldepCpLWrtnDPT1I1K7oAAVaAAAAAAAAABY3GagkpoG0kejIieGuMfHlJiMwpa+JiMeVcACFwAsbjb4qSkpZWOerpm5cjlTCak2fEmImYypbUitorPyrgAQuGe9SKxHpG7RVcI7GpVMC1SojSxwR6bdNs+VbnXjWuS1Yyy1bzTGIVugsUrUmY5qZRVaqYXBcuo7fX0M01Cx8UkKZVrl2/NSHfZmTXJ74nte3RREVq5TYS7J4FruMn/DHyXtL1iN01c+ra06ddSJxPZSAAydoAAAAAAAAa5dqGw1y7UNdL7nJ63+GXSbmKpZIH07l1x62+pf36zoGnF7n5ViusaZwj0Vq/DtRDtGnY8BkhkYoZAAAAAAGKmLjJTFwHCXZVW51OecUjRbVJN18p1PvF6yNFtUz1ftl1ej/AJqtgAOJ9AAAAWloooJop6qqy6KFM6KcfGVZOttyfQOe1WJJFJqexeMtTGe7HXi80mKeU2Kvtc8qQyW9sbHLhHoutCDXU8dBcURuJYkVHoirtTkUmJFaK52InyUsjtjXa25/z0ldXUclDULDLhV2oqcaF7ZxlhoxXdiMx+pdDNXQNscM60Ubo3OwkS4wm30HP1czaypR0FO2HKI1GM41LOq/2tTe39VK2144TptLZviE3mZmIU9PStK2vHmJlavp6C0Qs7qj7oqXpnR4k/Y0pNbbi7eVpkpJXamPbsz6TTuh0uFpNLZhuj6sf+StTOUxt4iLWxOMdl9PR30i82nMrndDSxUrKRscbGOVrtJWpjK6jbbqKmqLE90yMYqOysuimURFRV1+obp9LQotPxtF2fkYQqqbk58ff/8AchftvlhE2nQp375/3RK+poHxMjo6dWaDsq9ya3IXMddCtikqEoo0ja7Cw6tFdaeg5UvIf9pz+2n9yFaWmZlr6jRrFax+1bXVUVU9roqZlOjUwqM4/kTr7BFDT0KxRMYr2Krla1EzqQpy83RfZbf7C9TSsTmszLS9YpqadY8d2Vqo6aosszpkY1UeuZNFMoiYVdZpbcLXGu9ttyOj2ablRXL/AJ6zZSLjcvVY+/2FGWtbbEYZ6el1LX3TPlbXaggZTx1tEv8AoSbW8imm0W7u+Zyvdowxpl6/Ql7dymvik1dIytWe9+u3vx8rnHJhP3J2xNso6l66UxnvnGWMlfaoXLFDQNlYmrTdx/HWSrXR2+qmdUwMRY9FUdDImdF2rCp8zmi73LaXdk2PF3vX686vqRS2bYmD1GjGnpTaszn+6nmREmeiJhEcpgZz/wAeT2l6zAyl318QuLbb6dKRa+vVd5TxW/ePXXG1vXQdbUbH95uEd/n4my654AodDxMJn14/8lEa2nZ2hxaVOtm9pnz/AMnRPt9LFZKiaJGStd4Ucit8JE1as/Ei7nKiNlayF0DHPeqqki7W6l2G+j0u9ap0tmV0fVq+uSBYfLFP/wBv7VJmfqrhnWudLUi05xlMutwp0qKiBaCJX6277qznl2FGTLv5UqPbIZneZmXX6fTrSkTHy20s601QyZrUcrFyiLsPauofV1L55MI567ENJKt9BLXzoyNMNTxnrsahEZntC9tlP6lllufRYqStqH6o0Zj1rrIlgYj7tFnWjUV3yN12rIo4G2+jX/RZ47k/mU1bnno27Rov8yKnyNO26K8OTFp076k/KPc5FluVQ5Vz/qKn4JqJu5p6pcHM/lfGuUINxYrLhUNXnHdZN3NMV1yVybGxqqkV+9pq49t/hCbItFcFexqOWJ64RdhhV1D6upfPJhHPXYhjUuR9TK9NjnqvzN1voJa+dGRphqeM9djUKd5nENfprHUt5wstz6LFSVtQ/VGjMetdf+fiQbLGkt1p2rsR2l8EySbtWRRwNt9Gv+izx3J/MpHsb0Zd4FXYqqnxRTTtmK8OeItOnfU5S6m2y1lZPUTzMgiWRWtdIu1E1avgYvtVTSxOqKGqSVqJ4SxLhcEa9TPlucyPVcMXRanIhu3OSvZc2xoq6EjVRyfhkfTNsK41K6UXz2x4VbWue9GtRXOVdSImVU39wVnms/8A+NT2pVaa5SrCuiscq6Powpv4cuPnP5G9hSIrHl02tqTETp4x+0V9JUxsV8lPKxqbVcxURCfubjR900l/kYrk6vqRp7rW1ELopp9JjtqaKJ9CVuaejbmqL/NGqJ8l+hNdu6MM9bqdG27z+lfVyLLVzPcuVc9V+ZabmV0p6iB2tj48qny+pU1LVZUysXUrXqnzLbcwmKuaRdTWx61/H9hT7z1GPbzhW0tQ6hq0lY1rnMyiI7ZyGuomdUTyTP8AGe5VUweuk9zuVcku226SvmwngxN8d/J+5WMz2htOyn9SywtCLDZq+aTUxzdFM8a4x9SmihlmcrYo3yKmvDUyWV3ro3sZRUmqni40/mUgUtXPRyK+nfoOVMKuEXV+Ja0x2jhjpVvi14jvLLuCs81n/wDxqa5aeaDG/RPjzs0mqmSZw5cfOfyN7CPV11TWI1KiTT0dngomPgRO3HZpSdbP1YwlbnvK8Xqd1Ee5+Uqn3juskbnvK8Xqd1Ee5+Uqn3jusn/QpH/qJ/ssb2iutlvcz+GjMauXCY+pTRo50jUZnSVUxjlLKhuawUvc9XBv1MuzPEZ8JUFOqvoaJWzcTpFzo/hlSZxac5UpN9Ks025/bPdPHo1sT+N0ev8ABSlLjdG5yzU7Xrl6RIrvWU5XU+6Wvpf4YXW5pqJPUTKmdCP/ADqKZzle5XOXKquVUudzS6UtTFxvj1f5+JSqioqoqYVCbfbCNP8Amv8A4Xdi/wBW318DtbdDKevC9iFIXdg/06OvmXUiM+ilILfbBo/y3x+nrGq96NamXOXCIW96clLS09ujXxE0n441/wAyYWCna6pfUy6oqdukqrykCrndVVUkztr1z6k4h9tf7k/1NbHxX/ulUs1A22TRzRZqVzorj4a+Ihw1E0GlvMjmaSYXC7TWbYqeaZj3xRuc1iZcqcRXMz4abK1zMz55SKW1VlXGkkMaLGurSVyIS7hJHSWuO3NkSSVHZkVuxuvOCuhrKmBESKeRjU2Ijlx8C0qV4Rsa1krU7ohdoq9ExpJq7S9cYnHlz6u+L1m/25//AIbm9a1bW/xFj8H5/sUqoqKqKmFTabqKompalssCKrm7UxnKFnJcbXUOWSooHb6u3RXUq/FCO1qxGVp3aepNojMS9tcTn2GuRyeBhVb60TPYUh0dPXLUWyvVsTYoGR6EbE4sovahzhN8YjB6abTa+Yx3C9ZR0VrpGTV7FlnkTwY+QpqbHdMWls00z8S03T6XCDM+LvaY+KkV7RNk60zbUrp5xEvUq7XWLvUtIlNpakkYuz1md7oo6O20rWsZvmcOe1uFdqKMvr1pcC0On42Ez0S0TurOWV9Pp6lIrPZhbPINf+PURbDFHNc2slY17VaupyZQlWzyDX/j1Gjc55VZ7Lh81RPaur/58JVRwZbp5WSQ7/M5yrhETRYi7E+BXWugWvqdBXaMbEy93IhquKqtxqVXnXdZb7nVjShrVe1XJjwkbtVML+4j6r4TOdLQ3xPecNT6+107ljgoGzNTVpvXb8ciWjpLhRyVNAxYpItb4jDf7H5pUdL/APYkUlztdGr1p6aoarkwvH9S3ntMwznNYzSLZ/apt9G+uq2wtXCbXO5ELSeotVvesEdGlQ5upzncvrPNy+N/qceNoJo/58CkdnSXSzpZ15KZ21iYbzE62rNbT2hf0MFvuNUySCJInsXMkLtaOT0FXdY2x3OeONiNajsI1qYTYbbBpcLw6Ppz6sKZ1uj3xrpeLvzc/ImfqqrWJ09aYzmMJSUlFaaZklczfqh6ZSPiQ1JU2uudvUlL3K52psjF1IvpMd0ulwmmlnR3tNH5lQLW2ziINLS6lOpaZzLoN0MSwW+iiVUVWJoqqehENKQQ1m59ZY4mNngXwla1EVUTl/A2X/S4NodPOljXnlwhH3O1CR1jqd/8OdujheX/ADJacb8csqRPt4tHmJyqkRVVERMquwtrzFDR0tNSsjZv2jpSPRqZ+Prz8D2329WXx0T08CBVeqrycX0IFxqVq66WbiVcN9SbDPG2s5dO7q6sY8R3Riba6Ba+p0FdoxsTL3ciEIv9zqxpQ1qvarkx4SN2qmF/cjTjNsSv6m8005mGp9fa6dyxwUDZmpq03rt+ORLR0lwo5KmgYsUkWt8Rhv8AY/NKjpf/ALEikudro1etPTVDVcmF4/qa+e0zDjnNYzSLZ/aFZZKdahaeqiY5suprnNTLV9Z5wTLwt3Hr0c50v+PKV6Z0tW3OrB18vdLrQ7Gj3akSaWPGx/nzK0iLRifhpr2tpWzWfu/8y567y07qreqWNjI4vBy1qJpLx6yTeYIoqChdHGxjnsy5WtRFXUm0py8vvk63ex9EIicxaV7V2X06x+2q3UlNHbn3CrYsrWrhrE+Bup6m2V8iU8lE2BXamvavGQ7dc+5YX088STU79rV2oSGUdrr3aNJO+CVdjHplF/z1lontGGWpWYtadTP6mPhCVGW+5Kj2NqGRqvgrscipq6y9uddBBR0j5KKOVsjcta7GGak2ajmqiB9NO+GVMPYuFLi+eTbd7H0QiszEStq0re+nnvlXxRtuN0ayNjYWyu8VuxqY19RY1NTbbfO6mbQNmVmpznrrz+JTQTPp5mSxrh7FyhbPrrbcF0qyF8My7ZGLn/PgRWe37W1qTFo7TNcfDXcqakkomVtF4COXDo1XYVJY19sSCnbVU0yTU7lxpcaFcVv5benmNnachc2V8ctDV0SvayWVPAzx6imLqytZDQ1dboI6WJMMymzUTp/cr6r+P/kqqinlpZlimbovTiNRsqJ5amVZZnq968ZrKTjPZvXO2N3kABCwAAAAAGuXahsNcu1DXS+5yet/hlJtKqlzpsc4h3bThLV5TpveJ1ndtOx4DJDIxQyAAAAAAMVMXGSmLgOEuvlOp94vWRotqkm6+U6n3i9ZGi2qZ6v2y6vR/wA1WwAHE+gAAALO1VdNHHLS1jP9KTY9E1tKwE1nE5U1KRqV2yumW62RvSR9ya6NFzoomtf89RDvFc2vrN8YioxqaLc8fpIILTbMYiGdNHFt1pzK8pJqSss7aGonSB8bso52xdf7lZWQspKlGwVDZkREcj2cS/EjATbMFNHZaZie0/C/dU0F3gZ3XJ3PUsTGlxL+xpSK2252/d0d1yt1sY3Zn0lMCd/zjupHpsdotOOF1uhqoqllI6ORj3I12kjVzhdRjFPEm5maFZGb6r0VGaSZ8ZOIpwN/eZTHp4ilaZ8TkLq11FNLbJqCplSHSdlrl2cXYUoK1ttlrq6cakYSq+lhpXtbDVMqEcmVVuNXzUnX2eKanoUikY9WMVHI1yLjUhTgnd5iPlXpTM1tM5mFxTTxN3OVEKyMSRz8oxXJldnEU4BFrZwtp6eyZ/c5W6Txd7Sw74zfdPOhpa9vIR7Rce4J3abdKGRMPb9SATrStItSsda1FY9MI5VxoqWi0zMMr6Va6ds94numy0FqncssNe2Ji69BeL1Z1k6zTUjKl9JRIrmIxXPldtcuUT4FZPufq2yLvCNljXxXI5E1EulhbYqaWeoe1aiRuixiLk0rmJzjDj1NtqbYvu4hQz/x5PaXrMAqqqqq7VBzvUiMQt7ZcKdaR1DXoqwr4rvumTrda2LpuuSOj+63Cu/z8CmBpv7d4YT6f6pmtpjLon3ClmslRFErIkb4Mcau8JU1a8fEprdUJSV8M7vFauvHIuojAibzMxJp+nrStq/Eru40tDUvmq4q+NFciu3tcZVcbNpSAEWnPfC+lpzpxiZy3UcUc9VHHNKkUar4T1XGDpJ20a0iUtJcYKeP+bCoqu/HJyoLVvtjwz1tCdS0TuxhccD0f9Xg+CfqKxki01Sj43Iqxuyi8uDUCs2j4hemnaMxe2V/UJbLsqTrUpTTKmHo7jMXVNFa6OSKjl36olTCvTiKIFup847s49L8TaccN1HFHPVRxzSpFGq+E9Vxg6SdtGtIlLSXGCnj/mwqKrvxycqBW+2PCdbQnUtE7sYXHA9H/V4Pgn6irRywT6Ubsqx2WuTjwu01grMx8Q0pp2jO+2V5NwddsTOqEpahUw9HJqU9hfb7O18kU6VVQqYbo7EKIFt/zjuy9t227p28PXuV73PcuXOXKqeAGbqjsG2lqHUtTHOzxmLnHKagI7ImItGJX1RFa7m/uhKtKeR3jtdymE9VR2+gkpaGRZZZdT5PQUgNOp+nNHpvETaZiPhJoIYaiqayolSKParlXH4HQVbaSWmbTU1yp6eFE1tRUVXfjk5YCt9sYwnV0J1LRbdjC44Ho/6vB8E/UU67QCtpifENdOl6/dbIACrRYWOVkNzjfK9rGoi5Vy4TYR7g5r6+ocxyOar1VFRcousjgtu+nDPp/wBTf+sLeiqqWpt/cNc5Y9FcxychnFRWykkSaWvbOjdaMYm1fipSgtv5hlPp+87bTESk3CrWtq3zqmEXU1ORCMAUmczl0VrFYiISbfVuoqxk6JlE1OTlQtJ6W1Vsizx1qQaetzHYTX+JRAtFsRiWOpo7rbqziVzXVlLTW/uCgcr0cuZJOUpgCLW3L6WlGnGIXE08VJY2U0MjHSzLmTRci49HUhTgC1smnp7In9rClhoHWyaSaXFSmdFufhq4zy016UNQ5Xt0opE0Xp9SABuxjCs6MTFotOYlcvt1smcskNxbGxdeg5NafFUMbhWU0VA2goVV7M5e9eMqAW38QpHp+8Ta0zhKttYtDWMmxpN2OTlQsZaG2VUizQ3BkLXLlWOTZ8VQpARFsRiYXvo7rbqziVtXVVNBQpQULle1VzJJ94qQCLWytp6cacYgL2Oso7nSMguD96mj8WTlKICttqNXSjUx8TC57ktdGu+yVfdOjrSNibfWZ3qtjq7bSua9m+Zy5jXZ0dRRgtv7YiGcen+qLWtmYW9uniZZa2N8jGvdnRarkRV1Gmwyxw3Jr5XtY3RXW5cIVwI3+P0tOhExaM/c31zkfXVDmqitWRyoqbFTJutde6gqdPGlG5MPbyoQgRunOV504mmyfC6kobXUvWWCvbA1dasemz44E9ZSUFC+koHLLJJ48pSgtv4hlHp84i1pmI+Em31j6GqbMxMompycqFrPT2q4PWeOrSne7W5ruX1KUIIi+IxK2po7rbqziXQUM9vt9UyOCRJHPXEkztSNTkQq7tI2S5zvjcjmq7KOauU2EMCb5jCKaEUvvzlfJWUV1pWRVz95qGJhJOU1JTWuhdvslV3U5utsbNir6SmBO/mO6vtsdq2mI4Xl9rI6uhpHNkYsmMva12dFcFLG90cjXsXDmqiovpMTfQ061dZFCmxztfoTjImZtbK9NOujpzHw6K6VUcdrWpY3Rmq2Nb6cY7FU5Ytd0NSktakDP4cCaKInLxlUTqTmVPSaezTzyE2117qCp08aUbkw9vKhCBSJxOYdF6Res1ldSUNrqXrLBXtgautWPTZ8cCespKChfSUDllkk8eUpQX38Qwj0+cRa0zEfCxszKds7qmqkY1kKZaxVTLl9Qgu0rLqtW/Oi9cOb/wAeT8CuBEXmI7LzoRaZm3fKwvMVO2r32lljfHL4WGuRdFeMkXmeKWgoWxyMe5jMORrkVU1JtKcDf5/aI0ftzP2ra31VHLROoq3/AE9eWyomw3U9JbaKZtQ+4Nl0F0mtamvP4FGCYv8ApW3p8zOLTET5SbhVd2Vsk+MI5dSehNRbK+julup4paptPLCmPC9WCgBEXxnPytfQiYiKzjHhMY9lvuWWObURsXamxyYLCeltddIs8Va2n0tbmOTYpRgRbHbBbRmZi0WxK4r6qlgtqW+jesqK7L38XKU4BFrbl9LTjTjEBd2Tw7ZcY/8Ahn5L2FMzRV7UeuG5TK+gunVtvoaKaGgc+SSZMK5yYx1FtPtOZY+qzasUiO8qMAGbqAAAAAAAADXLtQ2GuXahrpfc5PW/wyk2rynTe8TrO7acJavKdN7xOs7tp2PAZIZGKGQAAAAABipi4yUxcBwl18p1PvF6yNFtUk3XynU+8XrI0W1TPV+2XV6P+arYADifQAAAAAAAAAAAAAAAAAAAAAAAAAAA2x1E8SYjmkYnI1yoa3Pc92k9yuXlVcngJzKIrETmIAAQkAAAAAAAAAAAAAAAAAAAAAAAAAAAAAAAAAAAAAAAAAAAAAAAAAAAAAAAAAAAAAAAAAAAAAAAAAAAAAAAAAAAAAAAAMo5JInaUT3MdytXCmIBMRPaXrnK5yucqqq61VeM8AAAAAAAAAAAAAAAAAAAAAAAAAAAAAAAAAAAAAa5dqGw1y7UNdL7nJ63+GUm1eU6b3idZ3bThLV5TpveJ1ndtOx4DJDIxQyAAAAAAPFMFM1MFA4S6+U6n3i9ZFYuH+sl3XynU+8XrIS6lyRaMxhppX2XizeDxrtJMnpwTGOz6WtotGYAAQkAAAAAAAAAAAAAAAAAAAAAAAAAAAAAAAAAAAAAAAAAAAAAAAAAAAAAAAAAAAAAAAAAAAAAAAAAAAAAAAAAAAAAAAAAAAAAAAAAAAAAAAAAAAAAAAAAAAAAAAAAAAAAAAAAAAAAAAAAAAAAAAAAAAAAAAAAAAAADU9cv9Rsc7RTJpQ6NGvfLzP+IasbYpCZavKdN7xOs7tDhbV5TpveJ1ndIdLyGaHp4h6AAAAAAeKYqZHigcJdfKdT7xeshKTbr5TqfeL1kNQMWuVi+g3NcjkyimlUMdaLlFwZX04t3dnp/V20u094SQaUmVNqZPd+TkU550rQ9SvrNG0eW0Grf28ijf28ijp24W91o/k2g1b+3kUb+3kUdO3B7rR/JtBq39vIo39vIo6duD3Wj+TaDVv7eRRv7eRR07cHutH8m0Grf28ijf28ijp24PdaP5NoNW/t5FG/t5FHTtwe60fybQat/byKN/byKOnbg91o/k2g1b+3kUb+3kUdO3B7rR/JtBq39vIo39vIo6duD3Wj+TaDVv7eRRv7eRR07cHutH8m0Grf28ijf28ijp24PdaP5NoNW/t5FG/t5FHTtwe60fybQat/byKN/byKOnbg91o/k2gm09slqIGStexEemURclc6ZGuVMLqXA6duD3Wj+TYDVv7eRRv7eRR07cHutH8m0G6gpnV2+b2qN0MZ0vT/AODCtjWimSJ6o5VbpZQdO3B7rR/JgDVv7eRRv7eRR07cHutH8m0Grf28ijf28ijp24PdaP5NoNW/t5FG/t5FHTtwe60fybQat/byKN/byKOnbg91o/k2g1b+3kUk0scdTq3+ON33X6h07cHutH8msFhwTJo536LHLkhVTY6ddHfmSO5Ga8fiOnbg91o/kwBq39vIo39vIo6duD3Wj+TaDVv7eRRv7eRR07cHutH8m0Grf28ijf28ijp24PdaP5NoNW/t5FG/t5FHTtwe60fybQat/byKN/byKOnbg91o/k2g1b+3kUb+3kUdO3B7rR/JtBq39vIo39vIo6duD3Wj+TaDVv7eRRv7eRR07cHutH8m0Grf28ijf28ijp24PdaP5NoNW/t5FG/t5FHTtwe60fybQat/byKN/byKOnbg91o/k2g1b+3kUb+3kUdO3B7rR/JtBq39vIo39vIo6duD3Wj+TaDVv7eRRv7eRR07cHutH8m0Grf28ijf28ijp24PdaP5NoNW/t5FG/t5FHTtwe60fybQat/byKN/byKOnbg91o/k2g1b+3kUb+3kUdO3B7rR/JtBq39vIo39vIo6duD3Wj+TaDVv7eRRv7eRR07cHutH8m0Grf28ijf28ijp24PdaP5NoNW/t5FG/t5FHTtwe60fybQat/byKN/byKOnbg91o/k2g1b+3kUb+3kUdO3B7rR/JtBq39vIo39vIo6duD3Wj+TaDVv7eRRv7eRR07cHutH8m0Grf28ijf28ijp24PdaP5NoNW/t5FG/t5FHTtwe60fybQat/byKN/byKOnbg91o/k2g1b+3kUb+3kUdO3B7rR/JtBq39vIo39vIo6duD3Wj+TaDVv7eRRv7eRR07cHutH8m0Grf28ijf28ijp24PdaP5NoNW/t5FG/t5FHTtwe60fybQat/byKN/byKOnbg91o/k2g1b+3kUb+nIo6duD3ej+TaeOcjUypqWZV2Jgw1quVXJeujPy5tX19IjFO8snOV6+g9Q8RDJDpiIiMQ8i95vO6yZavKdN7xOs7pDhbV5TpveJ1ndoSq9Q9PD0AAAAAAHinp4Bwl18p1PvHdZDVCbdfKlV7x3WRAMFQxVDZgxwBgqHmDPAwBrwMGeBgDDAwZ4GAMMDBngYAwwMGeBgDDAwZ4GAMMDBngYAwwMGeBgDDAwZ4GAMMDBngYAwwMGeBgDDAwZ4GAMMDBngYAwwMGeBgDDAwZ4GAMMDBngYAwwMGeBgDDAwZ4GAMMDBngYAwwMGeBgDDAwZ4GAMMDBngYAwwMGeBgDDAwZ4GAMMDBngYAwwMGeBgDDAwZ4GAMMDBngYAwwMGeBgDDAwZ4GAMMDBngYAwwMGeBgDDAwZ4GAMMDBngYAwwMGeBgDDAwZ4GAMMDBngYAwwMGeBgDDAwZ4GAMMDBngYAwwMGeBgDDAwZ4GAMMDBngYAwwMGeBgDDAwZ4GAMMDBngYAwwMGeBgDDAwZ4GAMMDBngYAwwMGeBgDDAwZ4GAMMDBngYAwwMGeBgDDAwZ4GAMMDBngYAwwMGeBgDDAwZ4GAMMDBngYAwwe4MsHuAMUQ9RD3B7gAiHqIe4PQJVq8p03vG9Z3Zwtq8qUvvG9Z3QHoAAAAAAAAAA4S6+VKn3jusiEy6+VKr3jusiAeHmDI8A8weYMgBjgYMgBjgYMgBjgYMgBjgYMgBjgYMgBjgYMgBjgYMgBjgYMgBjgYMgBjgYMgBjgYMgBjgYMgBjgYMgBjgYMgBjgYMgBjgYMgBjgYMgBjgYMgBjgYMgBjgYMgBjgYMgBjgYMgBjgYMgBjgYMgBjgYMgBjgYMgBjgYMgBjgYMgBjgYMgBjgYMgBjgYMgBjgYMgBjgYMgBjgYMgBjgYMgBjgYMgBjgYMgBjgYMgBjgYMgBjgYMgBjgYMgBjgYMgBjgYMgBjgYMgBjgYMgBjgYMgBjgYMgBjgYMgBjgYMgBjgYMgBjgYMgBjgYMgBjgYMgBjgYMgBjgYMgBjgYMgBjgYMgBjgYMgB5gYPQAB6AJVq8qU3vG9Z3Zwtq8qUvvG9Z3QAAAAAAAAAAAcLdfKlV7x3WRCXdfKlV7x3WRAAAAA309HUVKKsEL5EbqXRTYbeCq/wA0l+AEMEp9srY2Oe+mka1qZVVTYhnSWuprKZ88WhoMVUXK4XUmQIQAAAAAAAAA2gAWPAVy82/O3tK9UVFVF2oB4CZS2qtq2I+GFVYuxzlREX4ntVaq2kZpzQroJtc1UVE+AEIAAASIKGqqI9OGB725xlENnBVf5pL8AIYNs9PNTPRk8bo3KmUR3IagAB61Fc5ETaq4A8BMr7ZUW9rFn0MPVUTRXJDAAAAAAAAAAAAAAAAAAAAAAAAAAAAAAAAAAAAAAAAAAAAAAAAAAAAAAAAAAAAAAAAAAAAAAAAAAAAAAAAAAAAAAAAAAAAAAAAAAAAANoAG91HUtarnQSIiJlVVuw0AADfBR1FQmYonOTl2J8wNAN09JPTpmWJzU5dqGuON8rtGNjnrtw1MgYg39x1Pm8vQU8WkqURVWCVETaugoGkAAAbu5KnzeXoKYPikj/iRuZ7SYAwB61qucjWoqqupERNp6+N8btGRjmLyOTAGIB61rnuRrGq5y7ERMqB4DJ7HRuVr2q1ycTkwpiAAAEu1eVKX3jes7o4W1eVKX3jes7oAAAAAAAAAAAOFuvlSq947rIhLuvlSq947rIgAAAS6K5VNC1zadzURy5XLcnS2iunq7ZNPM5Fka5yIqJjYiKcedRue8h1HtP8A7UAqZb7XTQvie9ite1Wr4KbFLbc6iuss6ImVV7kRE9lDlzqtzLkZaZXLsbI5V+CAV0O5uskjRz3xxKv8qqqr8iFX22ot7k35qK12x7daKJ7rWzTrL3RI3XlEa5URC/SVbluakfNhZGscqr6W68gUVstslydI2ORrNBEVdLjyRJo1hmfGq5Vjlbn1KXu5P+LU+y36lNXfbqj3rusCRbLVJcmyLHI1mgqIulx5IL26L3N5FwdHuS/h1Prb9Tnpv40ntL1gYBNS5AA6+wV89fHMtQ5FVioiYTBzVLAlTc44V8V8mF9WdZd7k/4NT7TfqUdPP3NcWTYyjJMqnozrAvb/AHOWifHS0qpH4GVcibE2IifAwsN1nqahaWqdvqOauiqpr9S8pIu1s4WbFVUkrFXRxrXU5DyzWV1BPv8AUSMWTGi1reLIHP3OnSkuE0KJhrXZb6l1oRS03R+V5PZb1FWB1Nhesdime3xmq9U9eCr74bh99nQQtdzzEkskrHO0Uc5yKvJqQjcAUX9Qb8W9oFNW1s1dKkk6orkbophMaiXR2Ksq40kw2Ji60V+1fwMLdRsmvTadVR8bXrlfvImevBf3iG51D2so10IUTWqP0VVQKeo3OVkMavYrJcbUaq5KuNFSZqKmFRyHS2umu9LUt39+nAupyOk0selCDuhp2w3aN7ExvqI5fXnAFluipJ6zuaOBiudlyryJs2ld3sVWjnfodLk19hbX+vkoqNu8riSRdFHcicZzEdyrY5d8bUyq7OV0nKqL+AGuqpZqOZYp2K13yX1Gk6m7oy4WFlZooj2ojk9GdSp/nIcsAAAAAAAAAAAAAAAAAAAAAAAAAAAAAAAAAAAAAAAAAAAAAAAAAAAAAAAAAAAAAAAAAAAAAAAAAAAAAAAAAAAAAAAAAAAAAAAAACLhcoABd0lTNU26rWZ+krWKiakTiXkKqlppKqXe4sZxlcrqRCfbPJtb7K9SlbFLJC/TicrXcqAZb2kNUkc6YRrsPxyEutuT5Ho2me6OJqYRG6lID3Oe9XOVVcq5VVN9G+mZIq1UbntxqRvL8QLC1TyVSTQVDlkj0c5drx+JWQTy00ivhfouxjOEXV+JaqrKijey2q1mE8Nmjhyp6ylAmcK1vPflb2E5KudtpkmqH6TpPBYmET/OMqYInTzMibtcuCZd5W78ynj8SFuPxArz1njp6zw9Z46esC6u9ZUU1QxsMmiityqYReM1UFfJVTJT1WjIyRFTWiJgkXO3y1c7HxvjaiNx4Sry+o0U1JHb5N/qp48tRdFrVzlQIscW8XdkSLlGyoierJOvkCSRJM3W6NdF3qX/AD5kCCVZ7rHKqY0pUXH4lk6RrrpUUsniTMRPxwBQltY4E03VD9SJ4LfWv+fMrJInRzOiVPCR2iW71SmloqJq60cjn+sCFePKMnqTqQhE28eUZPUnUhCAAACXavKlL7xvWd0cLavKlL7xvWd0AAAAAAAAAAAHC3XypVe8d1kQl3XypVe8d1kQAAAB1G57yHUe0/8AtQ5csaG7yUVG+mZExzXqqqqqudaYArjqNz3kOo9p/wDahy5Y0N3koqN9MyJjmvVVVVVc60wBXHT2n/bNR7MnUcwWNNd5Ka3vo2xMVr0ciuXOdYEvcrK1lZLGq4V7NXpwRrtbamKvmc2F72SPVzXNaqprXYV0b3xPa+Nytc1coqcRcR7pqtrER8cT1+8qKgFpucopaSle6ZqsdK5FRq7UROU5llNLV1j4oGab1VVxlE6ywi3R1bHvc9rJNLGEXUjfUSNzbWtdV1smprUxn5r1IBSVNNNSS71O3ReiZxlF6jUbquodVVUk79r3Z9XoNIHS7k/4NT7Tfqc+qNWpxJnQ0/Cxtxkl2y6yW1sjY42v01RV0vQQHLpOV3KuQOgrrdU22NslrmqHRO8dEdnHIuEFjhramvbVVSyqyJFwsirrVUxqyQKG+VdFEkSaMkabEemz1GdXugrKmNY00ImrqXQTWv4gRrvOlTc55GrlulhF9CavoQwAOnsn+3qj/v8A2nMFjSXeSkoX0rYmOa/OXKq51pgrgJtoqW0tyhleuGZw5eRF1ZLy+NuLJWzUUkqxK3Ctj14XlwcsWdFfKujjSJNGRibEfxfiBMtsd2q5v9aeoihRNbl1KvqyQrquLm2LuiSfe8NVz1487DbUboq2ZisYjIc8bE1/MqWuVHo7aqLkDsb9QPrqNN6TMka6SJypxoctFbquaZIm08iOVceE1URPWTqjdDVyvjfGjYlZnxdaOzyobF3T1WjjeYdLl19oE68KygsTKNHIr3IjU9ONar/nKcsbqqpmq5llnernL8jSAAAAAAAAAAAAAAAAAAAAAAAAAAAAAAAAAAAAAAAAAAAAAAAAAAAAAAAAAAAAAAAAAAAAAAAAAAAAAAAAAAAAAAAAAAAAAAAAAAAFrbPJtb7K9SlbFFJM/QiarnciG2CskggliYjVbKmFVU17MGNLUyUsu+RYzjC52KgHkLGtqmx1CK1ulh3Fg33GidSzLoNVYl8V20jSyOmldI9cucuVJNPc6mnYjGuRzU2I5M4AkWSJ6TumVFbG1qoqrsUrZFR0j1bsVVVCTU3KpqWKx7ka1dqNTGSIBZ2piQxTVr01MTDfSpWvcr3q5y5c5cqpvfVyOpG02i1sbVzqTWvrI4A9Z46es8CLhUXkAtL99qj9j6qVZvq6uSska+RGoqJjwUNAG+g+3Qe2nWSLq90d1c9q4c3RVPghDikWGVkjURVauUyZVNQ6pmWV6Ijl+7sAukp456mKv1JHoaTvWn+fIrYZlqLtHKv80iY9CGplbKykdTJjQcu3jQ1QyLDKyRqIqtXKZAlXjyjJ6k6kIRtqZ3VM7pXoiOdjZsNQAAAS7V5UpfeN6zujhbV5UpfeN6zugAAAAAAAAAAA4W6+VKr3jusiEu6+VKr3jusiAAAAAAAAAAAAAAA2tqZ2QOgbK5Ina1ai6lNQAAAAAAAAAAAAAAAAAAAAAAAAAAAAAAAAAAAAAAAAAAAAAAAAAAAAAAAAAAAAAAAAAAAAAAAAAAAAAAAAAAAAAAAAAAAAAAAAAAAAAAAAAAAAAAAAAAAAAAAAAAAAAAAAAAAAAAAAAAAAAAAAAAAAAAJdq8qUvvG9Z3Rwtq8qUvvG9Z3QAAAAAAAAAAAcLdfKlV7x3WRCXdfKlV7x3WRAAAAAAAAAAAAAAAAAAAAAAAAAAAAAAAAAAAAAAAAAAAAAAAAAAAAAAAAAAAAAAAAAAAAAAAAAAAAAAAAAAAAAAAAAAAAAAAAAAAAAAAAAAAAAAAAAAAAAAAAAAAAAAAAAAAAAAAAAAARFXYgAHui7kX4DRXkUDwHuivIo0V5FA8B7oryL8Bou5F+AHgPdF33V+A0XfdX4AeA90XfdX4DRd91fgB4D3Rd91fgNF33V+AHgPdF33V+B4AAAAAAAABLtXlSl943rO6OFtXlSl943rO6AAAAAAAAAAADhbr5UqveO6yIS7r5UqveO6yIAAAAAAAAAAAAAAAAAAAAAAAAAAAAAAAAAAAAAAAAAAAAAAAAAAAAAAAAAAAAAAAAAAAAAAAAAAAAAAAAAAAAAAAAAAAAAAAAAAAAAAAAAAAAAAAAAAAAAAAAAAAAAAAAAAAAAADZFE6RdWpOUQx74/HEm0moiNTCJhEA1sgYzi0l5VM84CqWNstL6vEs2WQ8XK4CuY18r0ZG1XOXYiJkmMtFc9M7zo5+85EOmhgip40ZCxGNTiQ2AcxwJW/dZ0jxbJXInisX/ALHUADkJrfVwJmSB2E401p8iOinbkGutcFW1zkajJeJ6ca+nlA5hFMkUVEEtLMsUzcOT5pymKKBmemKHoHoAAHjmNd4zUX1noAjS0iLrj1LyKRHNVq4VMKWhqnhSVurxk2KBXgKmFwoAAACXavKlL7xvWd0cLavKlL7xvWd0AAAAAAAAAAAHC3XypVe8d1kQl3XypVe8d1kQAAAAB1FHFEtHCqRs1sRdnoA5cFzfYWNiie1iJ4SoqohTAAAAAAAAAAesY570axqucupEQsW2hzWotRPHDniVcgVoLGS0yaCvgkZMifdXWVyoqKqKmFTagAAAACZbKWOrqHRyK5ERir4K+lAIYN0UTX1jIlzorIjV5cZNlxp2U1UsUaqrURF1gRQCVQUXdsjm75oaKZzo5AigzmidDM+N21q4MAAJ1DbnVkT5Fk0GtXCeDnJBAAAAAAAAAAAAAAAAAAAAAAAAAAAAAAAAAAAAAAAAAAAAAAAAAAAAAAAAAAAAAAAAAAAAAAAAAAAAAAAAAAAAAAAAAAAAAAAB6iZVE5QJtOzQiTlXWpmqnq6kMFAlW2k7tq0Y7O9tTSeqch1iIjURGoiImpETiKrc9DoUTpeOR3yT/FLYAAAAAAAACDdaJKymXRT/AFWa2L9Dlk9J25yV1i3m5TNTY5dJPx1gaEMkMEMkAyB4egAAAAAEKrZoyaSbHEcm1iZiReRSEAAAEu1eVKX3jes7o4W1eVKX3jes7oAAAAAAAAAAAOFuvlSq947rIhLuvlSq947rIgAAADo7PKklC1vGxVapzhOtVWlNU4euI5NS+jkUCVeqyNzO5meE5HZcvJ6CnLm80KuXumJM6vDROspgAAAAAAAALW3o2loJa1URX+KzP+cpWSSPler5HK5y7VUs0/1dz+G7Y3a/j+5VAbqWpkpZkkjX1pxKhnXVEdVNvrI97VU8LXnPpIwVFTamAJ9DQMlhWoqX73CnzNiraXroIkrP+Znc1VltpGN8RURV+BUgW0tuigt00jkR70XLHoq601Guw/bX+7XrQ2xuc7c9JpcS4T1ZQ1WH7a/3a9aARoPKUfvk6zdevKDvZQ0weUo/fJ1m69eUHeygEAtbB9ol9n6lUWtg+0S+z9QMLq1Jo4a1iapEw70L/nUVyIrlRETKrqRCytqpU0s9G5dappM9ZrtMCLUulkTDIE0lzygW9KjYGpSN2sj0nL6VObjjdLI2NiZc5cIhb2qZZ6yqldtc3PqItlRFr0VeJqqgG19NQUWGVLnyy8bW7ECUlHWsd3G5zJUTOg/jPaiK2uqJHSVUiPVy6SaK6l+B7TcG007ZWVUiubxK1cdQFU5qtcrXJhUXCoeG+ukZLWSviXLHLlFwaAAAAAAAAAAAAAAAAAAAAAAAAAAAAAAAAAAAAAAAAAAAAAAAAAAAAAAAAAAAAAAAAAAAAAAAAAAAAAAAAAAAAAAAAAB63xk9Z4et8ZPWBYqa3GxTW4DqrMmLXB6l61JxCs/kuD1L1qTQAAAAAAAABzW6FMXBvpjRfmp0pze6LyhH7pOtQK1DNDBpmgHp6eHoAAAAABoq/wCAvrIJOq/4C+sggAABLtXlSl943rO6OFtXlSl943rO6AAAAAAAAAAADhbr5UqveO6yIS7r5UqveO6yIAAAAAAW9suaNakFSvg7GvXqU21lobKqyUyo1V16K7F9RRkqluFRS6mO0mfddrQC7gttPHAkb42vXjcqa1Ui3K3U0VG+WJisc3GxVXjPYr5Eqf6sTmr/AMdaGFwudPPRvijVyudjamOMCmAAAAATLfW9yvc2RNKF+pyEh1sinXTo6hitX+Vy60KsAW0VFT0T0lq52OVutGN15UhV1W6snV6phqampyIRgBa0k8FXRpR1LtBzfEcpitoVi6UtTE2P7xWAC8lfE+yzJAipGxdFFXj1prIth+2v92vWhWgCTB5Sj98nWbr15Qd7KEAAC1sH2iX2fqVQA200y09QyVP5V1+lC1ukkcFKrYdtS7TVfQUoAtLF/Fm9ggUs7qaoZK3XorrTlQ1AC3no4bg/f6SZiOdrcx2rWeRU1Pb2ukqnxyvxhsaaypAGT3ab3OwiZXOETCIYgAAAAAAAAAAAAAAAAAAAAAAAAAAAAAAAAAAAAAAAAAAAAAAAAAAAAAAAAAAAAAAAAAAAAAAAAAAAAAAAAAAAAAAAAAD1vjJ6zwAWSmDjJrtNiO5UPFQDprI9H2uJM62qqL8SwKDc7UI18lO5caXhNT08f0+BfgAAAAAAAADmL87SuSpnxWIn1+p0kj2xRue9URrUyqqcdPKs9RJK7a9yqBihmhihkgHp6eHoAAAAABoq/wCB+JBJda7U1v4kQAAAJdq8qUvvG9Z3Rwtq8qUvvG9Z3QAAAAAAAAAAAcLdfKlV7x3WRCXdfKlV7x3WRAAAAAAAAAAAAAAAAAAAAAAAAAAAAAAAAAAAAAAAAAAAAAAAAAAAAAAAAAAAAAAAAAAAAAAAAAAAAAAAAAAAAAAAAAAAAAAAAAAAAAAAAAAAAAAAAAAAAAAAAAAAAAAAAAAAAAACTSSf/DX1oSFQrkVUXKalJsM6SYa7U7rA2Me6KRsjFw5q5RTqbdXsrYcphJG+O3k/Y5ZUEb3wvR8blY5NiooHagoqW/KiI2qjVf8Am3sLBl2ontzv6N9DkVAJoIvCFH5zF0kDrlRtTK1Mf4LkCUebCumvdHGngOdKvI1O0qK26z1aKxP9KJdrWrt9agSL1cknXueByLEnjOT+ZewqkQIhkiAEMjxD0D0AAAAAPFVGoqquEQOcjUyq4QhVFRvngt8XrA1zSLJIruLiMAAAAAl2rypS+8b1ndHC2rypS+8b1ndAAAAAAAAAAABwt18qVXvHdZEJd18qVXvHdZEAAAAAAAAAAAAAAAAAAAAAAAAAAAAAAAAAAAAAAAAAAAAAAAAAAAAAAAAAAAAAAAAAAAAAAAAAAAAAAAAAAAAAAAAAAAAAAAAAAAAAAAAAAAAAAAAAAAAAAAAAAAAAAAAAAAAAAAAA2snezVnKek2JVJjW1fiRgBJ7oZ91TzuhvIpHAEjf28ijf28ikcASe6G/dUd0s+6pGAErupn3XHvdbPuuIgAmd1s+64d2M+64hgCb3Yz7rh3Yz7riEAJndjPuuMXVi/ysRPWRQBk+R8i+E5VMQAAAAAACXavKlL7xvWd0cLavKlL7xvWd0AAAAAAAAAAAHC3XypVe8d1kQl3XypVe8d1kQAAAAAAAAAAAAAAAAAAAAAAAAAAAAAAAAAAAAAAAAAAAAAAAAAAAAAAAAAAAAAAAAAAAAAAAAAAAAAAAAAAAAAAAAAAAAAAAAAAAAAAAAAAAAAAAAAAAAAAAAAAAAAAAAAAAAAAAAAAAAAAAAAAAAAAAAAAAAAAAAAAAAAAl2rypS+8b1ndHC2rypS+8b1ndAAAAAAAAAAABwt18qVXvHdZEJd18qVXvHdZEAAAAAAAAAAAAAAAAAAAAAAAAAAAAAAAAAAAAAAAAAAAAAAAAAAAAAAAAAAAAAAAAAAAAAAAAAAAAAAAAAAAAAAAAAAAAAAAAAAAAAAAAAAAAAAAAAAAAAAAAAAAAAAAAAAAAAAAAAAAAAAAAAAAAAAAAAAAAAAAAAAAAAAJdq8qUvvG9Z3Rwtq8qUvvG9Z3QAAAAAAAAAAAcLdfKlV7x3WRCXdfKlV7x3WRAAAAAAAAAAAAAAAAAAAAAAAAAAAAAAAAAAAAAAAAAAAAAAAAAAAAAAAAAAAAAAAAAAAAAAAAAAAAAAAAAAAAAAAAAAAAAAAAAAAAAAAAAAAAAAAAAAAAAAAAAAAAAAAAAAAAAAAAAAAAAAAAAAAAAAAAAAAAAAAAAAAAAACXavKlL7xvWd0cLavKlL7xvWd0AAAAAAAAAAAHC3XypVe8d1kQl3XypVe8d1kQAAAAAAGx1PM2JJXRuSNdjsaiZQ2x1SzfZXb3FxLxqW0klJPCtNv7NaaOpyAcyCZX2+SjVHZ0412O5PWQwAAAAvLY+jqGNh7nasjGZc5zE1lVWtRtZM1qIiI9cIibANALejo6eCjSqrEznWjV+WrjNsUltrX7ykCMcuzwUbn4AUYN9bTLS1LolXKbUXlQ0AAAAAAAAmWuohpp3OmblFbhFxnAEMG2qkZLUyPjboscuUQ1AAAAAAAAsLdQxVcEr5HPRWLq0VTkArwAAAAAAAAAABbuhi4B3ze2aeE8LRTPjcpUAAAAAAAEu1wMqKxrJEy1EVypykm7VTFV1JHEjWsci5TV8gKsAAAAAAAAAAAAAAAAAAAAAAAAAAAAAAAAAAAAAAAAAAAAAAAAAAAAAAAAAAAAAAAAAAAAAAAAAAAAAAAAAAAAAAAAAAAAAAAAAAAAAAAEu1eVKX3jes7o4W1eVKX3jes7oAAAAAAAAAAAOFuvlSq947rIhLuvlSq947rIgAAADOJm+SsZ95yIYG6i+2we8b1gWV7mWNkVNH4LNHKonJxIU5Z377XH7v6qVgF3QPWstk0MnhKxMIq/IpC5sP8Ko/D6lMAAAFnYftj/dr1oRK7XXz+2pLsP2x/u160Ilf9un9tQLG++BBTxp4uV+SFTC5WTxuTajkUt71mWkp5m+L2oVNOxZKiNjU1uciAWV/biWF3Kip8P/ACVJa396LPEz7rVX4/8AgqgLfc/48/qT6mUlwp6KZ0cFOjlRfCdnGV4zHc/48/qT6lXN/Gf7SgXm8U10gbK1u9uRcKqJr9KEfhSnpnb3T0yLGmrSzjJnZfsdR6/oUoFzXwQVVD3ZA1GuRMrhMZTjyabD9sf7tetDfSeQpvU40WH7Y/3a9aARazylL7xesu7jJTwNZLPHvjm5RjSkrPKUvvF6yw3QbIP+30AzprjBWyJBNTtbpam51oVtxpkpapWN8RU0m+owoft0HvE6yZfvtcfsfVQN9w8iU/qZ1FKXdcmlY4FbrREZn4YKVEVVRE1qoFzffs8HrXqJFrqnT0i5aib0iNT04Qj35MQQJ6V6hZPss/r+gEOtuT6yFI3RtaiO0sov+cpKpqeCiokqqlmm92tqKmduxCnOjqp4YqGKSSFJo1xhFRFxqAiNvEUjtCamaka6uXH4YI91omU7myw/w38XIpt4RovMGdFpjcq1J6ZsXc74kRyKmkmE2ASKeOGitrapYkkkciLn19Qhr6WtR0dVEyPVqVV+vERaWuqKSFGyQufAuzSRU+ZIjbb7iqsZGsMuM6tX7AVMzWsme1jkc1Fwjk40MDZUQrBO+Jy5Vq4zymsDoaWOOSzMbMuI8ZcvoRckVLvBEuhFSokezbjP4G5rXP3P4YmV0c/MogLmupYKqj7rpWo1UTKoiYynHq5SNaqJtS50k38JnFyqTLaix2eZz9TV0lTPJg9srk4PlTR0lRy5by6gNTrxFE5WQUzVjTVyZ/DB7U08FdRLVUzNB7fGRExnG1DXwjReYM6LTa25RJA9IqNzWORcq1ERAMLHUrpLTaKY1uz8DC7VznukpVYiI13jZNdj+3f9FNNy8oTe0BNoqWCmo+66pNLKZa1U2cmrlPUvMLl0H0yJH60X5YM7l4dnhczW1NFVxyYKQCzulFHHG2pp/wCG7aibNexUJNjajqOZq7Fdj5CZFisCNk1OVqYRfXkxs+q31HrXqA0VdZSpSvpaaJUTUmnjbhTOgpYIaRayqTSTa1qlSdEksbLRFI+JJWNa3LcIvoAiJeY1dovpU3vkzn5YNd0o4mRMqqfVG/aibNfGZcI0PmLOi0Vte2WiWFtM+Jq4wqphE1gVQAAAAAAAAAAAAAAAAAAAAAAAAAAAAAAAAAAAAAAAAAAAAAAAAAAAAAAAAAAAAAAAAAAAAAAAAAAAAAAAJVDSx1b1Y6fe38SaOc/Mn8Bf/wCz+T9ynRVaqKi4VNaKhf2y4pUIkUqokqbF+9+4GjgL/wD2fyfuaqm0x00SySVWETYmhrX5lxU1EdNEski4RNicanNVlXJVy6b9SJ4reJANAAAAAAAAJdq8qUvvG9Z3Rwtq8qUvvG9Z3QAAAAAAAAAAAcLdfKlV7x3WRCXdfKlV7x3WRAAAAFjaKJ08rZ3Lhkbsp6VQrjJr3tTDXuRPQoF9cbc+snbIx7WojcYX1kTgObnmfBStSV+Uy9+OPwiyl7gbTq9lTM52NTdLXkCdbaF1G2RHva7TxsKe4UTqOVEzljvFUj77Jzj/AImLnud4zlXHKoHgAAnWioipql75naLVZhFwq68oR6t7ZKuV7Fy1zlVFNIAs6G4xtp+5qpmlHsRcZ1ek3sq7ZS5fTxqr8asIv1KUAbamd1TO6V+13FyGoACxs9VDTPlWZ+ijkTGpV6iBIqOkcqbFVVQxAFna6uCnppmSv0XO2JhV4isAAs6argZaZYHPxI7Sw3Cmq0VEVNUvfM7RarMIuFXXlCCAN9TI19bJI1csV+UX0ZJl4q4KlId5fpaOc6lTk5SsAG2le2Oqie9cNa9FVfRklXeoiqahjoX6TUZhVwqca8pAAFnQXKOKDuepbpR8S4zq5FNi1Fsp13yniV8ieLtwi/iVAAtLvWQVMUSRP0lRVVUwqGu1VzKRXslRdB/GnEV4AnVyUG9ItI5d8V2tNez8fwM6G4tihWnqWacXFx4K4AXDZrTC5JWNc5ya0TCrj4kGurH1kqOVNFjfFbyEUAWlJcYlpkpqxiuYiYRU16jayrttHl9Oxznqnp+pTADOaV08z5X7XLkwAAuae5Q09tY1rkWZv8iovLy+o8Sa0yLvj4lY7aqYX6ainAFlcLkk8e8QNVkXHxZ/YjUNY+jl0mppNXU5vKRgBcOmtM7t8kY5rl1qmFTPwNNdcmSQdz0rNCLYq7M+grQBMtU8dPV6crtFuiqZwqmqukZLWSyRrlrlyimgAWNBckgjWCdunEvyN6TWiN2+NYqu24wq9eopwBMuFe6sciY0Y27G/VTfbauCCjmjlfoucq4TCrnUVgAE+33HuZqxSt04XcXIQABcJJaGu3xGqq7dHC/+CHcK91Y9ERNGNuxOX0qQwAAAAAAAAAAAAAAAAAAAAAAAAAAAAAAAAAAAAAAAAAAAAAAAAAAAAAAAAAAAAAAAAAAAAAAAAAAAAAAAAAPUVWqiouFTWioeADdUVMtS5FldpYTCGkAAAAAAAAACXavKlL7xvWd0cLavKlL7xvWd0AAAAAAAAAAAHC3XypVe8d1kQl3XypVe8d1kQAAAAAAAAAAAAAAAAAAAAAAAAAAAAAAAAAAAAAAAAAAAAAAAAAAAAAAAAAAAAAAAAAAAAAAAAAAAAAAAAAAAAAAAAAAAAAAAAAAAAAAAAAAAAAAAAAAAAAAAAAAAAAAAAAAAAAAAAAAAAAAAAAAAAAAAAAAAAAAAAAAAAAAl2rypS+8b1ndHC2rypS+8b1ndAAAAAAAAAAABwt18qVXvHdZEJd18qVXvHdZEAAAAAAAAAAAAAAAAAAAAAAAAAAAAAAAAAAAAAAAAAAAAAAAAAAAAAAAAAAAAAAAAAAAAAAAAAAAAAAAAAAAAAAAAAAAAAAAAAAAAAAAAAAAAAAAAAAAAAAAAAAAAAAAAAAAAAAAAAAAAAAAAAAAAAAAAAAAAAAAAAAAAAAJdq8qUvvG9Z3Rwtq8qUvvG9Z3QAAAAAAAAAAAcLdfKlV7x3WRCXdfKlV7x3WRAAAAAAAAAAAAAAAAAAAAAAAAAAAAAAAAAAAAAAAAAAAAAAAAAAAAAAAAAAAAAAAAAAAAAAAAAAAAAAAAAAAAAAAAAAAAAAAAAAAAAAAAAAAAAAAAAAAAAAAAAAAAAAAAAAAAAAAAAAAAAAAAAAAAAAAAAAAAAAAAAAAAAACXavKlL7xvWd0cLavKlL7xvWd0AAAAAAAAAAAHC3XypVe8d1kQl3XypVe8d1kQAAAAAAAAAAAAAAAAAAAAAAAAAAAAAAAAAAAAAAAAAAAAAAAAAAAAAAAAAAAAAAAAAAAAAAAAAAAAAAAAAAAAAAAAAAAAAAAAAAAAAAAAAAAAAAAAAAAAAAAAAAAAAAAAAAAAAAAAAAAAAAAAAAAAAAAAAAAAAAAAAAAAAAl2rypS+8b1ndHC2rypS+8b1ndAAAAAAAAAAABwt18qVXvHdZEJd18qVXvHdZEAAAAAT7dbe7GOkc/QYi41JrVQIALzgOLnn/BDF1lhbjM7kVVwmUTaBSg31dLJSS6EiepybFNAAAAAAAAAAAAAAAAAAAAAAAAAAAAAAAAAAAAAAAAAAAAAAAAAAAAAAAAAAAAAAAAAAAAAAAAAAAAAAAAAAAAAAAAAAAAAAAAAAAAAAAAAAAAAAAAAAAAAAAAAAAAAAAAAAAAAAAAAAAAAAAAAAAAAAAAAAAAS7V5UpfeN6zujhbV5UpfeN6zugAAAAAAAAAAA4W6+VKr3jusiEu6+VKr3jusiAAAAOgsX2F3tr1Ic+dBYvsLvbXqQCxK+9rihyn30LAjvkpql7qV6te5NrQK6lqo7hD3LV/wAT+R/L+5W1dM+lmWOT1ovKh0HBlGn/AMFOkvaQb+iIlPj/AJJ1AU4AA30dJJVy6EepE8Zy7EJro7XTLoSOfM5NqpsMkVaWxo5mp8zsKv8AnoQq2MfI7RY1XOXiamVAs20VFWNXuORzJE/keVksb4pHRyJhzVwqG6KCsikbIyCZHNXKLoKKx1TI9JKljmuVMIqs0cgRwWsMUFBRtqahiSSyeI1diGKXhXLozU8bo+REArAT7lSRxsZUU/8ABk4uRSABnBHvs8cezTcifFSzuVQ2m0qOCFjWq3CrjWRrXUvgqWsYjVSVzWuynFkl3WvljlkpmozQVuMqmvWgFOCwt1JE+N9VU/wo+LlUzW8K1dGOnibHyKgFYC1qIYK2jdVU7N7kZ47EMLD9tf7tetAK0FpNWQUu+QQQo5y5R0irrVeMqwM4Wo6aNrkyiuRF+Ja1bbbSTb2+meq4z4Ll7Srp/tEXtp1lheKeaSt0o4pHpopra1VA0VMtA6FUp4Hsk4lVf3FBWR0rJWyQ6avTV2EWSGWJEWSJ7EXZpNVCys32es9lOpQKoG6jp1qqlkSLhF2ryIWU9dDQPWCkhYqt1Oc7lAraNEdWQoqIqK9qKi+s33djWVzmsajUwmpEwSqWogrqiNJYmxTtcjmubsdjXgj3nyg72U6gIABZWuGLeZqmRm+LEmpv4AVoLSO76b0ZPBFvSrhURNhDrmQsqV7ncjo1TKYXOPQBLuMbGW+jc1jWq5qZVE26kKwvp3Qx22llmZp6LG6LOJVxxkWK7o5yMmp496XajU2AVYJ11pWU06LF/DkTKJyG2ip4YaRayqbpJnwGcoFYCz4ZdnRWni3v7p5XU0MtK2spU0Wr47eQCtBb2JunHVNzjSRE6zWtfFRu3ukhY5G6lkdtcBWAuYnwXVjo3xtjnRMo5vGV1MxY7hExyYc2VEX4gRwXtxfBS1CzPjSWZ6JotXY1OUjx3ZsrkZVQRrGurKJsAqia6sjW2pTJD4aL4347Rc6NKWZFj1xPTLfR6CRJ/t6L2vqoFUC3sTUdHVNVcIqNRV+Jq4TZTu0KWnjSNNWXJrd6QK0FtUMhr6B1VFGkcsfjInGQaClWrqWx5w3a5fQBHBbzXGKkesNJAzDdSuXjMqOaCtqWK6NsU7F0kVuxyAUwJl28pTfh1IQwAAAAAAAAAAAAAAAAAAAAAAAAAAAAAAAAAAAAAAAAAAAAAAAAAAAAAAAAAAAAAAAAAAAAAAAAAAAAAAAAAAAAACXavKlL7xvWd0cLavKlL7xvWd0AAAAAAAAAAAHC3XypVe8d1kQl3XypVe8d1kQAAAB0Fi+wu9tepDnzoLF9hd7a9SAbK+4tontYsavVyZ24KeKuSO4Pqt7VUcq+DnlOkc1rvGai+tCqgo5G3eSR0Sb1rVFXZrAmUFalaxzkYrNFca1yQd0GyD/t9C3a1GphqIiciFRug2Qf9voBTAAC2RO6rGjWa3wuyqf56FKyGV8EiSRO0XJsU2UdXJSS6bNaL4zV2KTXSWupXTka+Fy7UbsA0x3Culkaxkyq5y4RNFOw332RFfDDnLmJly+v/wAHiVlHRtXuOJXyLq038RWyPdLI571y5y5VQLO8+FBSvb4mj9EKosKSvjSDuarYr4uJU2obE4JiXTRZJFT+RUAynTQsELX+MrtSfiq9RUkqurXVkiKqaLG6mt5CKBvovtsHvG9ZvvPlB/qTqI1K9sdVE964a16Kq+jJuuc0c9Y6SJ2k1UTXjAEuPL9z8iM2tdr+KKVJKoK11I9UVunG/wAZpJVLS9dPSkZ/wwoGdoTQo6uR3iaOPkprsP21/u160MKyvZJClPTM3uFNvKp5aaiKmqXPmdotVipnCrrygESX+K/2lMDKRUWRypsVVMQNlP8AaIvbTrLS611RT1ehFJot0UXGEUqoXI2aNzlwiORV+Ja1b7ZVzb4+pei4x4LV7AK6ernqWok0mkiLlNSITrN9nrPZTqUj1MVA2FVp55HycSKmrqM7ZUwwQ1LZX6KvaiN1KudvaB7Y3IlcqLtVionyIdU1zKmVrtqOXJjFI6GRsjFw5q5Qs31VBWojqlropUTWreMCFb2udXwo3aj0X8DdefKDvZTqNsdXR0sjG0rXa3Jpyv26OdeCNc5o56x0kTtJqomvGAIhJo6melVZIkVWr4yKmpSMTaCtbTtfFMzThk2pyAbkqKCqciTU6wuX+Zi6iJXUq0dRvarpIqZavoJbeCWOSRHSuwudBU/zrIldVLV1CyKmiiJhqciATbn5NovZTqQqiwrqmGaipY435exqI5MLq1IV4FrePs9H7C9SHtWivsdO5vitVM/NDRcqmKeGmbE/SVjVR2pUxqQxoa5KdjoZmb5A7anIBCLanTQsM6v1I5y6PyQwxaUXT0pV/wCGv/PmaK+u7pRscbN7hZsaBLsaK6OqRNqoiJ8ypVFaqoqYVNSlrZFVsNW5NSo1FT5mvfqCr8Oqa6KX+ZzNjgNdma5bgxUTU1FVfgHKjr0it2b+nWb3V1NSwujoWLpO2yOIFH9tg943rAl3xrkrUcuxzUwVxd3CqhSqdT1UaviwitVNrVNMclrpnJIzfJXprRFTYoHt38CkpI3eOjdfwQ8k/wBvRe19VINXUvq51kfq4kTkQkvqYVs0dOj/APVR2VbheVQNtm/gVnsp1KVRYWyphghqWyv0Ve1EbqVc7e0rwLW2eTq32F6lPLCqJVSIu1WaviaqCpihoqqOR+HSNVGphdepSJBM+nmbLGuHNAxka5kjmu8ZFVFJNqa51wi0eJVVfVglyVFurMPnR8UnGreM9pamnjqY4KJi4e7w5HbVTkAiXbylN+HUhDJl28pTfh1IQwAAAAAAAAAAAAAAAAAAAAAAAAAAAAAAAAAAAAAAAAAAAAAAAAAAAAAAAAAAAAAAAAAAAAAAAAAAAAAAAAAAAAACXavKlL7xvWd0cLavKlL7xvWd0AAAAAAAAAAAHC3ZFS6VOecUiFnuii3q7SLjCSIjk+GOtCsAAAAWFuuXcbHRvYrmKuUxtRSvAF7w5DzUnyHDkPNSfIogBe8OQ81J8iuuNctbI1UbosYmpCGAAAAAAAAAAAAAAAAAAAAAAAAAAAAAAAAAAAAAAAAAAAAAAAAALWzfZ6z2U6lKoAAbqP7bB7xvWaQBPvXlB3soQAAAAAAAAbaWVIahkjmI9qLraqZyhqAFtLQQ1j99o5400tasXVgygp4bY5Z6iZr5ETwWNKcAZzSrNM+R21y5MAAAAAAAAAAAAAAAAAAAAAAAAAAAAAAAAAAAAAAAAAAAAAAAAAAAAAAAAAAAAAAAAAAAAAAAAAAAAAAAAAAAAAAACZaEzdaZE5xFO5ON3Oxb7do1VMoxFds9GPqdkAAAAAAAAAAAFHuopN8pWVLU8KJcO9lf36zlj6I9rXscx6I5rkwqLxocTdrc+31Kt1rE5cxu9HJ6wIIAAAAAAAAAAAAAAAAAAAAAAAAAAAAAAAAAAAAAAAAAAAAAAAAAAAAAAAAAAAAAAAAAAAAAAAAAAAAAAAAAAAAAAAAAAAAAAAAAAAAAAAAAAAAAAAAAAAAAAAAAAAAAAAAAAAAAAAAAAAAAAAAAAAAAAAAAAAAAAAAAAAE60259wqUTH+kxUWR3o5PWBebmKNYaV9S9Ncy4an/FC7MWMbGxrGIiNaiIiJxIZAAAAAAAAAAAANVVTRVcDoZ2I5i/L0obQBxlys1RQqr0TfYeJ7U2J6eQrT6IqIqKioiou1FK6ssdFVKrtBYnr/NHq+WwDjAdBLuXkRf9Kpaqcjm4NPexW87T9J3YBSguu9it52n6Tuwd7FbztP0ndgFKC672K3nafpO7B3sVvO0/Sd2AUoLrvYredp+k7sHexW87T9J3YBSguu9it52n6Tuwd7FbztP0ndgFKC672K3nafpO7B3sVvO0/Sd2AUoLrvYredp+k7sHexW87T9J3YBSguu9it52n6Tuwd7FbztP0ndgFKC672K3nafpO7B3sVvO0/Sd2AUoLrvYredp+k7sHexW87T9J3YBSguu9it52n6Tuwd7FbztP0ndgFKC672K3nafpO7B3sVvO0/Sd2AUoLrvYredp+k7sHexW87T9J3YBSguu9it52n6Tuwd7FbztP0ndgFKC672K3nafpO7B3sVvO0/Sd2AUoLrvYredp+k7sHexW87T9J3YBSguu9it52n6Tuwd7FbztP0ndgFKC672K3nafpO7B3sVvO0/Sd2AUoLrvYredp+k7sHexW87T9J3YBSguu9it52n6Tuwd7FbztP0ndgFKC672K3nafpO7B3sVvO0/Sd2AUoLrvYredp+k7sHexW87T9J3YBSguu9it52n6Tuwd7FbztP0ndgFKC672K3nafpO7B3sVvO0/Sd2AUoLrvYredp+k7sHexW87T9J3YBSguu9it52n6Tuwd7FbztP0ndgFKC672K3nafpO7B3sVvO0/Sd2AUoLrvYredp+k7sHexW87T9J3YBSguu9it52n6Tuwd7FbztP0ndgFKC672K3nafpO7B3sVvO0/Sd2AUoLrvYredp+k7sHexW87T9J3YBSguu9it52n6Tuwd7FbztP0ndgFKC672K3nafpO7B3sVvO0/Sd2AUoLrvYredp+k7sHexW87T9J3YBSguu9it52n6Tuwd7FbztP0ndgFKC672K3nafpO7B3sVvO0/Sd2AUoLrvYredp+k7sHexW87T9J3YBSguu9it52n6Tuwd7FbztP0ndgFKC672K3nafpO7B3sVvO0/Sd2AUoLrvYredp+k7sHexW87T9J3YBSguu9it52n6Tuwd7FbztP0ndgFKC672K3nafpO7B3sVvO0/Sd2AUoLrvYredp+k7sHexW87T9J3YBSguu9it52n6Tuwd7FbztP0ndgFKC672K3nafpO7B3sVvO0/Sd2AUoLrvYredp+k7sHexW87T9J3YBSguu9it52n6Tuwd7FbztP0ndgFKC672K3nafpO7B3sVvO0/Sd2AUoLrvYredp+k7sHexW87T9J3YBSguu9it52n6Tuwd7FbztP0ndgFKC672K3nafpO7B3sVvO0/Sd2AUoLrvYredp+k7sHexW87T9J3YBSguu9it52n6Tuwd7FbztP0ndgFKC672K3nafpO7B3sVvO0/Sd2AUoLrvYredp+k7sHexW87T9J3YBSguu9it52n6Tuwd7FbztP0ndgFKC672K3nafpO7B3sVvO0/Sd2AUoLrvYredp+k7sHexW87T9J3YBSguu9it52n6TuwJuYrM65YMe0vYBSg6CLcvIq/61S1qf8G57CypbFQ0yo5Y1lei7ZFz8tgHPWy0T17kdje4c63rx+rlOvpaaKkgbDAxGsT5+lTampMIAAAAAAAAAAAAAAAAAAAAAAAAAAAAAAAAAAAAAAAAAAAAAAAAAAAAAAAAAAAAAAAAAAAAAAAAAAAAAAAAAAAAAAAAAAAAAAAAAAAAAAAAAAAAAAAAAAAAAAAAAAAAAAAAAAAAAAAAAAAAAAAAAAAAAAAAAAAAAAAAAAAAAAAAAAAAAAAAAAAAAAAAAAAAAAAAAAAAAHiqiIqquEQD0FRWX2GHLadN9fy/yp2lXLeq6RcpIjE5GtT6mc6lYZW1q1dWDjuE63zh44TrfOHletCnuKuxBx3Cdb5w8cJ1vnDx1oPcVdiDjuE63zh44TrfOHjrQe4q7EHHcJ1vnDxwnW+cPHWg9xV2IOO4TrfOHjhOt84eOtB7irsQcdwnW+cPHCdb5w8daD3FXYg47hOt84eOE63zh460HuKuxBx3Cdb5w8cJ1vnDx1oPcVdiDjuE63zh44TrfOHjrQe4q7EHHcJ1vnDxwnW+cPHWg9xV2IOO4TrfOHjhOt84eOtB7irsQcdwnW+cPHCdb5w8daD3FXYg47hOt84eOE63zh460HuKuxBx3Cdb5w8cJ1vnDx1oPcVdiDjuE63zh44TrfOHjrQe4q7EHHcJ1vnDxwnW+cPHWg9xV2IOO4TrfOHjhOt84eOtB7irsQcdwnW+cPHCdb5w8daD3FXYg47hOt84eOE63zh460HuKuxBx3Cdb5w8cJ1vnDx1oPcVdiDjuE63zh44TrfOHjrQe4q7EHHcJ1vnDxwnW+cPHWg9xV2IOO4TrfOHjhOt84eOtB7irsQcdwnW+cPHCdb5w8daD3FXYg47hOt84eOE63zh460HuKuxBx3Cdb5w8cJ1vnDx1oPcVdiDjuE63zh44TrfOHjrQe4q7EHHcJ1vnDxwnW+cPHWg9xV2IOO4TrfOHjhOt84eOtB7irsQcdwnW+cPHCdb5w8daD3FXYg47hOt84eOE63zh460HuKuxBx3Cdb5w8cJ1vnDx1oPcVdiDjuE63zh44TrfOHjrQe4q7EHHcJ1vnDxwnW+cPHWg9xV2IOO4TrfOHjhOt84eOtB7irsQcdwnW+cPHCdb5w8daD3FXYg47hOt84eOE63zh460HuKuxBx3Cdb5w8cJ1vnDx1oPcVdiDjuE63zh44TrfOHjrQe4q7EHHcJ1vnDxwnW+cPHWg9xV2IOO4TrfOHjhOt84eOtB7irsQcdwnW+cPHCdb5w8daD3FXYg47hOt84eOE63zh460HuKuxBx3Cdb5w8cJ1vnDx1oPcVdiDjuE63zh44TrfOHjrQe4q7EHHcJ1vnDxwnW+cPHWg9xV2IOO4TrfOHjhOt84eOtB7irsQcdwnW+cPHCdb5w8daD3FXYg47hOt84eOE63zh460HuKuxBx3Cdb5w8cJ1vnDx1oPcVdiDjuE63zh44TrfOHjrQe4q7EHHcJ1vnDxwnW+cPHWg9xV2IOO4TrfOHjhOt84eOtB7irsQcdwnW+cPHCdb5w8daD3FXYg47hOt84eOE63zh460HuKuxBx3Cdb5w8cJ1vnDx1oPcVdiDjuE63zh44TrfOHjrQe4q7EHHcJ1vnDxwnW+cPHWg9xV2IOO4TrfOHjhOt84eOtB7irsQcdwnW+cPN0V6ro1ysiPTkc1PoOtCY9RV1YKekv8ADK7RqGb0v3s5Qt0VFRFRcoprFonw1raLeHoAJWAAAAAAAAAAB4qoiKqrhEOXu10fVyLFEqtgRcav5/SvoLHdFVLHTtp27ZNbl9CHOGGrf4hy6+p/pgABzuUAAAAAAAAAAAAAAAAAAAAAAAAAAAAAAAAAAAAAAAAAAAAAAAAAAAAAAAAAAAAAAAAAAAAAAAAAAAAAAAAAAAAAAAAAAAAAAAAAAAAAAAAAAAAAAAAAAAAAAAAAAAAAAAAAAAAAAAAAAAAAAAAAAAAAAAAAAAAAAAALK1XV9I9I5XK6BdWtfF9XoK0FomYnMLVtNZzDukVFRFRcop6U+56rWWB1O9cui8X2S4Oys5jL0K23RkABKwAAAAAAADk73Kstzl5GYahAJNy13Goz99SMcVvMvOvObSAAqoAAAAAAAAAAAAAAAAAAAAAAAAAAAAAAAAAAAAAAAAAAAAAAAAAAAAAAAAAAAAAAAAAAAAAAAAAAAAAAAAAAAAAAAAAAAAAAAAAAAAAAAAAAAAAAAAAAAAAAAAAAAAAAAAAAAAAAAAAAAAAAAAAAAAAAAAAAAAAAAAAACfZJd7ucfI/LVOsOMtvlCn9tDszp0fDs9PP0gANnQAAAAAAAA4y4+UKj21I5IuPlCo9tSOcVvLzbfdIACqoAZRKxJWLIiuYjk0kTjTjJSlSUG922Os3zOmuNDR2beP8AAhnSyy0CWeJ74HrTq7wWIutF1+n1lDWOp5JkWkjdHHjGi5crn4qXvWI8NNSkRjDQC3bbqWjgbLcXu03a0iaexwWqudvcCyQSr4ulxjZKOnKnBtqqeSlndDInhN4+X0k+jtsKUvdddIrIl8VqbVKxWZnCIpMzhVk+SiibZo6tFdvjnYVM6tq9huVLPOu9s32By7Hrs6yRXwOprBHC9UVWv2px61LxXyvWmImVECXbqB9dMrUXRY3W53ITJEssKrGrZZVTUr2qpWKzMZUikzGVQC+orTSTSrK12/0zm6sqqK13IuCutkdPJXpFUM0mPyia1TC8WwbJ7JnTmMftCBvr6fuWskh4kXwfVxEm0UkVQ+WSoTMMTcrrxr/zJEVnOFYrMztV4PXq1XuVrdFqrqTkQ8IVAW0Ftp4KVtTcXq1HeLGm083u1Va73AslPIviq7WiqW2S06cqomW+g7uWX/U0N7bnxc5JNzoI6Sgp3IzRmVcPXSVc6iXYX0qwyIyJySoz/Ucq6nerWWrT6sStXT+rEufBNrJbe+HFJTyRyZ2uXi+KkIzmMM7RiUy30cNVp77UthVFRERceF8zy50SUNQ2JH6eW6WcY417CPB/Hj9pOsst0f29nuk61L4iarxETSZwj2+3Oq0dI96RQs8Z6kptvt07t7p612+rs0k1L8kIr6/NrZRsYrcLlzs+NxkWFHLPGjM6SuTGOXIzWO2CJrGIxl7U08lLO6GVMOb8zWWu6NWrXMRNqRpn4qaK+OhZSwLSv0pF8dM5+PIRNcTKLUxM4+EEl26hdXTq3OixqZc7kI0cbpZGxsTLnLhELere2ghioIVy9yoszk4/QKx8yUrE958INzo20NSkTXq9FajsqnrNtqoYKtk76h72NiRFy3k154vQbN0XlBvu061M7KirRXBETKrH9HFoiN+F4rHUw87ms3nk3w//AFI1dFQRxtWjnfI/OtHcSfBDbFY6yRmkugzPE52v5ESro56N6NmZjOxU1ootnHhFs4+1oBZWSkhq55Gzs0ka3Ka1TqM0pqCiRG1rnyzLrdGzY0rFJmMqxpzMZVQLnuCir4nOoHuZK1M725SpYzE7WPTHhYVF9ZE1mETSYYAva63UFLKksqrHDooiRtVVVzuPb+BhDTWuvzHTb5DLjVpLtLdOfC3SnOMqUFm2gp6NuncXO0lVUbGzaqJxm+Ojt1wY5tGr4pmplGuXaRslHTlSg9ex0b3McmHNXCoeFWaZTUG/0M9TvmjvX8ujnOrlIZcW3yJW/j1FOWtGIhe0REQA20m9rVRJM3SjVyI5M41G+7UraSudHGmI1RHNTOdRGO2Ube2UMFzaLbT1NI6Soblz3K1i5VOL/wA/Ap3tVj3Mcmtq4UTWYjKZpMRE8vCfWxULKKB1M/My+OmfRrzyGV1poKSKnjYzEyt0pFyv+cp7cKSGC30ksbNF8jUVy5Vc6i22YyttmMsKSiimttRUPV2nHnGF1bDXa6ZlXWJFIqo1UVdRNtvkSt/HqNFg8pt9lScRmExWM1QqmNIqmWNudFj1amfQprN9d9vqPeu6zQZz5Z28gJ9ttyVbXTTP3uBm13Kb3LZc72jZU4t8TP8AnyLRScZWikzGVSC7baoGUVTKqpKiMV0UiKvIVNNTyVU7YY08J3yE1mETSYw1AuJILVQu3udZJ5U8bR4jx1upK2B0lue7TbrWNxOyU9OVQAqYXCgzZrG20MU8MtTUuVsMfEnGRKx1O6fNKxzI8bHbcl9TSUK2eZzIHpAi+GzOtV1en1FFVup5J07jicxioiaLta5+KmtoiIhtesRWMNALdLfR0MLX3B7lkdrSNh7HT2uuXe6Zz4Jf5UdryRslXpypwbKiB9NO6KRMOavxLh1rpVoqadypCzQR0r8rr1JsIisyitJnKjBKr+5N8alFlWImtVzrX8SKVmMKzGJwn0lFFNbaioertOPOMLq2EAuLb5Erfx6iLZ6eKqrd7mbpM0VXGVTqLzXOMNJrnbEIIM6hqMqJGtTCNcqIn4k2y0sNXVPZOzSajMomVTXlOQrEZnCkVmZwrwbqeNr66ONyZY6RGqnoyWtZQUFHOsk7nNjVE0ImKqqvKpMUmYymKTMZUgLmKkttwRzKVXwyomURy7SoljdFK6N6Yc1cKRNZgtSY7sQWsNvp6elbUXB7k0/FjbtUziitNa/eoklgkXxVcu1fipOyU9OVOT7jRRU1LTSRq5XSty7K+hCNV0z6SodDJtTYqcacpeVlPFNQUclRLvcMbE0sbVyiYRCa1zEwmtMxMOdBcQss9Q5IWtljeupHOXapX19G6iqVicuU2tdyoRNZiMqzSYjKOAWtsoI6ugndoaUyLhi6SpjUREZnEIrWbTiFUC13u1Ui73OslRImpyt1IintRbaeeldU26RXI3xo12k7JW6coVup2VVdHDIqo12c427FUwrYmwVcsTM6LHYTJIsnlaD/ALf2qa7p5SqPbUY+nJiNmf2igtY7fTUlO2a4vdpP1tibtMo4rTWO3qHfIJF1N0l2r8VGyTpyqAbaqmfSVDoZNqcacacpYUlthZSpV18isjXxWptUiKzM4RFJmcKoFro2ioXe498p3LqRztaZ+J7cLdHSWuN6sTf9PDnIq69pOyfKenOMqkE62UDKpJJp3qyCJMuVNqkmNtmnekLWSxucuEeq7V+IikyRpzMZVAJFdSOo6l0Ll0k2tXlQl01vgipUqq+RWMd4jG7VIiszOERSZnCsBbMSz1Lkja2WBy6kcq6s/FSDXUb6KoWJ65Ta1ycaEzXHcmkxGUcAkUNG+tqEiZqTa53IhWIz2ViMziEcFu9tnpnLE9ss7k1K5F1Z+KGFVboH0i1dBIr42+MxdqFtkrzpyqwb6KkfWVCRR6uNV5ELKWK0Ublil3yaRNTlauxfkIrMxlFaTMZUwamXInKpd0lto6qdssDlkg1o+Ny4Vq41FXUxtir5I2JhrZFRE9GRNZjumaTEZlvu9HHRVDI4lcqObldJfSevoom2aOrRXb452FTOraqfQkbpPtkXu/qp7L/tiH21/uUvMRmV5rG6ynABiwAAAAAEm2+Uaf3iHZHG23yjT+8Q7I6dHw7PT+JAAbOgAAAAAAABxlx8oVHtqRyRcfKFR7akc4reXm2+6QAFVQAAXFT/ALap/b+qlfbmo64QI7ZpoWdMxlwsrKVkjWzRuzhy+le0ramnlt1U1rnNV7cPRW7Nv7GtviW9vi3w335znXSRF2NRET1YK9rla5HNXCouUUvJmU15YyWOVsVSiYc13GYQ2qGjek1dUR6LdaMTjE1mZzBakzbMeHm6JEWSneqYerFz/nxMt0Sq3uaJv8NGrgr7lWLW1SyImGImGovIWMMtPdKFlNUSJFPHqa5eMnMWmYhOYtNoj5Uhd1TnP3NwK/blE/BFXBpWypCunVVUbIk15TapKuUsctijdC3Rj0kRqehFVPoK1mInKK1msTlpoFWPc/VPZ4yuVFX4FMWNorY6dZIKj+BKmF9Cm6Sx6Sq+nqY3RbUVy7PgRMbojCJib1jDPc092/Ts/lVqL+JT6Ssl0mrhzXZRTo7QlNTyPpoH76/R0pJE2epDm3+O71i3asF4xWFvempU0tPXMTxk0Xej/NZ5MvcVjji2SVK6TvV/mDOyKyrpZqGbxfHT/PX1kO8VCVFe9G+JH4DfwJme27la0xjfygmcCI6oja7YrkRfiYBFwuUMmELbdG5y1sbV8VI0VPipUl6rqe80zEfKkVUxMa+M0cEx0q75W1MaRpr0W7Xeg0tWZnMNr0m07o8Nt4c59po3P8ZURV6Jhue21XsJ9TZe5GzW2lka3RRy5RORMEewzxx1EkcrkakjcIq8pafvWn+SFWCdW2qWji310kbmZwmiq5IJlMTHlhaJicSzg/jx+0nWWW6P7ez3SdalbB/Hj9pOsst0f29nuk61LR9sr1+yVUXFvpmUEPd9YmFRP9Ni7VU22e1sWJtVLovcqZYxdiesVlruFZNpyyw4/lajlwifAtWkxGVqacxG7CmqJ31M75pF8Jy59RrJVdb5qHQ31zF0840VVdhsr6GKlpoJWTabpNqfVDOaz3yzmtu+U22UzqSjdW706SZyYiYiZ/Er0pa2SoSSSnmVyuyqqxeU9jutbFG2Nk+GtTCJopqT4G2K71zpmNWfKK5EXwG9hfNZxDTdSYiG/dBBK6sSRsb1Y2NMuRNSa1IdvuL6BJNBjXK/G1dmM9pPv1ZPHUbwyTET40y3Ca9pEtNTBE6SGpRN6lTGkqeKpNvv7FsdTtKFJNJLIskj3OcvGqlsyR1Zufm35dJ0LvBcu3i7VMFsb3KroamF0XE5V4hWzQUdv7hp5Eke5cyOTYRETGZkiJrmbMtzf2mb2PqVMrnPle5+tzlVV9ZbbmvtM3sfUxdRQXJ2/UkzI3v1vifxL6BjNYwbZtSMI1mc5tzh0eNVRfVgyuTWtvT0bs02r+OonU8FNZ0dPPM2SfGGsbxf5ylRvrpqxJX+M9+V+IntGJRP01isrDdG5VrY251JGi/NSDblVtwp1TnET5k3dH9vZ7pOtSDQfb6f3jesW+8t/IlX9yrc3oq6kaiJ8DXZnK26Q441VPkpnffKknqTqNdn8qQetepSJ+9E/wAn+WN1TFynx94iku6+U5/aIhW3mVL/AHSuLb5Erfx6inLi2+RK38eopybeIWv4gLa6r3TQUdWmtVTQcvp/xFKkurKjKukkpZF8R7ZE+P7fMmnfsnT75ryVM/cD7fAi43pEc/8AHb9TCpo87oGsRPBkckn4bV6lINzm7or5nouU0sJ6k1F3BIxbfHcFVN8hhcz1r/ifMvGLTMNImLTMcKe7T7/cZXJsauin4Ey7eSaD2E/tQp1XKqq7VLi7eSaD2E/tQrE5iZUicxaS2+RK38eo0WDym32VN9t8iVv49RosPlNvsqTHmqY81Ra77fUe9d1mg3V32+o967rNJnPllbzK6qVVm5uBGakc7wsfivWUpbW2rglpHUFW7RYviOXiDrE5q6S1USRffXkLzE2xMNLVm8RMNtre5bHWNXxWo7HRMNziJv07sZcjNRLgfT8E1cNNlzI2ORXr/MuFypTW2s7iqkkVFVipouROQt4mF5nbNcoznK5yucuVVcqpPsTnNukaN2ORUX1YJM1qirJFmoaiNWu1q1eIzhZTWZjpHytmqVTDWt4isVmJzKtaTFsz4VlyajbjUI3ZpqRj2R7pJHPeuXOVVVTwznvLGZzOVxR/7cqvb7CDamo65QI7ZpZJ1H/t2q9vsKmKR0UrJGLhzVRUNJnGGtpxtlNvbnOukqO/lwierBBjc5kjXMXDkVFT1l3PFTXhGzQzNiqMYcx3GYw2yChkSauqI/A1oxvGomszOUzSZtmPDDdI1Eqoncas1/EyurlSz0LUXUrWqvRK+41a1tU6XGG7GpyIT7t5JoPYT+1Cc53TCZnO6YU4AMXOuLb5Erfx6jTuf8pJ7Cm62+RK38eor7fU9yVkcyplqanJ6DXONrfONssKr7XN7bussdzf22T3a9aG2qtcdbK6oo6iNWv8JyKuxSTZ4YKSZ8LZUlnVuXK3Y1E4vmTWsxbKaUmL5UlL5Th983rJO6ByrclRV1IxEQi0vlOH3zesk37ym72UK/6ZU/0T/dotblbcoFRceFg33NrVvrmr4qvZn4IR7Z5Rp/bQ23pcXaZU/wCP9qCPtI+z/Lfuic5a5jV8VI0x8VKpFVqoqLhU1oqF29YLzTxqsrYqpiYVHbHGENoZSyJLXVESRt16KL4xNqzM5ha1JtbMeFVLNJM5HSvc9UTGXLktry5eDqFudStz8kK6vnjqKpz4Y2xxpqaiJj8SwvX2Cg9j6II8SiPFlPsLjdCuktK5dqsXPyKct7/spPYX6EV+2Va/ZKoLu0Ocy0VjmeMmVT4EKehiitsVS2fSe/GW/T8CdZJWw2yqkc3Sa1cqnKmCaRi3dbTjFu6jLbc45yVsjU8VY8r8UPOCY6pd8oqmNY116LtrfQSEdT2amkRkqS1T0xq4hWsxOZTSs1ndPhEtaI2+tRuxHPRPgphUNR19VrvFWZEX4oeWVf8A+WhVf+X9qmu5KrbnOqLhUflFGfp/yjP0Z/a3usdvkq07rqZGPRqIjWpqx8CGkFnaqKlbMiprTwV/SbpO57zCx2+thqmJhUdscYQ2mOkkSWuniSNuvRRc6Rae85iGk5mcxENV6qaerqYnQP0kRuHLhU4/Sbt0aqksEaamIzKIV1dPHUVLnwxtjj2NREwWjJKe7UccM8qRVMeprl4yM7swpnduhRl3Xuc/c9TOft0k6lNXAzaddOrqo2RJr8HapIusrJrJC+JuizTRGpyImUQVrMROStZrE5QLZXspUkhnYr4ZUw5E2obkt1HUrmirER/EyTUpqtnccsclPVI1j3eJIvEb2WRzJGySVUSRIudJF1iImY5KxMxHyr6mKaKp3upV2mmrKrnUXt2joXPibVTyRaLfBa1NWPgpVXmqjqq3SiXLWN0dLlJbZILtSRxSypFUxJhFdscIx3iE1xEzWGnuezeeTdFf0nt5qqaoip208iyLGioqqiovFymUdlSF6PrKiJsSa1wu0h3OohnqP/TRtZE1MJhuNL0kTmI7otmKzmMIhc2XwKCukZ46N1L+ClMTrTWto53JKmYZEw70ekrScSppzEW7oJnHPLE1zY5HNa7aiLjJaPsqTOV9HUROiXWmV2CdKS3UToWrHPUv2uwi6JOyY8p2THeWVg8GnrJG+O1qY+ClMq5XK7Sbaq1KKp0n5WN6Yd2kyazR1DlloqiNY3a8Kvik43VjCcb6xj4adz73NuKNTY5q5Itb5Tm96vWXFrjpqKqSFsiTVEiLpObsaia8FPW+U5ver1iYxWE2jFIhO3SfbIvd/VT2X/bEPtr/AHKebpPtkXu/qp7L/tiH21/uUtP3StP3W/spwAYOYAAAAASbb5Rp/eIdkcbbfKNP7xDsjp0fDs9P4kABs6AAAAAAAAHGXHyhUe2pHJFx8oVHtqRzit5ebb7pAAVVAAAABIAAAACAABIAAgAABc23/wBFa561dT3+Cz/PX1FNtXWbpKueWBkD35jZ4rcImDSXtOcRC9rZiIgABRQABIAAgAAAAAAAEgAAAAIAAAAASLjc39pm9j6lObqaqmpXK6B+grkwupF6zSWme0QvNs1iAAFFAAAAAAAAAAAAAAAAAAAAAAAAFhbqKCtglZpq2pbrairqVDS621jX6C08iryomU+JGa5zHI5rla5NiouFQlpda5rdFKh2PSiKvxLxNcd2kTWY7p72cF2aSKVU3+f+VF2IUhlJI+V6vke57l41XJiRacovbPgABCgACAAAAAEgACAAAAAAAASAAIAAAAASAAIAAAC4tvkSt/HqKc2x1U0UD4WPxHJ4yYTWWrOJXpbE5agAQoAAgAASAAIAAEgAAAAIAAAAAAABIAAgAAAAAAAAAAAAAEm2+Uaf3iHZHG23yjT+8Q7I6dHw7PT+JAAbOgAAAAAAABxlx8oVHtqRyRcfKFR7akc4reXm2+6QAFVQAAAAAAAAAAAAAANtJTrVVMcLVwr128iEx3TEZ7NQLK4xUFM10EKPdO1Uy9V1IVpMxicJtXbOAAFVQAAAAAAAAAAAAAAAAAAAAAAAAAAAAm3XsAAnXOOhjSLuJ+kqp4WvJBJmMThMxicAAIQAAACfaKKOtneyVXIjW5TRX0kByYcqcilsdsrTWYjIACqoAAAAAAAAAAAPWNV72tbtcuELWspaCghWKTTkqXMyipsReJS0Vz3WiszGVSACqoAAAAAANTLkTlUnXejjoqhjIlcqObldJfSWx2ytFZmMoIAKqgAAAAAAAABMtVLHWVe9Sq5G6Kr4KkxGZwmIzOEMGczEjnkYmxrlRPiYAAAQgAAAAAAAAAAAAAAAAAAAAAAAAAAAAAAAAAAAAAAAAAAAAAAAAAAAAAAABJtvlGn94h2Rxtt8o0/vEOyOnR8Oz0/iQAGzoAAAAAAAAcZcfKFR7akckXHyhUe2pHOK3l5tvukABVUABIu32yk7hpqh7t5ZoI6V2VVVyibDCFtnqHJC1ssbl1I9y7VPbs5Us9C3OpWtVeiUxraYicYb3tFZxELV1pZSyyPrJVbTt8VW7X+g2QxWisckMSSRSL4qqu1fme7oXudHSZXa1VX16iniVWzMci4VHIqETMVnGC0xW2Ihsq6Z9JUvhfrVuxeVCZR2+LuXuuukWOJfFam1xs3Rp/66Nf8A6adak64x0S09MyqnfE1G+AjUznUnoUmKxmUxSItP6QWrZplSNGSwqurTVf3Uh3ChfQzIxV0mOTLXcqEruezeeTdFf0mV2qqSaighp5VkdEuMq1UXGPV6iJiMd0WiJrOcKktrA+mSpa18blqFVdB+dSJj1+sqSfY/KsP/AG6lK0+6GenOLQ3XaShWSdjIHpU6Wt6rqznXx/Q0W63d1tdLK/e4GeM7lNVz8o1HtqWFSuhubgRmxzvC9O1est5tMy07WtMz8MNKyouhoSr/APUyv+fI0XG3JTRtngfvtO/Y7jQgFzQKr7BVtf4rVXR+CL1iJi3bCImL9phostHDVrOkrNNWtTR1qms9np6Clp3xvlWSrROLOGqbtzq6LqlU2oxPqUyqqqqrrVR2isEzEUjsG+gjZNWwxyJlrnYVMmglWvylT+2hSvlnX7oWVRb7fSVL3VL1bGuN7iaqquMJlV49uSqZB3VWrFTJqc5dHPEn/gkXxyrdZUVdiNRPghI3NtRauVV2ozV8S84m2GsxFr7cEkNqoXb1Osk8ieNo6kT5njrfSVkD5Lc9yPZrWJwfDZ3Pcrq2ZXKuV8Ff0m6iktVFPvsdXIq4xhWrjqLYjxOFsRM4nGFZbomT18UUrcscuFTOOIsKmjt9FO5alXKjlyyJi7E9Kkaicx99a6PxFlcrfVrMLy5XXSfPEqJ8kKxiKqRitc/tMSgobhC91Aro5WpnQcpqbTUNE1qVyvkmcmVjZ/L6zCwOVLm1EXa1UUjXFyuuFQqrn/UVPmMxjdhMzG3djusJLfSVlK+a3ucjmbY3FQxrnvaxiZc5cInKWu5tV7tkTiWPPzQ02hrVvLEVNSK7HwUTETiUTWLYnlvdR0FA1qVr3SzKmVYziPWUluuCK2jc+GZEyjH7FM66K1vrJXT1crZNLwkRq6vkYU7bRTzsmZWS6TFymWr2FsRnHZfEZx2wqnRujmWORMOa7CoXVdbaGmkbLIqxw4wjGqqq534lfcpoqi5OlgXSY5U14xxEvdI5Vqom51IzPzKxiIlWIiIt8vYae1V671BvkMuPB0l2mltvgo0V9xeu1UZGza7HGQqFVbXU6pzjesm7oHKtxwq6kYiIMxMZwZia7sN8dJbbg1zKRXwyomURy7SnkjdFI6N6Yc1cKhJtLlbc4FRf5sGV5REuk+OVOpCJxMZVnFq7m28UsNL3PvLNHTbl2tVzs5TdQ26CqtTpFw2XS/iKq4REVM6tmzI3Q/8AyvsL9D2FVbuZmVF/mx80LYjdK+I3z2a2LZmrvbkmdxb4ucf5+BpudvSk0JYX6cEniryEAuJl0tzMKrrVH/VSImLRPZWJi0T2QrdQPrplai6LG63O5CZIlmhVY1bLKqale1VMqBVj3P1T2eMrlRV+BTEdqxBOKRHZ0lpo4op3T00u+QPZhM7WrnYpzj/Hd6y53NPdv07P5Vai/iUz/Hd6ybfbBeYmkYeFzT22nntEU64jflVfIqrqRFXiKYuZHKm5eNEXa7C9JSKY75Rp475YM4FVd7VsvJviqv8AnyPZbM2GdXSTYpEbpLJx+r1lQXVxe5bDSZXaqZ/BFJiYmJzC1Zi0TmPDCJLNM5IkbKxy6ke5SFcaJ1DUb2q6TVTLXcqEUuL6ulSULl1uVi5X8EI+6so7WrM48Itvt6VLHzzyb3Ts2u41N+nZVXQ3uZP/AKmV7foS2MplsMDamV0UarlVamcrr9CkPuezeeTdFf0lsYjstt2xGMNNxt6UrWTQv3yCTxXchBLmpqKBtofSwTukciordJq52+r1lMUvERPZnqRET2TLU+mbVN7ojc9VciMwuxc+ssr1JQtne2WB7p1Z4L0XUnJxlNSfbIPeN6ybug8pL7CFonFFq2xSUe30L66ZWtXRY3W53ITXcDQuWNWyzKmpXov/AIMqFd73P1T2eMqqir6NRTEdqxB2pEdlnWW2JaXuuhkWSJPGau1pptFPFU1zY5m6TFRVxlUJm51Vc6oidrjc3WhHsPlNvsqTiJmJTiJms8pElHbqOSRKuRVcrlVsbc+C3OrOCmJFwcrrhUKq5XfHJ8yOVtPdneYmcRD1njt9ZbbpPtkXu/qpUs8dvrLbdJ9si939VJj7ZWr9ktU1LCyyQ1LWYlc7Cuyvp4itLio/21T+39VKci8eEakYmFlWUsMVppp2MxI9U0lyuvUpnaaCKspahXMzImpiqqphcGdx8hUXrTqU9s7lba65yLhUaqp8FLxEbmkRG/8Aw1o20QLvcm+zuTUr01Jn4mFwt0UVO2rpHq+B23PEVpcUS6W52qRdiOXHyIiYt2wrExbMYV1FSSVlQkUerjVeRCwkZaKRyxSJLO9NTnNXYvxQysPg01bI3x2sTHwUpiO1YiUdq1iceVpUW6nlpHVVA9XNb4zHbUPNz3lH/ov0K+OeWJHJHI5iO2oi4yWG57yj/wBF+giYm0JrMTeMNs8FvpZ392OfLK5yuVjNjUVRLb6SrpHz29zkczW6NxWVjldWTOXar3dZZbm1XuuVvEsefmWiYmcYTExa23CoB69MPcicp4ZMQAEIAAAAAAAAAAAAAAAAAAAAAAAAAAAAAAAAAAAAAAAAAAAAAAAAAAAAAEm2+Uaf3iHZHG23yjT+8Q7I6dHw7PT+JAAbOgAAAAAAABxlx8oVHtqRyRcfKFR7akc4reXm2+6QAFVQAAXF28k0HsJ/ahTgFrTmcr2tunK3v/iUfsL9Cpj/AIjfWh4BaczktbM5W26P7bH7tOtTKGWnuVCylqJEini1MeuxSnBbf3ynqfVM8rZljVjkdU1MTYuNUXWqfiRrpUU8szWUsbWxsTGkjcaSkIETaMYiCbRjEQE6x+VYf+3UpBBWJxOVazicpNy8o1HtqTLdVQS0bqCrdosXWx/IVQLRbE5TF8TlbcBOzpd1Rb19/wBH+ekV9VTwUSUFG7Tbnw38pUgbo+ITviI+mFxuf/8AmvYT6lOARM5iIVm2YiAlWvylT+2hFBETicoicTlOvflWf/r/AGoardVrRVbZcZbscnKhGBO7vlM2+rdC5mtcVbIs1DURq1+tWOXGA2CktcD3TujqKhyYazGUQpgW3R5wvvjzEd0y0rm6QL/yXqUXfynP7X0IYK57YV3fThYWHymz1L1Eav8At9R7x3WaAM9sI3fTtWu5z7dJ7tetCAyZ1PWb8zxmPyaQN3aITu7RHC7qKWC7OSopZmMlcnhxv5TyCgp7cqzV0scjkTwY015/ApQW3x5x3W3xnOO7ZJIktSr0ajEc7KNamEQs90n2yL3f1UqAV3dphXd2mOW6j+2we8b1ky/+UneyhWgZ7YRu+nCVa/KUHtGd68qz+tOpCEBnthO76cLjdB/8r7C/QRf7Ym9tP7kKcFt/eZW6neZC4k/2xF7f/uUpwVicKVtjKxtFbHTrJBUfwJUwvoU3SWPSVX09TG6LaiuXZ8CoBMW7YmFovGMTDpbQlNTyPpoH76/R0pJE2ehEObf47vWeAWtmMFr7oiAuJf8AbEPtr/cpTgiJwrW2Mhb3DyFR+tOpSoAicZK2xEhcXv7FQex9EKcCJxEwRbETC1t9VBNRuoKt2g1Vyx/Ie8BSZ0u6Yd6+/ni/z0lSCd0fMLb4x9ULG5y0jImU1I1jtDxpcJlfxK4AiZzKtrZnLbSfbIPeN6ybug8pL7CFaBntg3fThY2mtjg3yCo/gSphV5Dc6x6bldT1UTouJVXZ8CoBMWjGJhaLxjEwupZqe10T6emkSWeTU56cRGsPlNvsqVwG/vEm/vE8N1d9vqPeu6zSAVnvKkzmcvWeO31ltuk+2Re7+qlQCYnETCYtiswt7dPBU0DqCpeka5yxy/ExdZd5XTqKqJkW3KLrVCqBO6Md4W3xMd4Xt5fG+1UzokVI9JNFF5MKarT5Jr/YX+1SnBO/vlPU+rcFxQ/7fq/aXqQpwVrOFK22ym2qtSiqVV6ZiemHdpKkszZ3rJRVETol14VdhUAmLdsStF+2JhcSNpLbRvj0o6ipfx4RUaatz/lH/ov0KwDd3iTf3iceGyq+1Te27rLLc59tk92vWhUgiLYnKK2xbKTR07KquSGR+g1yrrMK2BtNVyRMfptaupxpAz2RmMAAKqgAAAAAAAAAAAAAAAAAAAAAAAAAAAAAAAAAAAAAAAAAAAAAAAAAAAACTbfKNP7xDsjjbb5Rp/eIdkdOj4dnp/EgANnQAAAAAAAA466NVtyqEX7+fiRS23RQb3WNmTZImv1p/iFScd4xaXnakYtIACigAAAAAAAAAAAAAAAAAAAAAAAAAAAAAAAAAAAAAAAAAAAAAAAAAAAAAAAAAAAAAAAAAAAAAAAAAAAAAAAAAAAAAAAAAAAAAAAAAAAAAAAAAAAAAAAAAAAAAAAAAAAAAAAAAAAAAAAAAAAAAAAAAAAAAAAAAAAAAAAAAAJVrbpXKnT/AJ5OxOa3O06yVjplTwY02+lf2ydKdWlH0u3QjFQAGrcAAAAAAABFuNGlbSujXU5NbV5FOQkjdFI5kjVa5q4VFO5K+52uOuTTaqMmTY7G30KZalN3eGGrp7u8eXKA3VNJPSP0Zo1byLxL+JpOaYw45iY8gAIQAAAAAAAAAAAAAAAAAAAAAAAAAAAAAAAAAAAAAAAAAAAAAAAAAAAAAAAAAAAAAAAAAAAAAAAAAAAAAAAAAAAAAAAAAAAAAAAAAAAAAAAAAAAAAAAAAAAAAAAAAAAAAAAAAAAAAAAAAAAAAAAAAAAAAAAAAAAAAB7Gx0j0Yxquc5cIicZspqWaqfowxq7lXiT1qdNbLXHQt03Kj5l2u5PUaUpNmunpzaW+30iUVI2JMK7a5U41JIB1RGHdEYjEAAJSAAAAAAAAAADF7GyNVr2o5q7UVMopBks1DIud60V/4uVCwBExE+UTWJ8qrgCj5Zel+w4Ao+WXpfsWoI2V4V6deFVwBR8svS/YcAUfLL0v2LUDZXg6deFVwBR8svS/YcAUfLL0v2LUDZXg6deFVwBR8svS/YcAUfLL0v2LUDZXg6deFVwBR8svS/YcAUfLL0v2LUDZXg6deFVwBR8svS/YcAUfLL0v2LUDZXg6deFVwBR8svS/YcAUfLL0v2LUDZXg6deFVwBR8svS/YcAUfLL0v2LUDZXg6deFVwBR8svS/YcAUfLL0v2LUDZXg6deFVwBR8svS/YcAUfLL0v2LUDZXg6deFVwBR8svS/YcAUfLL0v2LUDZXg6deFVwBR8svS/YcAUfLL0v2LUDZXg6deFVwBR8svS/YcAUfLL0v2LUDZXg6deFVwBR8svS/YcAUfLL0v2LUDZXg6deFVwBR8svS/YcAUfLL0v2LUDZXg6deFVwBR8svS/YcAUfLL0v2LUDZXg6deFVwBR8svS/YcAUfLL0v2LUDZXg6deFVwBR8svS/YcAUfLL0v2LUDZXg6deFVwBR8svS/YcAUfLL0v2LUDZXg6deFVwBR8svS/YcAUfLL0v2LUDZXg6deFVwBR8svS/YcAUfLL0v2LUDZXg6deFVwBR8svS/YcAUfLL0v2LUDZXg6deFVwBR8svS/YcAUfLL0v2LUDZXg6deFVwBR8svS/YcAUfLL0v2LUDZXg6deFVwBR8svS/YcAUfLL0v2LUDZXg6deFVwBR8svS/YcAUfLL0v2LUDZXg6deFVwBR8svS/YcAUfLL0v2LUDZXg6deFVwBR8svS/YcAUfLL0v2LUDZXg6deFVwBR8svS/YcAUfLL0v2LUDZXg6deFVwBR8svS/YcAUfLL0v2LUDZXg6deFVwBR8svS/YcAUfLL0v2LUDZXg6deFVwBR8svS/YcAUfLL0v2LUDZXg6deFVwBR8svS/YcAUfLL0v2LUDZXg6deFVwBR8svS/YcAUfLL0v2LUDZXg6deFVwBR8svS/YcAUfLL0v2LUDZXg6deFVwBR8svS/YcAUfLL0v2LUDZXg6deFVwBR8svS/YcAUfLL0v2LUDZXg6deFVwBR8svS/YcAUfLL0v2LUDZXg6deFVwBR8svS/YcAUfLL0v2LUDZXg6deFVwBR8svS/YcAUfLL0v2LUDZXg6deFVwBR8svS/YcAUfLL0v2LUDZXg6deFVwBR8svS/YcAUfLL0v2LUDZXg6deFVwBR8svS/YcAUfLL0v2LUDZXg6deFVwBR8svS/YcAUfLL0v2LUDZXg6deFVwBR8svS/YcAUfLL0v2LUDZXg6deFVwBR8svS/YcAUfLL0v2LUDZXg6deFVwBR8svS/YcAUfLL0v2LUDZXg6deFVwBR8svS/YcAUfLL0v2LUDZXg6deFVwBR8svS/YcAUfLL0v2LUDZXg6deFVwBR8svS/YcAUfLL0v2LUDZXg6deFVwBR8svS/YcAUfLL0v2LUDZXg6deFVwBR8svS/YcAUfLL0v2LUDZXg6deFVwBR8svS/YcAUfLL0v2LUDZXg6deFVwBR8svS/YcAUfLL0v2LUDZXg6deFVwBR8svS/YcAUfLL0v2LUDZXg6deFVwBR8svS/YcAUfLL0v2LUDZXg6deFVwBR8svS/YcAUfLL0v2LUDZXg6deFVwBR8svS/YcAUfLL0v2LUDZXg6deFVwBR8svS/YcAUfLL0v2LUDZXg6deFVwBR8svS/Y2xWahjwu9aapxucqlgBsrwdOvDFjGsbosajU5ETBkAWXAAAAAAAAAAAAAAA8VURFVVRETaqgegpq3dFTQLoU7d/dxqi4b8eMp5t0FfIvgyNjTka1PqB2IOIW8XBVz3U/8ADB5wvcPOpPiB3AOH4XuHnUnxHC9w86k+IHcA4fhe4edSfEcL3DzqT4gdwDh+F7h51J8RwvcPOpPiB3AOH4XuHnUnxHC9w86k+IHcA4fhe4edSfEcL3DzqT4gdwDh+F7h51J8RwvcPOpPiB3AOH4XuHnUnxHC9w86k+IHcA4fhe4edSfEcL3DzqT4gdwDh+F7h51J8RwvcPOpPiB3AOH4XuHnUnxHC9w86k+IHcA4fhe4edSfEcL3DzqT4gdwDh+F7h51J8RwvcPOpPiB3AOH4XuHnUnxHC9w86k+IHcA4fhe4edSfEcL3DzqT4gdwDh+F7h51J8RwvcPOpPiB3AOH4XuHnUnxHC9w86k+IHcA4fhe4edSfEcL3DzqT4gdwDh+F7h51J8RwvcPOpPiB3AOH4XuHnUnxHC9w86k+IHcA4fhe4edSfEcL3DzqT4gdwDh+F7h51J8RwvcPOpPiB3AOH4XuHnUnxHC9w86k+IHcA4fhe4edSfEcL3DzqT4gdwDh+F7h51J8RwvcPOpPiB3AOH4XuHnUnxHC9w86k+IHcA4fhe4edSfEcL3DzqT4gdwDh+F7h51J8RwvcPOpPiB3AOH4XuHnUnxHC9w86k+IHcA4fhe4edSfEcL3DzqT4gdwDh+F7h51J8RwvcPOpPiB3AOH4XuHnUnxHC9w86k+IHcA4fhe4edSfEcL3DzqT4gdwDh+F7h51J8RwvcPOpPiB3AOH4XuHnUnxHC9w86k+IHcA4fhe4edSfEcL3DzqT4gdwDh+F7h51J8RwvcPOpPiB3AOH4XuHnUnxHC9w86k+IHcA4fhe4edSfEcL3DzqT4gdwDh+F7h51J8RwvcPOpPiB3AOH4XuHnUnxHC9w86k+IHcA4fhe4edSfEcL3DzqT4gdwDh+F7h51J8RwvcPOpPiB3AOH4XuHnUnxHC9w86k+IHcA4fhe4edSfEcL3DzqT4gdwDh+F7h51J8RwvcPOpPiB3AOH4XuHnUnxHC9w86k+IHcA4fhe4edSfEcL3DzqT4gdwDh+F7h51J8RwvcPOpPiB3AOH4XuHnUnxHC9w86k+IHcA4fhe4edSfEcL3DzqT4gdwDh+F7h51J8RwvcPOpPiB3AOH4XuHnUnxHC9w86k+IHcA4fhe4edSfEcL3DzqT4gdwDh+F7h51J8RwvcPOpPiB3AOH4XuHnUnxHC9w86k+IHcA4fhe4edSfEcL3DzqT4gdwDh+F7h51J8RwvcPOpPiB3AOH4XuHnUnxHC9w86k+IHcA4dLvcEX7VIb4t0Fwj8aRsif8ANqfTAHYgpqHdFT1DkZO3eHrxqvg/HiLhFRURUVFRdioB6AAAAAAAAAAAAA8VURFVVRETaqnJXq8SVcroYHK2nauNS+P6fUWe6esWKlbTMzpS63L/AMU/c5UAAAAAAAAAAAAAAAAAAAAAAAAAAAAAAAAAAAAAAAAAAAAAAAAAAAAAAAAAAAAAAAAAAAAAAAAAAAAAAAAAAAAAAAAAAAAAAAAAAAAAAAAAAAAAAAAAAAAAAAAAAAAAAAAAAAAAAAAAAAAAAAAAAAAAAAAAAAAAAAAAAABbWa8Po5GwzuV1O5ca1zoelPR6CpAH0RFRURUVFRdioelJuZrVnpXUz18KHxV5W/t2F2AAAAAAAAAAAHGboJlmu0u3DMMT8E7claS7trulTnnFIgAAAAAAAAAAAAAAAAAAAAAAAAAAAAAAAAAAAAAAAAAAAAAAAAAAAAAAAAAAAAAAAAAAAAAAAAAAAAAAAAAAAAAAAAAAAAAAAAAAAAAAAAAAAAAAAAAAAAAAAAAAAAAAAAAAAAAAAAAAAAAAAAAAAAAAAAAAAAAAAAAAAAABZbnpliu0SZXEiKxfh2oh2Zwtq8qUvvG9Z3QAAAAAAAAAAAcLdfKlV7x3WRCXdfKlV7x3WRAAAAAACxobPNVw7+97IIPvvXaSH7n3Pjc6jq4alW7UauPqpJvUUk9pon0zVdCxvhI3XjUmPqUlFVy0NQ2aFU0k1YXYvrA0ua5jla5FRyLhUXiPDdV1LqupfO9rWufrVGpqLC/0dPRzQtp49BHMyutVyufSBUgyjRHSsRdiqiKWW6Ckgo61kdOzQasaOVMquvK8oFWC/gtFNUWannXETlXMsquXU1FXi2chX3NLc1Im29XOVM6bnZ17MbfxAgAuKW2U8VG2suUjmMf4kbdrjYxtiqnJExs1O5dSPcurPxUCjBKuNDJb6lYZFymMtcnGhFAlW2i7vq2wb5veUVdLGdhpqYu56mWHS0t7erc4xnC4Lncy+l39GLE5arwlSTOpG42bfoYXWa1rJVMbSypVabk09JcaWda7foBottvhqrfWTyK9HwtVW4XVsVdZWHQ7nolmtlfE3COemimeVWqaEbY6Z29S79UPTU57dTc+jWBSk+0R0UtS5K9+izR8HK4RV9ZIulrhipWVtDIslO7ai/ymG5+kgrK18dQzTYkauRMqmvKcnrArpkjSeRIlV0aOXRVeNOIwN7I2rXNjVPAWXRx6Ml3cLZbaKffZ3OjhVERkTFVXOXjXWBzoL+GjtFyzFSLJBNjLUcu3rKSeF9PO+GRMPYuFA1guqS1U0NG2sucisY7W2NNqje7JVrvUKy00i6mufraq+nWoFKT7TbuEpnx77vWi3Szo5z8yZdbZFQ2mB6xolQsiNe5HKudS9iHu5Rf/AF0yf/T+qAUjkw5U5FPD12ty+s8An09t3+1zVu+6O9OVNDRznZx59JItLkS1XPKJlGJj8cob7f8A7WrfbXqaUIAFvR0VPWWSd7I8VUOtXaS6027NmzPwKgAC3qKKnpbFFNJHmqmXLVVV1Jt2errNVrtjauN9RUyb1TR+M7jX1AVoLrTsCrve9VCf/Uyvb9CNdLYlG1k8Em+00niv5PQoFcAb6KlfWVcdOxcK9dq8ScYGgF7LFZKKVaeZs80jdTnIuxfihGutthgp46yjkV9PJq17UUCrBYWu2d3ackr96p4/Hf8ARCVp2Bq73vU7v/qZXt+gFKTrVbuEp3xb7vei3Szo54/Wbbna2U8LKqkl32lfsXjaWO5h9KuWMiclSjF03qupUz6/VxAc45NFypyLg8LOvmtT4XtpaWWOfOpznKqbdfGVgAG2mp5KqoZDEmXvXCF1LR2i24jq3STzY8JGrs+GOsCgBewW6310zH0T3K1rk32CRcLo52oQL1TxUtykhgboxtRMJlV4k5QIIBcWGggroqvfY9N7ETQ8JUwq55PUgFOC3qqa2UlJJFvyzViJjKZ0UU02u2d2NfPPJvVNH4z+X0IBXAutOwIu971UL/8AUyvb9CPdLY2ljZU00m+00niu409YFaC5sdvhrqeq3yNHSNREjVXKmFVF5D1GWSldvUyzVEianPbqai+jWgFKC9qLFHMkM1ul0oJF1q7+ROUwbwDCu9PSaZU1LLrx8lApSxs8VBK+Xu+TRRG+BrwnpM7ta2UkcdTSyLJTSbFXiMtz1FT1tRK2pj02tZlE0lTj9AFU7COXRXLc6lXkPCRQRMmr4IpEyx8iIqZ2pkuK63WyhqXSVLnNjdje4Y1VVXVrVVX0gc+C/iobVc2OZQufDO1Mo167esopI3RSOjemHNVUVPSBiC8htVJSUjam6SORX+LE3aY7xZ6529UrpKaZfE09bXLybVA0XK3w0tvo541er5morsrq2IuorDoN0MborZQRvTDmN0V9aNQgWu2d2NfPPJvVNH4z+X0IBXAutOwIu971UL/9TK9v0I90tjaWNlTTSb7TSeK7jT1gVoLix2+GupqvfI9ORqIka6SphVRTGsp7XS0kkTJVmrEwmkmdFFzr9HKBUmyCJ088cTPGe5Gp+JrLSwvpW1jW1ETnyue3enIupq+nX6gNtypbbb4nU6b7JV6KKjuJF/z1lMdBfpbelROx9PItXopiRF1ZwmOPk9BXWq2uuEjlV29wx63vXiAgAu1WwROWPQnkxq3xFXtTqNVxtUcdMlZQyrLTrtztaBUgtNz9JBWVr46hmmxI1ciZVNeU5PWb5aK2UMcjKqVX1KouGNzhnJsApACbaGU8twjiqo9OOTwU1qmF4tgEIEu6UvcVfLCiYYi5b6l2EixUMVXUSPqUzBEzLtap1fiBWAkRwLWV29Useij3Lotz4qFrJS2e3KkVW6SomTxkZqROrrAogXq2yhuED5LXI5srEysTyopY0fXQxSN1Oka1ybOPWBpBYXumhpLi6KBmgxGouMqvWaLdEye4QRSN0mPeiKmcZQCMCbeaeKlucsMLdGNujhMqvEi8ZCAn2m28JTPj33e9Buc6Oc/MgHTbmH0qtVkcTm1CM/1HqupyZ9ZVV01rfAraOlljlynhOcqpj4qBXAs7Xa0q431FRJvVNHtdxr6iRpbn1Xe9CdOLfMr2/QCkBZXW19xtZPBJvtNJ4ruT1laAB61qvcjWoqucuERONS9W22+2wsdcpHSTOTO9sX/PiBQguu5LZcEVtve+GdNbY5NjvV/5Ne6Gip6KoiZTR6DXMyqZVeP0gVILS22pk9O6rrJd5pm8fG43o7c+9d70J2cW+Kq9v0ApAWF1tbqBzHsfvkEniP8AoV4HrUVzkam1Vwhd1lDbbZBvVRvktU+NVTRXUi8S+rJAtT6VlWndcTpEXCM0Vxh2du1C6v0tuZUK2pp5H1CxeC9q6k244+UDmATbZbpLjOrGrosbre/kJ7ksFO5YnNmnVNSvRVx1oBRgt661QrR9226VZYU8Zq7WmiyU0NXcWxTs02K1VxlU6gK8F9LQWuhllSskVXucqsiaqrotzqzj0FCAAAAAAS7V5UpfeN6zujhbV5UpfeN6zugAAAAAAAAAAA4W6+VKr3jusiEu6+VKr3jusiAAAAAAEyiulXQpowyeBnOg5MoWlPcKK6ytgraRjJZFw2RnL1jRpLzQRMbJHT1cSYVFTGkeUtnZb6hlTXVULWRrpIjV1qqbAKq40i0NbJBpaSN1ovKilnuq+0U/u/qVt0q0rq+SdqYaupqLyIXC9z32ghYszYquFMYdxgc/D/Hj9pOsuN1flGL3SdansNrit07Jq6pjdouRWxRrlXLxHm6vyjF7pOtQNlS5W7kqdEXCOfhfiq/QoWoiuRF2ZL2r/wBp0vt/VxQgdXe4rc+SFtZUyQ6LfAaxqqmPgpW9y2Lz+foL+k3Nkpr1RRQzTNhq4Uw1ztjjCOwJBIkldVQthTWui7WvxAwv1ZSVUNM2mlWV0aKiqrVRcauVPQUxOu1VBU1X/pYmRxMTCaLUbpekggWu5vyuz2XdRDuXlKq98/rU3WOojprpE+V2ixctVV4soTLrZpdKprmTROhVVk1KudagbLE5W2i4uRcKjFVOipQF9ZPI1y9hf7VKEC9oF0ty1Y1daI9cflMNyvlKT3K9aGdu/wBsV3tr1NMNyvlKT3K9aAV0flNvvk/uJ+6hyrc2tVdTY0x8VIEflNvvk/uJ26fyr/8AbT6gQ7UqtulKqLj/AFGp8yVfWtW+vRdiqzPwQiWvynS+9b1kndF5Yl9TepAJW6tzu64I/wCRI8onpyvYhRHRJJTX2ijjmmbDWRJhFd/N2kfgOOlXfK+sibEmvDF8J3oQDfd3vk3N0Tn+Mrm5Xl8FSPuXe1ldKrlRE3pdq+lCXfZmT2KmkjboMdImi3kTDsFXaKCKvmkZLNvaNblMbVArwZSNRkjmo5HI1VRHJxmIF9b/APa1b7a9TShL63/7WrfbXqaUIFrudqd4uSRu8SZNBfXxf56TXJblS99xIi6KyavZ29RXtcrHI5q4VFyinYI+B0LbyuNJIFTHp/8AOUApN0dSktekLP4cDdFETl4/on4FiyOkXc3TNqpnQxOXKuYmcrldWxf8Q5qR7pJHPcuXOVVVfSW9rq6eehdba1+gxVzHIv8AKv8A5Ady2Lz+foL+k3VdVbmWR9HTVLpXIqKxHNXO3PJ6zV3uSZ0u64N5+/ni/wA9Jru81EyCOjomMdoePMjUy78QKk30VU6jq46hiIqsXYvGnGaCTb5IIqxjqqNJIdjkXrAtJm2m6SLKlQ6lnfrcj08FV/z0kK4W+qoYm6cm+U7l8FzXZb8CbPYmVUrpaCqgWF2vRVfF9B5c5IKO0R25kyTSo7ScrdjeMCVRspe9hqVMroonuXTcxMrnS9S8iELuWxefz9Bf0nlorYFpZbfWrowy62v+6pmu5yRV0mVcCw/fzxf56QNstTbIbNPR09U+VXa2o5q7dXo9Br3Kfb5fdfVDXdJKGnpGUVIjJZE8ebRRV+JjucqY6a4rvrka2RitRV2IuUX6AVcn8R3rUxLW42Wakikqd9ifFpasKuda+oqgLrcq1q3GRV2tiXHxQqqp7pKqV71y5Xqq/E222sWhrWTomUTU5OVC3qrVT3ORamgqY0WTW5juJetAKyyvcy7U6sXWrsL6l2m3dF5Ym9TepCfb6WltdZFvk7Z6qRyMa1mxmdqqQN0Xlib1N6kArC/3MuVlPcHN1KjGqnwcUBfbnPslx9hOpwFDtOmgjpV3MwtqZXRRPdlzmJlVXK+heT5HMlxaqynko5LdWu0I3rlj/uqB73LYvP5+gv6TdUVVtisstHT1LpVVctR7VznKeg1d7kmdJtXAsP388X+ekwustFDTR0VG1kjm+PNoplfxAkbnnKy33FzVwqMyi/gpQF9YPJty9j6OKEC/tkjm7mq3C7FcifiiFAXtt/21Xe0vUhRAXrVV25F2lr0ZNXo8JO093J/a5/YTrPI/9oy+8/8Ach7uT+1z+wnWBWWvypS+9b1kndI5Vu8iKuprWonwI1r8qUvvW9ZI3ReWJfU3qQDXY3K270+Fxlyp8lN1axrt0qsd4rp25/HGTRZfK9N7X0Pb0qtvNQ5FwqORUX8EAk7qHvdc0a7xWxpolPsOjk7lv9NGqzNhrGJhUdx/sR0s0NE7fbhVR723XvbNbn+gDduhc59soHv8ZyZX16KG2COlXczC2pldFE92XOYmVVcr6F5Pka90kiTW+ilRuij00kTkyiEW1VlPJRyW6tdoRvXLH/dUD3uWxefz9Bf0m6oqrbFZZaOnqXSqq5aj2rnOU9Bq73JM6TauBYfv54v89JhdZaKGmjoqNrJHN8ebRTK/iBI3OuVlBcHNXCtZlF/BSgL6weTbl7H0cUIAl2nypS+8TrIhLtPlSl94nWBv3ReWZvU3+1CbCqx7kpXR7XP8JU9aJ1ELdF5Zm9Tf7UNtmr4GQy0NZqgl2O+6oFQX+55Vfb7hE/XHo51+lFz1IYLucc5yuhrIXQ/eVeI9q6mlttufQ0UiSyyfxJE+YGG5XylJ7letCqqnK+qmc5cqr1VV/EtdyvlKT3K9aFTP/Hk9pesDWetcrXI5q4VFyingAvr2iVttpbixNeNB+OL/ABc/ExevB+5xrdktYuV9n/xj4mW557KqmqLdMvgvTTb9foRL/UpPcFjZ/DgTe2ono2/56AJO5RrVrZnLtSPV8UKaV7nyve9cuc5VXPKSbXXLQVrZsKrfFeicaFnUWiC4SrUW+qiw9dJWO4lAg2B7mXeDQ/myipypg2VTWt3TYbs7oav45TJNp4aSxNdPNO2eqxhrGcX+cpRPqJH1K1Dl/wBRX6efTnIFhul8rP8AYb1Ea0eVab3iFxVU9PfmR1FPOyOoRui5jv8APmY263wW2uidU1Eck7naMccevCrxqBX7ofLM/wD1/tQrSy3Q+WZ/+v8AahWgXu5P7XP7v6lEu0t9zVTFT1z2yuRiSMwirszk13CyzUULp1ljfFpYTRVc6/wAmXBVj3MUbWamucmlj8V6ygLu2VdNU29bbXP3tM5jkXiCbnHouk6shSH7/o/z0gbKNVk3K1TZNaMeujni2L1lAXV0raaKibbqF2lGi5e/73brKUCfYmtdeKdHbMqv4oi4Pb69z7vPp8SoierBDp5nU88czPGY5HIX9TTUt9RtRTTtiqMYex/H/nKBz8D3RzxvYqo5rkVMcpdbrPtcHu/qeMt9PanpUVtRHJIxcshZryvFk93Wfa4Pd/UDK9rvdlt8bNUatRVxxrop2qUBe0NTTV9tS31siRPZ/DkXZ6DxNzjmqjpayFsP3kXiAzRd93IuWTXvb/AVfaTtUoC4vFfAtNHQUOuCPa77ylOBspvtMXtp1lrup8pt90nWpVU32mL206y13U+U2+6TrUDdbl3vcxWSR6nq5UVU5MIn1UoC1slwipllpqpM08yYVeRdhvdue3xyvpayF8O1FVdaJ+AGW5ZVe6qidricxNJPkRtzfldnsu6iVNPS2igkpaWVJqmXU96bEIu5vyuz2XdQES6OV1zqlVcrvrk+CkUk3LylVe+f1qRgAAAAACXavKlL7xvWd0cLavKlL7xvWd0AAAAAAAAAAAHC3XypVe8d1kQl3XypVe8d1kQAAAAAAAAAAAAAAAAAAAAAAAAAAAAAAAAAAALhLTHV22Oot6q6VP4kbnJt9BEitFfLIjEppG543phE/EjQVE1O/TgkdG7lauCU+83B7NF1U/HoREX4oBNv8scNNTW6N2ksKZevpx/5KQKqquVXKrxgAAAAAAAAAAAAAAAAAAAAAAAAAAAAAAAAAAAAAAAAAAAAAAAAAAAAAAAAAAAAAAAAAAAAAAAAAAAAAAvrMiUNsqri5PCVNCPP+cvUUSqqqqquVXWqm+StqJKVlM+TMLFy1qIiEcAAAAAAAAAAAAAAAAAAAPWaKPbpoqtzrxyFxXWTMbKi26U8Lm5xnLkKY301bU0ud4mexF2oi6vgBMoLLVz1DUlhfFGi5c56Y1eg93Q1bKq4YjVHMiboZTjXjI891rqhislqXq1dqJhM/AhgAAAAAAAAAAAAAAAAAAAAAEu1eVKX3jes7o4W1eVKX3jes7oAAAAAAAAAAAOFuvlSq947rIhLuvlSq947rIgAAAAAABZ3K3w0tvo541er5morsrq2IuorAAAAAAAAAAAAAkUEDamuhhkzovdhcbTO600dHcZYIlcrGYxpLr1oigRAAAAJ9vtvdtNUzb7obw3ONHOlqVeX0AQAAAAAAAAAWdot8NbT1ckqvRYWordFccS7fgVgAAAAAAAAAAAAAABvoqfuurjg09DTXGljOBXU3cdZJT6enoLjSxjIGgA30UMdRVMilmbCx2cvdsTUBoBbXK0RUdE2piqkma5yNTCJhdvHn0EGhopa+oSGJEztVV2NTlAjgu3W20ROWKW4u31NSqiakX4fUhXO2vt8jfCSSJ6ZY9OMCCAAANlPBJUzshiTL3rhCyu1nZbqZkrZlkVz9FUxjiXsAqQS7VSsrbhHTyq5GPzlW7dSKpZS0FjildHJWzo9i4VOReiBRAt6mmsraeR0FZM+VG+C1U1KvRKgAAAAAAAAAAAAAAAk2+k7urY6fT0NPPhYzjCKv0N0MKUl9ihV2mjJ2tzjGdYEAFldGtlv0jF1NdI1q4/BDC80cVDW7zCrlboovhLlQIALOtoIae1UtSxX75L42V1bCsAAAAAAALKpitzbTC+GTNUuNNM/HUVoAAAAAAAAAAAAAAAAAAAAAAAAAAAAAAAAAAAAAABZ2u3w1dHWSyq9HQty3RX0Kuv4Ee1U0dZcYoJVcjH5zorr1IqgRASK+FtNXTQx50WOwmdpHAAn22293xVD993veWouNHOdvp9BAAAAAAAAAAAAAAAAAAAACXavKlL7xvWd0cLavKlL7xvWd0AAAAAAAAAAAHC3XypVe8d1kQl3XypVe8d1kQAAAAAAvr35GtvsJ/ahHo6OnlsVVUvjzNG7DXZXVqTi/EkXvyNbfYT+1Dy3f7ZrvbXqaBRFtDRU7tzs1WseZ2vwjsrq1pxbOMqS+g/2jUe3/wC5oEbc/RwVtXIyoj02tZlEyqa8pyG1ae00D97rFknmTxmx+K30cRluU+3ze6+qFNM5XTPc5cqrlVVAuKq10lRQurLY9ytZrfG7ahUQQvqJ2QxJl71wiFzuZVVbWsXxVj1p8TVuXa110crtrY1VPXlE+oG2SktNtVI6x0lRPjLms1InzTrHBtBcYHvtj3slYmVieu0qKxzn1k7n+Mr3Z+JjDPLA/ThkdG7GMtXCgSbQipdqZFTCpIhb3WmoIrhJUV8j3b5jQij24RETK/AqLS5XXenc5VVyyZVV4zbuicq3mZFXYjUTooBNjoLXc43pQOfDO1Mo167Siex0b3MemHNXCpyKT9z7lbeYMceki9FTVd0xdanHOKBDOpsklEttqN7he3RjTf8AK+PqXONfr5Dli+3P+Trl7H0cBAuE1tkialDTSRPR2tXLnKfFTdbrVHJTLWV0qxUybMbXFUX9/XQtlvjZqjVucJ6ETHWoGtq2CVUj0J486t8VV7V6iHdbY63yNVHb5DJrY9OogF9IqybkWLJtY/wVX147QIVpta17nPkfvcEfjP8AoSnrYGrvSMndxb4ir2/Q2Iqx7kEWPa93h49r9kKADqrdRMpaStfBKk0EseWP49SOyinMwQvqJ2QxJl71wiF7uee5bbXsVfBa3KetUXPUhG3Lta66OV21saq315T9wN8tFabYjWVr3zzqmVaxdn+esxht9ur5mOoXuTReiyQSLhVbnXhSprnukrZ3SeMsi5+JttD3MutMrFVFWREX1LqUDddYKeiu6Rsi/wBBuiqs0l1px69pnfaCGkkhlpW4glblNarr/H8Buk8rv9lvUSof/wCS3Nvi2y0q5T1J+2U/ACpt1MtZXRQcTneF6uM2XdlPFcJIqWPQjj8FdarlePb/AJqJ1jRKSiq7i9PEboR541/zBSucrnK5y5VVyqgeFnabUlY1888m9U0fjO5SsL+qVY9ydOkepHuTSxx61XrA1udufzvaMnTi31M/58jcyzU0dBVzOxO1I1fDIjlTVheJPSc8dDZ3vduer2r4rWv0eiBF3PPpW1jGzROdOrv9NyLqbq49ZJu09qSqqGS0srqnZpo5cZxqXaVtk8r03tfQ9vnlep9pOpAIAAAvqv8A2nS+39XEG23JKCGoakauklbhr0XGjt7SdV/7Tpfb+rihAF9cPB3MUTZPHVyK3O3Gv6YIlotndb1nn8Clj1ucurS9BheLh3fUpveqCNNGNPqBlBFbltEsksipVoq6KZ+GorQW1htyVU6zytVYIdapjOkvIBvpmpZratVIid1zpiJq/wAqcv8AnoPLi5Xbm6JzlVVV+VVePxiPco7hX1bpnUlQjdjG72upCbW0tQ/c9RxNgkWRrvCYjVym3iAgbnvLMH/b+1SRNZqytr6mRjWsjWV2HPXGdZXUVS+grWzaGXR5TRdq4lQyr7hPXzK+Ryo3+ViLqQDZXWeroWb5I1HRptcxcohptsTJ7hBFK3SY56IqZxktNzU75ZZaOVVfC+NV0V14/wAyQLW3QvMDfuy4Asqy10FHUyS1T1jp1VEiiYqq52pM/Mxhp7JXu3mDfaeVfF0l2r+KqRd0j3Ou8jXKuGtajfVjPWqlY1Va5HNXCouUUDfXUklDUugl2prRU2KnKXEdppJbPT1D1SFfGlkyq+Dr2Js24Md1CIqUcjtUjmLpfLtU9r3Km5WjRF2vRF/MBhElglckOjMxV1JI5cf58DySxMpaiR9VNo0jERUenjOzxespC/v73LarflV8JqKvpXRTtAxhjsVW9IGNmie7U17l2r8VQrLjRPoKt0L10k2tdyoRUVUVFTUqF7up1zUrl2rHrAogABZbnvLVP/2/tU03jyrU+2pu3PeWqf8A7f2qabx5VqfbUDTSfbIPeN6yx3T+Vf8A7afUrqT7ZB7xvWWO6fyr/wDbT6gbrr/t63/h1FEXt1/29b/w6iiAyijfLI2ONNJ7lwicql6+32y2Malwe+aZyZVjF2ETc41rrvFpcSOVPXgj3Z7n3SpV65VJFRPUmpAJ7aG3XBycHveyRq5WGRfGTjx/5I9/pIKOuZHTs0GLGjlTKrryvL6iHQPfHXQOj8ZJEx8Sz3VeUo/cp1qBrrKKnisFLUsjxM9yI52kuvUvFs4j2Oip6mwPqIY8VMK+Gukq5T1epfkb7h/tai9tOpxp3N1CMrH00muOduMLy/8AjIFOW9woqeitFMro/wD1cutXaS6k27NnGiGmmtyre0o3JlrJPC9LU19XWZboKrum5vRFyyLwE/Db8wPbba45qd1XWS71TN402uNyPsD1SPe52cW+Kq9v0J88dEtjomVc74Yla1yaCZy7HqXlUr+5bF5/P0F/SBFuttWgcx7H75BImWPIBe3KroFszKOmqHSujcit0mqi8fo9JRAWlhp6Srnkp6mPSc5uWO0lTHLs/wA1FfPE6Cd8T/GY5WqZUlQ6lqop27WORccqcaFnukp07qiqokyyoai5TjX/AMYAwtdHTrb6qtq49NkaYYmVTK/h60IduoZLhUpFH4KJrc5djULG8qlFbqW3N8bGnJ6//OfgbLGqx2a4Sx/xEauvkw3/AMgYPZYqR6xSJNUPTU5zV1IvxQwqrVTzUbqu2Sq9jfHjdtQpi83Kud3bMz+R0eVT05TtUCDZqeKquUUM7dKNyLlMqnEvIaa+NkNfPFGmixj1RqZ2JknWNEbf2NbsRXonwUiXXypVe9d1gbrFSw1dwSKdmmzRVcZVOoh1TGx1UzGJhrXuRE9GSy3M+VU9hxXVv22o947rA0lnabUlY1888m9U0fjO5SsL+qVY9ydOkepHuTSxx61XrA1udufzvaMnTi31M/58jcyzU0dBVzOxO1I1fDIjlTVheJPSc8dDZ3vduer2r4rWv0eiBzwBspmo6pia7xVeiL6sgW0FrpaWkZVXSRyafiRN2qZxQ2SvekMCTU8rtTVcupV+KmG6lzluLGr4rY0x8VKZqq1yK1cKi5RUA3VtJJRVL4JdrdipsVOUs6S1U0NG2sucisY7W2NNqlWs0lTPGtRI6RcomXLnVkt91bnd1wR/yJHlE9OV7EAw3uyVa71CstNIuprn62qvp1qe3W2RUNpgesaJULIjXuRyrnUvYhSHQ3d75NzdE5/jK5uV5fBUDCweTbl7H0cQ9z3lqn/7f2qTLB5NuXsfRxD3PeWqf/t/aoGm8eVan21IZMvHlWp9tSGB1Fgko1oZ0jhej2xpvyqvj6l2a/XyFPXzWySBEoqaSKTSyrnKqpj4r6Cdub+y3H2E6nFCBaW21Mnp3VdZLvNM3j43G9Hbn3rvehOzi3xVXt+hsva73ZbfGzVGrUVcca6KdqlABYXW1uoHMex++QSeI/6FeX6Lvu5Fyya97f4Cr7SdqlAAAAAAAAAAAAAAAS7V5UpfeN6zujhbV5UpfeN6zugAAAAAAAAAAA4W6+VKr3jusiEu6+VKr3jusiAAAAAAF9e/I1t9hP7UNNirYI2zUdWujDOnjLsRdhTgC7k3OuaumlZAkH33LjV1fMmVHc6bmJ46VVdHGqN0l/mXSTK/M5gAXm5T7fN7r6oUsn8R3rUxAF5uY8as932lZb6t1DWRzomUauHJypxkYAdBVWuC6SrU2+piRZNbmPXCoohpaOzRyS1kkVROqYbEiZT59Zz4AnWp2neKdyoiKsmcImENm6Hy1Uf9f7UK0AWFg8s0/rd/aprvHlWp9tSGABd7nZotGqpZZEYs7cNVV9Cp9SkAFhcbRPb4mySyRua52imiq56ibSVNNcrayhrJUilj/hyLs9HYUQAvG7nVY5HT1kLYfvIvF+JqvNfBJDFRUX2eL+b7ylQALmzV0CU8tBWriGXY7kUzfuddnTZWQrD99y8XUUYA6y3LSx0NZTUjt8SJmXy/fcqL2HOW+rdRVkc7UyjV1pypxkYAdFVWynu0i1VBUxo5+t7Hcv0PKGkprXWRLNOyepe9GMYzY3K4ypzwAtd0nld/st6jzc9Vdz3JrHeJMmgvr4vn1lWW25ymSWuWd/8ADgTSVV2Z4vqv4Ab90Do6Sngt0GprcyO/FVx9fkURIr6lautlnXY52r0JxEcAXdprKeaifba52ix3iPXi7NZSAC7dudc1dNa2BIfvqvF1fMsKd9MlmroKTLo4o3Ir1/nVWrlTlABKtszae4QSvXDWu1ryIW91s8lVPNW088LolTT2rnUno9RzwAAAC+q/9p0vt/VxGsdqbcJHSSuxFGqZam1xVADrLnba+rakEDqeGlZqaxHKmfXqKessNVR0z55JIVYzGUaq5245CrAFlBboZbRLWOqEbIxVwz6fiaKS5VdFGsdPLoNVdJU0UXX+KEQAWPD1y85/I3sLatuNXFY6SoZLiWRcOdopr1LxYOYAEqirO569tTI1JEVyq9FTbnaWtTZ4rhMtRb6mHRk8JWOXGipQADooGQWGCWR87Jat7dFrGa8FVaFVbtTKu1ZEIRMs/lWm9tALq7QUtwrpIVmbBVRYRFf4r0VEX6minscNHIk9wqot7ZrRqL4xC3Q+Wqj/AK/2oVoE68V/CFYsjUVI2posReTlLC4f7WovbTqcUIAF7ffJVt92n9qFEABebp/HpPdlGALKpt0MNphq21COkfjLPp+BWgAWW57y1T/9v7VNN48q1PtqQwBupPtkHvG9ZY7p/Kv/ANtPqVAAvbr/ALet/wCHUUQAG6jqXUlVHOzWrFzjlTjQvaqhpb05KqiqGMlcnhxu5Tn4d735m/Z3vSTSxtxxlrcLI9mjNQI6enciKmFyqdoG6noqa0zslqp2TTo5EjijXj5VNe6rylH7lOtTXa7PUyVbHzxOiijcjnK9MZxxGm+Vbay5PfGuWNRGNXlx++QJ1w/2tRe2nU4pIpHQzMlYuHMcjk/AwAHYzPghhlvDPGkgRGp6f8x8Dj1VVVVVcqp4ALugqqatt3B1bJvTmrmKRdgTc69rkdJVwNh43ovF1fMpABaXioo1SOmoY2aEfjSo1MuX18ZVgADp7I6KvtzIp9a0kiOTPJtT6/A5gvk//jdzarsmq1/HC/t1gVVxqlrK6Wbicvg+riJNkuDKKZ8c6ZgmTD/R6StAF6/c+2ZyyUVXC6FdaaS60+Bs32lsdJJHBM2eskTCubsac8AJFDUrSVsVQiZ0HZVOVOMuq21w3WVauhqYvDTL2uXYv0OdAHUWWlp6CsWLf2zVT2rnQ2MRDna37bUe8d1mkAC7tNZTzUT7bXO0WO8R68XZrKQAXbtzrmrprWwJD99V4ur5lhTvpks1dBSZdHFG5Fev86q1cqcoAARcLlNqAAdDItNfqaJVmbDWxphUdscYQWOOjlbNcKqFIma9FF8b0ayhAEu51MVVWOfBE2KJNTUa1E1cpbpJTX2ijjmmSGsiTCK7+btOdAF1wHHSrvlfWRNiTXhi+E70ISr7MyexU0kbdBjpE0W8iYdg5sAX1g8m3L2Po4h7nvLVP/2/tUrQBMvHlWp9tSGABdbnJ4mSVFPK9Gb+xERV5dfaRrhZ57fAk0kkb2K7RTRVc8fo9BXAC9oammr7alvrZEiez+HIuz0HibnHNVHS1kLYfvIvEUYAuLxXwLTR0FDrgj2u+8pTgAAAAAAAAAAAAAAEu1eVKX3jes7o4W1eVKX3jes7oAAAAAAAAAAAOFuvlSq947rIhLuvlSq947rIgAAAAAAAAAAAAAAAAAAAAAAAAAAAAAAAAAAAAAAAAAkQ1tRBTyQRSaMcnjoiJr/HaRwAAAAAAAAAAAAAAAAAAAAAAAAAAAAzhlfBK2WJ2i9q5RcZwYADZUTy1UzppnaUjsZXCJxY4jWAAAAAAAAAAAAAAAAAAAAAkU1dVUqYgnexORF1fAjgCXUXOtqmKyaoe5q7UTUi/AiAAAAAAAAAAAAAJFVW1FWjEnk0kjTDUwiInwI4AAAAAAAAAAAAAAAAAAAAAAAAAAAAAAAAAAAAAAAAAAAAAAAAAAAAAAJdq8qUvvG9Z3Rwtq8qUvvG9Z3QAAAAAAAAAAAcLdfKlV7x3WRCXdfKlV7x3WRAAAAAAAC9WwskpqSWKVzEkYj5XvVNFiYRdRXXKnpaaVjKWff0VvhOyi6/wAhgt6ezxtpm1NxqEp43eK3HhKbG2m31eW2+uV0qJlGyJt+SAUgM5oXwTOilarXtXCoXUlhi7np5mzLGxzNOV8iphupNnxAogXkVqtdUu9U1wcs3FpJqX8MIR47LI2aXuyVsEMS4dIv83qAqwXsdot1Wisoq5zpUTOHpt+SFNPDJTzvhlTD2LhUAnVNvghtMNUyo0pX4yzV8PwK0s6q3Qw2WnrGueskrkRUVUxsX0eg9tFsjuFPUucr98jTwEaqIirhdur0AVYLltstsC73W1+JuNsaamryZwppudoWjhbUQSpNTu/mTiArAbaankqp2wwt0nuXUXD7RbqREZXV6pKqeKxNnyUCrt1IlbWx06v0NPPhYzjCKv0MKyDuarlgR2loOxnGMl7bLY2G5U9TSztqKfwkVybWrortKi7+Van3igQwC0qbbClnirqZ0jlVUSRHKi44uTlAqwCyudvhoKSmy561MiaTmqqYanwArQWNttL61jppJEhp27Xu+hKbbrPK5I4ri5JF1ZcmrqTrApAS7jb5rfNvcuFRdbXpsU30tvims9TWOc9JInYaiKmOL0ekCtALOK3wvsUtcrn76x2ETKaO1E5PSBWAAAAAAAAAAAAAAAAAAAAAAAAAAAAAAAAAAAAAAAAAAAAAAAAAAAAAAAAAAAAAAAAAAAAAAAAAAAAAAAAAAAAAAAAAAAAAAAAAAAAAAAAAAAAAAAAAAAAAAAAAACXavKlL7xvWd0cLavKlL7xvWd0AAAAAAAAAAAHC3XypVe8d1kQl3XypVe8d1kQAAAAAA6G8yubYaCNFw17G59OGoU1vjbLX08b9bXSNRU9GS2vfka2+wn9qFJFI6KVkjFw5jkcnrQDpbzQw1dZpS3KGHRaiJG9UynzIcNqpoZmSsvFOjmKiprTtN1dSNvbGVlC5u+6KJJGq4Uj0dgmbKklejYoGa3Zemv4bAMN0kkEtcySCRkmY00lY5F15XkJN+kclot8aL4Lmoqpy4anaVFwdTOq39yM0IU1N1qufTrLW/+Tbb7H0aBRse6N7XtXDmrlF9Jfbq5XK6mjzhuirsek58vd1P8am939QKiikdFWQvYuFa9Ossd07UbdEVP5o0Vfmn0Kyn+0Re2nWWu6nym33Sdagbbh/tai9tOpx7ucesdDcHt1Oa1FT4KeXD/a1F7adThYPJty9j6OAoVVVVVVcqpfW1yybm66N2trMqno1IpQl5avIFx9S9QHu5dqNWrnxl0bEx+OV+hSSSOlkdI9Vc5y5VV4yxsVcyirF31cRSpouXk5FJFZuen31X0Sslhdrb4SJhANW5qZ8d0bG1V0ZGqjk9SZIt38q1PvFLqz29lurGd0vatTKioyNq50UxlVX4FLd/KtT7xQIZe7npG1EFTbpV8GRqub6F2L9F/AojfRVK0lZFO3+R2V9KcYEm1UTpruyCRuqNyq9PV+5jeavuy4yvRcsaugz1IX9wSKggq6+JyadS1rWY4lVNv1/A5IC/virT2igp49THNy7HHhE7SgOhh3q92qOlWRrKuBMN0v5k/wDBEj3O17pEa9rGN43K5FAk1Dlqtysckut8T8I5dq68dXUY27/bFd7a9TTC81MENHFbaV2m2PW9ycantgmhkgqLfO5GpOngqvLjHx2AUhfQf7RqPb/9zSM7c7XpLotYxzc+PpJjtLKoiig3MTwxSJJoKiPcmxXaSZA5gE+2WqS4slcyRrN75eNSAAAAAAAAAAAAAAAAAAAAAAAAAAAAAAAAAAAAAAAAAAAAAAAAAAAAAAAAAAAAAAAAAAAAAAAAAAAAAAAAAAAAAAAAAAAAAAAAAAAAAAAAAAAAAAAAAAAAAAAAABLtXlSl943rO6OFtXlSl943rO6AAAAAAAAAAADhbr5UqveO6yITLw3RutSi/fVfiQwAAAAADY+eaRjWSSvexmprXOVUT1GsADJj3xu0o3Oa7lauFMpaiab+LNJJ7TlU1gAbJJ5ZWtbJK97Wamo5yqieo1gAbJZ5Z1RZpXyKiYTTcq4NYAIqoqKi4VONDOWaWd2lNI+R2MZe5VUwAGx08z4mxOlesbdaMVy4T8BHPLE1zY5Xsa/U5GuVEX1msADYyeVkbo2Svax3jNRyoi+tDWABtjqZ4m6MU0jE5GuVDUAM2zSsl31kj2yffRyovxMXvdI9XvcrnLrVVXKqeAAbaaB1TUxws8Z7kQ1EihrH0NQk8bGOeiKiaaKqJ8ALLdJO1JoqKL+HTsRMenHZgpTOaV88z5ZFy96q5TAAiqi5RcKhudVVD2aD6iVzeRXqqGkAAABtWqqFZoLPKrPuq9cHiTypCsKSvSJdas0l0V/A1gDJkkkaORj3N0kwuiuMoYgAAAAAAAAAAAAAAAAAAAAAAAAAAAAAAAAAAAAAAAAAAAAAAAAAAAAAAAAAAAAAAAAAAAAAAAAAAAAAAAAAAAAAAAAAAAAAAAAAAAAAAAAAAAAAAAAAAAAAAAAAS7V5UpfeN6zujhrQ3SutMiffRfgdyAAAAAAAAAAAHJ7p6dY7g2ZE8GVqa/SmrqwUx3N1oUr6J0SYR6eExV4lOIkY6KRzHtVrmrhUXiUDEAAAAAAAAAAAAAAAAAAAAAAAAAAAAAAAAAAAAAAAAAAAAAAAAAAAAAAAAAAAAAAAAAAAAAAAAAAAAAAAAAAAAAAAAAAAAAAAAAAAAAAAAAAAAAAAAAAAAAAAAAAAAAAAAAAAAAAAAAAAAAAAAAAAAAAAAAAAAAAAAAAADKNjpZGsY1XOcuERONQLfcvAslwdNxRN5ONdXadYQrVQpQUbY/8A4jvCevpJoAAAAAAAAAAACrvFnZXt3yPDKhE1LxO9CloAPn9TTT0smhPE6N3pTb6l4zUfQpoY541jmY17F4nJkrZtz1BKqq1r48/cd25A48HVLuYpM6ppkT1p2HnexS8/N8uwDlgdT3sUvPzfLsHexS8/N8uwDlgdT3sUvPzfLsHexS8/N8uwDlgdT3sUvPzfLsHexS8/N8uwDlgdT3sUvPzfLsHexS8/N8uwDlgdT3sUvPzfLsHexS8/N8uwDlgdT3sUvPzfLsHexS8/N8uwDlgdT3sUvPzfLsHexS8/N8uwDlgdT3sUvPzfLsHexS8/N8uwDlgdT3sUvPzfLsHexS8/N8uwDlgdT3sUvPzfLsHexS8/N8uwDlgdT3sUvPzfLsHexS8/N8uwDlgdT3sUvPzfLsHexS8/N8uwDlgdT3sUvPzfLsHexS8/N8uwDlgdT3sUvPzfLsHexS8/N8uwDlgdT3sUvPzfLsHexS8/N8uwDlgdT3sUvPzfLsHexS8/N8uwDlgdT3sUvPzfLsHexS8/N8uwDlgdT3sUvPzfLsHexS8/N8uwDlgdT3sUvPzfLsHexS8/N8uwDlgdT3sUvPzfLsHexS8/N8uwDlgdT3sUvPzfLsHexS8/N8uwDlgdT3sUvPzfLsHexS8/N8uwDlgdT3sUvPzfLsHexS8/N8uwDlgdT3sUvPzfLsHexS8/N8uwDlgdT3sUvPzfLsHexS8/N8uwDlgdT3sUvPzfLsHexS8/N8uwDlgdT3sUvPzfLsHexS8/N8uwDlgdT3sUvPzfLsHexS8/N8uwDlgdT3sUvPzfLsHexS8/N8uwDlgdT3sUvPzfLsHexS8/N8uwDlgdT3sUvPzfLsHexS8/N8uwDlgdT3sUvPzfLsHexS8/N8uwDlgdT3sUvPzfLsHexS8/N8uwDlgdT3sUvPzfLsHexS8/N8uwDlgdT3sUvPzfLsHexS8/N8uwDlgdT3sUvPzfLsHexS8/N8uwDlgdT3sUvPzfLsHexS8/N8uwDlgdT3sUvPzfLsHexS8/N8uwDlgdT3sUvPzfLsHexS8/N8uwDlgdT3sUvPzfLsHexS8/N8uwDlgdT3sUvPzfLsHexS8/N8uwDlgdT3sUvPzfLsHexS8/N8uwDlgdT3sUvPzfLsHexS8/N8uwDlgdT3sUvPzfLsHexS8/N8uwDlgdT3sUvPzfLsHexS8/N8uwDlgdT3sUvPzfLsHexS8/N8uwDlgdT3sUvPzfLsHexS8/N8uwDlgdT3sUvPzfLsHexS8/N8uwDlgdT3sUvPzfLsHexS8/N8uwDlgdT3sUvPzfLsHexS8/N8uwDlgdT3sUvPzfLsHexS8/N8uwDlgdT3sUvPzfLsHexS8/N8uwDlgdT3sUvPzfLsHexS8/N8uwDlgdT3sUvPzfLsHexS8/N8uwDlgdT3sUvPzfLsHexS8/N8uwDlgdT3sUvPzfLsHexS8/N8uwDlgdT3sUvPzfLsHexS8/N8uwDlgdT3sUvPzfLsHexS8/N8uwDlgdSm5ilzrmm+XYb4tztBGuXNkk9t3ZgDlaalmq5Ejgjc93HhNSevkOrs9nZQN3yTD6hU28TfQnaWMUUcLNGKNrG8jUwZgAAAAAAAAAAAAAAAAAAAAAAAAAAAAAAAAAAAAAAAAAAAAAAAAAAAAAAAAAAAAAAAAAAAAAAAAAAAAAAAAAAAAAAAAAAAAAAAAAAAAAAAAAAAAAAAAAAAAAAAAAAAAAAAAAAAAAAAAAAAAAAAAAAAAAAAAAAAAAAAAAAAAAAAAAAAAAAAAAAAAAAAAAAAAAAAAAAAAAAAAAAAAAAAAAAAAAAAAAAAAAAAAAAAAAAAAAAAAAAAAAAAAAAAAAAAAAAAAAAAAAAAAAAAAAAAAAAAAAAAAAAAAAAAAAAAAAAAAAAAMXvbGxXvcjWprVVXYeTzMghdLIuGtTKnJ3G4y10i5VWxIvgs7fSUveKs9TUikLaq3QRMVW08ayL95dSFdJfK56+C9rPZb2lcDnnUtLknVtPyncM3Dzj8jewcM3Dzj8jewggrutyrvtyncM3Dzj8jewcM3Dzj8jewggbrcm+3KdwzcPOPyN7BwzcPOPyN7CCButyb7cp3DNw84/I3sHDNw84/I3sIIG63JvtyncM3Dzj8jewcM3Dzj8jewggbrcm+3KdwzcPOPyN7BwzcPOPyN7CCButyb7cp3DNw84/I3sHDNw84/I3sIIG63JvtyncM3Dzj8jewcM3Dzj8jewggbrcm+3KdwzcPOPyN7BwzcPOPyN7CCButyb7cp3DNw84/I3sHDNw84/I3sIIG63JvtyncM3Dzj8jewcM3Dzj8jewggbrcm+3KdwzcPOPyN7BwzcPOPyN7CCButyb7cp3DNw84/I3sHDNw84/I3sIIG63JvtyncM3Dzj8jewcM3Dzj8jewggbrcm+3KdwzcPOPyN7BwzcPOPyN7CCButyb7cp3DNw84/I3sHDNw84/I3sIIG63JvtyncM3Dzj8jewcM3Dzj8jewggbrcm+3KdwzcPOPyN7BwzcPOPyN7CCButyb7cp3DNw84/I3sHDNw84/I3sIIG63JvtyncM3Dzj8jewcM3Dzj8jewggbrcm+3KdwzcPOPyN7DdHfqxi+HoPT0pjqKsE77ckalo+XUUd8p6hyMkRYnrszrRfxLM4QtrPdlp1SCoXMS+K77v7GtNX4l0aevntZ0oCLlMoDd0gAAAAAAAAAAAAAAAAAAAAAAAAAAAAAAAAAAAAAAAAAAAAAAAAAAAAAAAAAAAAAAAAAAAAAAAAAAAAAAAAAAAAAAAAAAAAAAAAAAAAAAAAAAAAAAAAAXUiqBzm6GsV9QlMxV0Wa3elSnM6iVZp5JVz4blXWYHFaczl517brZAAVUAAAAAAAAAAAAAAAAAAAAAAAAAAAAAAAAAAAAAAAAAAAAAAAAAAAAAAAAAAB0tgrFmp1ge7L49meNpbHJ2ORY7nGmdT0Vq/D9jrDr05zV36Nt1QAGjUAAAAAAAAAAAAAAAAAAAAAAAAAAAAAAAAAAAAAAAAAAAAAAAAAAAAAAAAAAAAAAAAAAAAAAAAAAAAAAAAAAAAAAAAAAAAAAAAAAAAAAAAAAAAADCdVSCRU2o1TM11H2eT2V6iJRPhxAAOJ5gACAAAAAAAAAANtLTPq52wxq1HOzjS2Ex3TEZ7NQM5onQzPicqK5i4XGwwAA9a3ScjU2quDdW0clFKkcqtVyt0vBUY+TE4y0AAhAAAAAAAk2+lStqkhV+hlFXOMmmePeaiSLOdBytzy4UnE4ynE4ywABCAGdPC+onZEzxnrhCbX0VLRxqxKhX1KYy1E1ForMxlaKzMZV4AKqgAAAAADKKNZZWRtxl7kamfSbKulfRzrFIrVciZ8HYTjtlOJxlpBKt1GlbU70r9DwVXOMkeVm9yvZnOi5UyMdsmJxliAbaWJs1THG9+g1y4V3ICIy1Ak3Gmjpat0UUmm1ERc8aegjCYx2JjE4AAQgAAAAASbb5Rp/bQ7I422+Uaf3iHZHTo+HZ6f7ZAAbOgAAAAAAAAAAAAAAAAAAAAAAAAAAAAAAAAAAAAAAAAAAAAAAAAAAAAAAAAAAAAAAAAAAAAAAAAAAAAAAAAAAAAAAAAAAAAAAAAAAAAAAAAAAAAADXUfZ5PZXqNhrqPs8nsr1ET4RPhxAAOJ5gACAPY2OkkaxiZc5cIh4bKaVYKiOVEzoORccpMJjz3WTrbQ0uGVtYrZFTOixNnyU0V1tSngbUU8qTQO4+Ql1MFLdJd/p6prJXImWSaiHVQV1DAsMiqkDl4tbVU1tEcNrRGPHZHpKSWsmSKJNe1VXYiFgtDbIXb3NXOWRNuimpPkpvskacGVL98SJzl0d8X+VMfuRuCqX+pwfLtEVxGcEUxWJxlqrbYtPClRBIk0C/wAycRIsDaZahrnyOSoRV0WcSpj1esk00dNS0VRC6uhlbI1cJpImFx6/UV1i8qRep3Uoxi0JxFbRKRcorbvtQ7uiXujKro41aXJsKgkXHyhUe8XrI5S85llec2Sre2mfUJ3VI5jU8VW8a59Rc3eO3vqWrVzyRyaCYRqasZX0Kc9D/GZ7SFnuj+3s90nWpas4rLSlsUnsro4XTVCRQIrlcuGlo610VKiJW1ipIqeKzi6zzc4xO6JpFTKsZq/H/wAFVLI6aV0j1y5y5VSO0RlWMVrmY8rSO0RyzRugn36ncuHK3U5uogV0DaaskhYqq1i4RV2kqxSujuTGNVdGRFRyfhk1XZcXSdf+X0E4muYTO2aZhJba6eCJj7hUrEr0yjGprMai1xLTOqaKffo2+Mi7UJE7qS7sjes6QVDUwrX7FIstJX26J6sdmF6eE5i5RU9JaYjjstMR8R2LB5Tb7KmmaCSpus0USZc6V34azdYPKbfZUsqvFqgmnibpzTyO8PGpuVFYzUrXNO6ruVJS0WjFHI+Sf+bWmE+RAPXOV7lc5VVyrlVXjPDOZzLG0xM9ltYGUy1TXPkclQiroNRNSpj1es8u8dCkk72TSLU6WtipqznXxfU02PyrD/26lNNz8o1HtqXz9DTP9Nnb7dJWq5UVGRN8Z6kruG1Kuh3c7T2Z/l6vqbKpVg3PU7I9W+qmkqcecqUpE4r8E4piMJdfb5KFyaSo+N3ivTjNtroGVsdQrlfpRoitRvGq57CVAq1G5yZJNe9Ow1V4sYX6jc85WQ1jk2ta1estFY3QmKxujiUee3QU1K5ZqlvdKJlI2qmorQ5yucrnLlVXKqoM5mJ8MrTEz2TbS2mdVsWokc1yOasaJxrnj1FndIra6sVamolZLhNTU1dRS0P26n963rJd/wDKbvZQvE4o1rbGn4Zbn/KX/RfoZyW+mjme+uqt6V7lVGN1rjPGYbnvKP8A0X6EOue6Stnc5cqr16xmIqjMRSMwm1Nqj7mWpop9+jbtRdqEClibPVRROVUa9yIuNpZ7nHL3RNGviuZlU/H9yBQJi5QJySJ1iYicSTETiY+S5UzKSsfDGrla1E1u27CVFbIY6dk9fUb0j9bWomswvvlSX1N6iU+SlutNC2SdIJ40x4WxRERmUxEbpaZbXDJTvmoKjfUZrc1dpVlk+ir7c10sL0WNU1ujXOorStv7KXj9YAAUZgAAk23yjT+8Q7I422+Uaf3iHZHTo+HZ6fxIADZ0AAAAAAAAAAAAAAAAAAAAAAAAAAAAAAAAAAAAAAAAAAAAAAAAAAAAAAAAAAAAAAAAAAAAAAAAAAAAAAAAAAAAAAAAAAAAAAAAAAAAAAAAAAAAAAa6j7PJ7K9RsNdR9nk9leoifCJ8OIABxPMAAQBsp9639m/ou9Z8LHIawSmFtVWWRX6dDoyQuTKeEmUN07HUVjfBVPR0r18Buc42FNHNLF/Dlez2XKhi57nu0nuVy8qrkvuiPENN9Y8QsrPVRNSWkqFxFMmM8inktjrGyKkbWyM4nI5EK02MqJ426LJpGt5EcqIRFoxiURaJjFljU0dNQUCtn0ZKt+xEVfBI9mkbFc4XPXCLlM+tCEqq5VVVVVXjUDd3zBN+8TELS522pSonnRiLFlX6SOTYVZs7pn0NDf5NBUxo6a4NZFpiZ7K2mJnMPY10ZGuXYiope3ihnrZo56ZqSMViJqcicq8frKE2R1E8TdGOaRicjXKhNZiIxK1bRETEpdqqkoa5d91Md4D/AEekkVdlldKslGrZIn60RHbCoVVVVVVyq8ZnHPNEmI5XsTka5UEWjGJItGMSu7ZRNoKqN1S9u/v1MY1c45VUrbrjhWZVTKaSZT8CKksiSb4j3I/7yLr+J497nuVz3K5y7VVcqpM2jGIJvE1xELaotLZ42TW1UexU1tV2vJvo4JbdQVDq1yNY5uGx5zrKOOWSJcxvcxeVq4Ekkkq5ke568rlyN0R3iExesd4jun2Hym32VJENe2OuqaWqw6nklcmv+Vc9RURyPidpRvcx3K1cKYucrnK5yqqquVVeMRfEYI1MRiE25291FLq8KF3iO+hCM3TzOjSN0sisTY1XLj4GBWcZ7KWmJnsn2PyrD/26lNNz8o1HtqR2PfG5HRuc1ybFauFDnOe5XOcrnLtVVyqjP04Tu+nauKF8VwtvcEr0ZKxcxqvGR0sdbvmirWIn3tLUVxs7pnVuis8mjyaa4LbonytvrMfVC0uEsNFb0t8D0e9VzI5BYfs1d7CdTinMo5ZIkckcj2I7ajXKmRv75I1PqyxABRk2Ur0jqoXu2Neir8S4u9uqaqr36nYkjHNTWjkQozYypnjboxzyMbyNeqFomMYlpW0YxKfuf8o/9F+hAqvtU3tu6zGOSSJ2lG9zHcrVwpiqq5VVVVVXWqqRM9sIm304W25z7bJ7tetCHQ+U4fep1keOWSJcxSOYq6stXB41zmuRzXKjkXKKi6yd3aE7+0Rwn33ypL6m9RultcdVTxzW5UXV4THO1opVPkfI5XSPc9y8blyp6yR8a5je5q8rVwN0ZnJujM5he22nltsU0ta5GRaONBXZypQLtMpJZJVzJI56/wDJVUxFrZ7Qi1omIiAAFFAAASbb5Rp/eIdkcbbfKNP7xDsjp0fDs9P4kABs6AAAAAAAAAAAAAAAAAAAAAAAAAAAAAAAAAAAAAAAAAAAAAAAAAAAAAAAAAAAAAAAAAAAAAAAAAAAAAAAAAAAAAAAAAAAAAAAAAAAAAAAAAAAAAAMZG6Ubm7coqGQA4TZtBJuUC01dKxUwiuVzfUpGOGYxLzJjE4AAQgAAAAAAAAAAAAAAAAAAAAAAAAAAAAAAAAAAAAAAAAAAAAAAAAAAAAAAAAAAEq1t0rlTp/zydiczudgWStWbHgxt+a/4p0x1aUfS7dCMVAAatwAAAAAAAAAAAAAAAAAAAAAAAAAAAAAAAAAAAAAAAAAAAAAAAAAAAAAAAAAAAAAAAAAAAAAAAAAAAAAAAAAAAAAAAAAAAAAAAAAAAAAAAAAAAAAAAFVfaHuiDf40/1I01+lDmTuykudk31zpqTCOXWsexF9Rjqaee8ObW0s/VDnwZSRvierJGq1ycSmJzuUABCAAAAAAAAAAAAAAAAAAAAAAAAAAAAAAAAAAAAAAAAAAAAAAAAAAAAAAPY2OkejGNVznLhETjNlPTTVUmhCxXLx+g6W12plEm+Pw+ZU28TfUaUpNmtNOby3WyjSjpGs/nXW9fSSwDqiMRh3RGIxAACUgAAAAAAAAAAAAAAAAAAAAAAAAAAAAAAAAAAAAAAAAAAAAAAAAAAAAAAAAAAAAAAAAAAAAAAAAAAAAAAAAAAAAAAAAAAAAAAAAAAAAAAAAAAAAAAAAAA1TU0NQmJomv8AWhAksNG7xd8Z7Lu0tARNYnyrNaz5hUd71Lzk3xTsHe9S85N8U7C3BXZXhHTpwqO96l5yb4p2Dvepecm+KdhbgbK8HTpwqO96l5yb4p2Dvepecm+KdhbgbK8HTpwqO96l5yb4p2Dvepecm+KdhbgbK8HTpwqO96l5yb4p2Dvepecm+KdhbgbK8HTpwqO96l5yb4p2Dvepecm+KdhbgbK8HTpwqO96l5yb4p2Dvepecm+KdhbgbK8HTpwqO96l5yb4p2Dvepecm+KdhbgbK8HTpwqO96l5yb4p2Dvepecm+KdhbgbK8HTpwqO96l5yb4p2Dvepecm+KdhbgbK8HTpwqO96l5yb4p2Dvepecm+KdhbgbK8HTpwqO96l5yb4p2Dvepecm+KdhbgbK8HTpwqO96l5yb4p2Dvepecm+KdhbgbK8HTpwqO96l5yb4p2Dvepecm+KdhbgbK8HTpwqO96l5yb4p2Dvepecm+KdhbgbK8HTpwqO96l5yb4p2Dvepecm+KdhbgbK8HTpwqO96l5yb4p2Dvepecm+KdhbgbK8HTpwqO96l5yb4p2Dvepecm+KdhbgbK8HTpwqO96l5yb4p2Dvepecm+KdhbgbK8HTpwqO96l5yb4p2Dvepecm+KdhbgbK8HTpwqO96l5yb4p2G6KyUUa5Vjn+04sQTsrwdOvDGONkTEZG1GtTYiJgyALLgAAAAAAAAAAAAAAAAAAA8VUamVVE9Zgs8KLhZY+kgGwGvuiHno+kg7oh56PpIBsBr7oh56PpIO6Ieej6SAbAa+6Ieej6SDuiHno+kgGwGvuiHno+kg7oh56PpIBsBr7oh56PpIO6Ieej6SAbAa+6Ieej6SDuiHno+kgGwGvuiHno+kg7oh56PpIBsBr7oh56PpIO6Ieej6SAbAa+6Ieej6SDuiHno+kgGwGvuiHno+kg7oh56PpIBsBr7oh56PpIO6Ieej6SAbAa+6Ieej6SDuiHno+kgGwGvuiHno+kg7oh56PpIBsBr7oh56PpIO6Ieej6SAbAa+6Ieej6SDuiHno+kgGwGvuiHno+kg7oh56PpIBsBr7oh56PpIO6Ieej6SAbAa+6Ieej6SDuiHno+kgGwGvuiHno+kg7oh56PpIBsBr7oh56PpIO6Ieej6SAbAa+6Ieej6SDuiHno+kgGwGvuiHno+kg7oh56PpIBsBr7oh56PpIO6Ieej6SAbAa+6Ieej6SDuiHno+kgGwGvuiHno+kg7oh56PpIBsBr7oh56PpIO6Ieej6SAbAa+6Ieej6SDuiHno+kgGwGvuiHno+kg7oh56PpIBsBr7oh56PpIO6Ieej6SAbAa+6Ieej6SDuiHno+kgGwGvuiHno+kg7oh56PpIBsBr7oh56PpIO6Ieej6SAbAa+6Ieej6SDuiHno+kgGwGvuiHno+kg7oh56PpIBsBr7oh56PpIO6Ieej6SAbAa+6Ieej6SDuiHno+kgGwGvuiHno+kg7oh56PpIBsBr7oh56PpIO6Ieej6SAbAa+6Ieej6SDuiHno+kgGwGvuiHno+kg7oh56PpIBsBr7oh56PpIO6Ieej6SAbAa+6Ieej6SDuiHno+kgGwGvuiHno+kg7oh56PpIBsBr7oh56PpIO6Ieej6SAbAa+6Ieej6SDuiHno+kgGwGvuiHno+kg7oh56PpIBsBr7oh56PpIO6Ieej6SAbAa+6Ieej6SDuiHno+kgGwGvuiHno+kg7oh56PpIBsBr7oh56PpIO6Ieej6SAbAa+6Ieej6SDuiHno+kgGwGvuiHno+kg7oh56PpIBsBr7oh56PpIO6Ieej6SAbAa+6Ieej6SDuiHno+kgGwGvuiHno+kg7oh56PpIBsBr7oh56PpIO6Ieej6SAbAa+6Ieej6SDuiHno+kgGwGvuiHno+kgSeFVwksfSQDYDxFRyZRUX1HoAAAAAAAAAAAAAAAAAApr5eO407np1RZ1Twl+4naBLuN1p7e3D105eKNu38eQ5yqv9bUKqMekLOJGbfiVjnOe5XOVXOXaqrlVPAMnyPkdpSPc9eVy5MQAAAAAAAAAAAAAAAAAAAAAAAAAAAAAAAAAAAAAAAAAAAAAAAAAAAAAAAAAAAAAAAAAAAAAAAAAAAAAAAAAAAAAAAAAAAAAAAAAAAAAAAAAAAAAAAAAAAAAAAAAAAAAAAAAAAAAAAAAAAAAAAAAAAAAAAAAAAAyZI+NcxvcxeVq4LOjv8AWU6okjt/ZyP2/HtyVQA7e33amr/BjcrZMZVjtv7k4+dtc5jkc1Va5NiouFQ6uxXdaxO56hU39qal++naBcgAAAAAAAAAAAAI1xq0oaN86plU1NReNThZJHyyOkkcrnuXKqvGXm6qp0qiKnRdTE0l1ca/58yhAAAAAAAAAAAAAAAAAAAAAAAAAAAAAAAAAAAAAAAAAAAAAAAAAAAAAAAAAAAAAAAAAAAAAAAAAAAAAAAAAAAAAAAAAAAAAAAAAAAAAAAAAAAAAAAAAAAAAAAAAAAAAAAAAAAAAAAAAAAAAAAAAAAAAAAAAAAAAAAAAAAAZRyPikbJG7Re1coqcSmIA7y3Vba6ijnTCKqYcicS8ZJOY3K1OhUS0yrqemk3Xxp/nyOnAAAAAAAAAAADiL29X3eoVVzh2PgmCCS7r5UqveO6yIAAAAAAAAAAAAAAAAAAAAAAAAAAAAAAAAAAAAAAAAAAAAAAAAAAAAAAAAAAAAAAAAAAAAAAAAAAAAAAAAAAAAAAAAAAAAAAAAAAAAAAAAAAAAAAAAAAAAAAAAAAAAAAAAAAAAAAAAAAAAAAAAAAAAAAAAAAAAAAAAAAAAAATrJJvd3p1ztdo/FMHbnC2rypS+8b1ndAAAAAAAAAAABwt18qVXvHdZEJd18qVXvHdZEAAAAD1GqqZRArVRMqhGYRujw8ABKQAAAAAAAAAAAAAAAAAAAAAAAAAAAAAAAAAAAAAAAAAAAAAAAAAAAAAAAAAAAAAAAAAAAAAAAAAAAAAAAAAAAAAAAAAAAAAAAAAAAAAAAAAAAAAAAAAAAAAAAAAAAAAAAAAAAAAAAAAAAAAAAAAAAAAAAAAAAABLtXlSl943rO6OFtXlSl943rO6AAAAAAAAAAADhbr5UqveO6yIS7r5UqveO6yIAAAG+LxBL4gi8QS+Icv+tw/wDutAAOp3PWNV72tTa5cFnVWGqpKZ88kkKtYmVRqrnqK+n+0Re2nWdne/JFT7KdaAcQAbaWHumqih0tHfHI3OM4yBqBcXKxdwUiz9075hUTR0MbfxKcAC6t9g7too6junQ08+DvecYVU5fQVNTFvFTLDpaW9vVucYzhcAawXrNzenSNn7q2s09He/RnG010m5ypnjR8r2wouxFTLvgBTAuavc5Uwxq+F7ZkT+VEwvwKbYuFAA201NNVypFAxXuXk4vWXUe5eVW5lqWNXka1V7AKAFvWbnqumYskatmam3R1L8CoA6On3O081HFM6aVFfGj1RMcaZOcO7ofJdP7lv9qHN0W56pqY0kkc2FrtaI5Mr8AKgF3VbmqiJiuhlbNj+XGiqlKqKiqiphU2ooHgAAAAAAAAAAAAAAAAAAAAAAAAAAAAAAAAAAAAAAAAAAAAAAAAAAAAAAAAAAAAAAAAAAAAAAAAAAAAAAAAAAAAAAAAAAAAAAAAAAAAAAAAAAAAAAAAAAAny2asio0qXMRWKmVRFyqJyqhAAAEygtlTcFdvLURrdrnLhPUBDBnPC+nmfFImHsXCoYAAAAAAAAAS7V5UpfeN6zujhbV5UpfeN6zugAAAAAAAAAAA4W6+VKr3jusiEu6+VKr3jusiAAABvi8QS+IIvEEviHL/AK3D/wC60AA6nc2U/wBoi9tOs7O9+SKn2U60OMp/tEXtp1nZ3vyRU+ynWgHEEu1eVKX3jesiEq1qiXOlVedb1gdNul8ku9tpx52W6KNz7RLopnRVHL6snGgdpuf8i0//AG/uU5S5eUqr3z+tTrbEx0dnp2uTC4VfiqqclcvKVV75/WoHa0aolBAqrhEib1HMVW6GtkncsD0ijz4KI1F1enJ0kPklnuE/tOEA7Kx3J9wp376ib7GqIqpsVF2KUG6KBsF1fophJGo/HX1E/cl41V6mfUj7qvKUfuU61AubDSNpbdG/H+pKmm5er5FLW7oat9Q7uZ6RxIuG+CiqvpXJ0VA5JrZArV1OiRPVqwcNIx0Ujo3phzVwqekDpKDdHGsGK3KSIu1rfGQpbrJTTVrpaTOg/WqKmMLxmqnoqmqaroIXSIi4VUMaimmpnoyeNWOVM4XkA7i3eTqX3LOpDmqzdBWPnd3O9IokXwURqKqp6cnR0Pkun9y3+1DhAOwsVzfcIXtmRN9jxlU1ZRSl3SwNhuauamElaj19ez6Encn/AB6j2U6zDdX9uh919VAowAAAAAAAAAAAAAAAAAAAAAAAAAAAAAAAAAAAAAAAAAAAAAAAAAAAAAAAAAAAAAAAAAAAAAAAAAAAAAAAAAAAAAAAAAAAAAAAAAAAAAAAAAAAAAAAAAB1NivDZ2NpKlUSREwxy7HJyesiXyy7zpVVK3/T2vYn8vpT0FCiqi5TUp1NjvKVKJS1Tk33Y1y/z+hfSBS2m1yXGbjbC1fDf9E9J0lbWU1mo2xxtTSxiONOtTK4V1PaKVGxsaj1zoRt1fivoOOqJ5KmZ0szlc921QPJ5nzzPlkXL3rlVMAAAAAAAAAAJdq8qUvvG9Z3Rwtq8qUvvG9Z3QAAAAAAAAAAAcLdfKlV7x3WRCXdfKlV7x3WRAAAA3xeIJfENbJNFuMZD5NJuMYOfZbfly9O3UywAB0Opsp/tEXtp1neVMDKmnfDJnQemFwuD5+AOv73KDkl6ZzlyhbR3KSKFVRsapoqq69iKQwB2duu1NXQI2R7GS4w9jl2+rlQxlt1op3b9LHEzGvwnrj4ZOOAHf0dRHV0zZokVGOyjc8iKqfQ4m5eUqr3z+tSMAO7h8ks9wn9pwgAHRbkvGqvU36kfdV5Sj9ynWpSgC7sV4bSN7mqVVIlXLXfd/Yu5aO23B2/OZHKq/zNfjPrwpxIA7WWtoLXT6DHMTGyNi5VV/zlORrap9ZVPnk2uXUnInIaAB3dD5Lp/ct/tQ4QAC/3J/x6j2U6zDdX9uh919VKMAAAAAAAAAAAAAAAAAAAAAAAAAAAAAAAAAAAAAAAAAAAAAAAAAAAAAAAAAAAAAAAAAAAAAAAAAAAAAAAAAAAAAAAAAAAAAAAAAAAAAAAAAAAAAAAAAAAAGwAD173PdpPcrl5VXJ4AAAAAAAAAAAAEu1eVKX3jes7o4W1eVKX3jes7oAAAAAAAAAAAOFuvlSq947rIhLuvlSq947rIgAAAAAAAAAAAAAAAAAAAAAAAAAAAAAAAAAAAAAAAAAAAAAAAAAAAAAAAAAAAAAAAAAAAAAAAAAAAAAAAAAAAAAAAAAAAAAAAAAAAAAAAAAAAAAAAAAAAAAAAAAAAAAAAAAAAAAAAAAAAAAAAAAAAAAAAAAAAAAAAAAAAAABLtXlSl943rO6OFtXlSl943rO6AAAAAAAAAAADhbr5UqveO6yIS7r5UqveO6yIAAAAAAAAAAAAAAAAAAAAAAAAAAAAAAAAAAAAAAAAAAAAAAAAAAAAAAAAAAAAAAAAAAAAAAAAAAAAAAAAAAAAAAAAAAAAAAAAAAAAAAAAAAAAAAAAAAAAAAAAAAAAAAAAAAAAAAAAAAAAAAAAAAAAAAAAAAAAAAAAAAAAAAS7V5UpfeN6zujhbV5UpfeN6zugAAAAAAAAAAA4W6+VKr3jusiEu6+VKr3jusiAAAAAAAAAAAAAAAAAAAAAAAAAAAAAAAAAAAAAAAAAAAAAAAAAAAAAAAAAAAAAAAAAAAAAAAAAAAAAAAAAAAAAAAAAAAAAAAAAAAAAAAAAAAAAAAAAAAAAAAAAAAAAAAAAAAAAAAAAAAAAAAAAAAAAAAAAAAAAAAAAAAAAAEu1eVKX3jes7o4W1eVKX3jes7oAAAAAAAAAAAOFuvlSq947rIhLuvlSq947rIgAAAWVqt0FbHI6apSFWqiIi41/Esm7m6d7VcysVzU2qiIqHNnUbnvIdR7T/7UAh1NkpIaaWRlcjnMYrkbq1qibNotFspqu2TTzNcsjHORFR2NiIpRnVbmmb5aJmZxpSOTP/VAOVB0qQ2GkdvErkkkTU5y6S6/w1Gi8WeCKl7sol/09Suai5TC8aKBQgutzdJBVyTpURJIjUTGeLaVVW1rKyZjUw1sjkRORMgagXu5uip6tlQtRE2RWq3GeLaUkqIkr0TUiOUDEJrVAAOpZudt8md7qJn426L2r9DmHNxIrG5XXhDo9yf8Gp9pv1Ki3Na69Qo7ZvufmBZw2Gmp6dJbjUKxV2oioiJ6PSJLFSVMCyW2p03JxK5FRfR6DVuqc9a6Jq50Ejy1PTlc/Q1bmXvS6aLc6LmLpf56wKlzVa5WuTCouFReI8LC/RJFd50bscqO+Ka/mV4FzarLHX0azvndHhyphE1aiRwBRf1Bvxb2m6yf7eqP+/8AacwBNulHFRVDY4ZkmarNJXJjUuV1EIyjY6WRsbE0nOXCJyqdG212y2QNdcHo+R3LnH4IgHNGUaI6RqLsVUQ6RlHZrk1Y6R29y4zqyip+C7SinpZKOu3iXxmuTWmxU5QLG/26moY4Vp2qivVUXLs8hSna3Whgq2xvqZd7hhy53FnZxkCNNz0r95ajUVdSKukmfxA5kFrerTwe5skSq6B6417WryFUAAAAAAAAAAAAAAAAAAAAAAAAAAAAAAAAAAAAAAAAAAAAAAAAAAAAAAAAAAAAAAAAAAAAAAAAAAAAAAAAAAAAAAAAAAAAAAAAAJFHTxVD3JLO2FETKK7GsjgCZcKJKNzESTTR6ZzjBDLS+f8Ay/sdhoSOj4NV+n/6nOzPp5PUBqoqR9ZLoMVERNbnLxEtaW2tXQdWO09mUTV1fUhQ1UsET441RGyanahHSVEqIrIXqi7Fxq+IGyuonUjm+Ej43+K5OMwpKWSrm3tmrjVV4kJlyc2Kjp6VXI6Rmt2OL0Htsy231jmePj6KB46ktzF0H1jtNNWUTV1EatonUitVHI+N/ivTjIpaMaslgerv/hvy34p2qBVnqJlUTlPD1njp6wLSS0wxKiSVzGKuvDmon1NT7U5WK+mnjnRNqN2my/fao/Y+qmi0OclwjRuxcovqwBGgi36dkWdHScjc42G6vonUUjWq7Ta5Mo7GDc5GpfERuzfULC5NSqhnjRP9SDDk9KY/8gc+b6KldV1CRNXRTGVXGcIaC6tTUpqdsrk8Od6Mb6v8yBV1lP3LUuh0tLRxrxjiNJNvHlGT1J1IQgAAAl2rypS+8b1ndHC2rypS+8b1ndAAAAAAAAAAABwt18qVXvHdZEJd18qVXvHdZEAAAAdRue8h1HtP/tQ5c6jc95DqPaf/AGoBy51O5xyss07k2o9yp0UOWOo3PeQ6j2n/ANqAcuq5XK61Ootq75uXma7WjWSInwycudPaf9s1HsydQGjcn/GqfZb9SmrkxX1CLzrutSXYq5lDW5l1RyJouXk5FLeusEdbOtTT1CMSTWqY0kVeVFyBr3Jfwqn1t+pzs38aT2l6zs7VTU9FE+nhlSR7VzIvpX/wc3bKBtwuUkciuSNuk5ytXXtArQSrlDBTVskNO57mM1KrlRVzxkUDpdyf8Gp9pv1OeV7o6lXsXDmvyi8i5Oh3J/wan2m/U55XrHU743xmvyn4KB0aXK2XSma2vRGSN4lzt9Cob7fU2uGpZTW9uk+TOk5EXUiJnWqmNRT0u6Cmjlhl0JWJs2qnoVDCit1PZdKqq52q/GG8Xw5VAqd0Ts3iX0I1PkhWG6rnWpqpZ3ale5VxyGkDqtzz0jskr3N0ka5yqnLqQjcP0X9Pb8G9husn+3qj/v8A2nMAWtlVk9/a/RRGuc9zW8mpcFxdYbXLVZrZ3NlRqJo6SphPgcvS1DqWpjnZ4zHZxy+g6appKS/xMngm0JWphdWVT0KgGmmZZKWdk0VUqPYuU8Jewh32pp6q4QSU8iPRGoiqnrLCjtFNand1VdQ1ytTVpJhE7VKOuq0rblvrG6MeURiY4gLvdW96UkLEzoOeul+CajlzuLmylnibTVT0Zvq+Aq6sKn/kqotzCNlRZqnSiTWqI3CqBuqVWbcojpdbkY1UVfWmDli/3QXGF0TaGlVFY1U0lbsTGxEKAAAAAAAAAAAAAAAAAAAAAAAAAAAAAAAAAAAAAAAAAAAAAAAAAAAAAAAAAAAAAAAAAAAAAAAAAAAAAAAAAAAAAAAAAAAAAAAAAAAALS+f/L+x2FWWl8/+X9jsNCUca21anfvDz4v47AIaNcqZRFwnHglQXKqgY1jHorG7Gq1DbbKmJrJKaoXEUvHyKZrZ3qukyoiWP72QMa6KKWjirYmJGrlw9qbM/wCIaKCsWjlVcaTHJhzeUkXCaGOljo4HaaMXLnJy/wCKaLbNFFOqTtRY3phVVM49IEhyWl6q/SlbnXoIn+dZvfUNltFQsbN7iaqMYn4p2mh1nc5yuhqInRcSqvEY10kUNKyjgej8LpPcnGoFces8dPWeHrPHT1gXtzkomTMSqhfI7R1K1eLPrIiXGnp2u7jptB6pjScucHt++1R+x9VKsCRRKrq+FzlyqyIqr+JYS1Hc99VVXwHojXfiiFdQfboPbTrN948oyepOoDGeic25dztTU53g+pSXUStW600Ef8OFyNRPSb4KiN1E2temZYmKz8f86yqonK64QucuVWRFVfxA2XjyjJ6k6kIRNvHlGT1J1IQgAAAl2rypS+8b1ndHC2rypS+8b1ndAAAAAAAAAAABwt18qVXvHdZEJd18qVXvHdZEAAAAZNke1MNe5E5EUxAAybI9qYa9yJyIpiABkkj0boo9yN5EXUYgAZI9zUw1yonoUxAGTXvZ4rnNzyLguLLWQUNFVTPkb3Q7UxnGuNnzX5FKAPXOVzlc5cqq5VTwADJsj2eK9zfUuDEAD1FVFyiqi+gK5XLlyqq+k8AAAAZJI9rdFr3InIimIAA9RVauUVUX0HgA9c5zly5VVfSp4ABk573+M9zscq5Gm/R0dN2OTJiAAAAAAAAAAAAAAAAAAAAAAAAAAAAAAAAAAAAAAAAAAAAAAAAAAAAAAAAAAAAAAAAAAAAAAAAAAAAAAAAAAAAAAAAAAAAAAAAAAAAAAAAAAAAAAAAAAAAAAAAAAAAAAAAAJdq8qUvvG9Z3Rwtq8qUvvG9Z3QAAAAAAAAAAAcLdfKlV7x3WRCXdfKlV7x3WRAAAAAAAAAAAAAAAAAAAAAAAAAAAAAAAAAAAAAAAAAAAAAAAAAAAAAAAAAAAAAAAAAAAAAAAAAAAAAAAAAAAAAAAAAAAAAAAAAAAAAAAAAAAAAAAAAAAAAAAAAAAAAAAAAAAAAAAAAAAAAAAAAAAAAAAAAAAAAAAAAAAAAACXavKlL7xvWd0cLavKlL7xvWd0AAAAAAAAAAAHC3XypVe8d1kQl3XypVe8d1kQAAAAAAAAAAAAAAAAAAAAAAAAAAAAAAAAAAAAAAAAAAAAAAAAAAAAAAAAAAAAAAAAAAAAAAAAAAAAAAAAAAAAAAAAAAAAAAAAAAAAAAAAAAAAAAAAAAAAAAAAAAAAAAAAAAAAAAAG1kfG74FbWivlS94pGZa0artiGaRLyobT0wnVn4c1te0+GnefSN59JuBXq2U61+WnefSN69JtA6lk9a/LVvXpPN79JtMVUnqWOtflhoek80PSZbVwha0dgqqlrXyqkLF+943wJi958LVvqW8KjR9J5o+k6yPc3SNRNN8r149eEM+96g+7J0zTGo1xq8uQ0fSe6PpOu73qD7snTI8+5mJUVYJ3sXiRyZQY1CY1XM6HpCsX1kytt1VQr/rMy377dbfiRkUz6lo8sures92pUxtBuwiprNbmq31GtNSLdm1NWLdpYgA0bAAAl2rypS+8b1ndHC2rypS+8b1ndAAAAAAAAAAABwt18qVXvHdZEJd18qVXvHdZEAAAAATY7VVSRte1rURyZTLgIQJFVRzUmjvqIiO2Ki5I4AAAAAAAAAAAAAAAAAAIirsQAAFTG0AAAAAAAAAAAAAAAAAAAAAAAAAAAAAAAAAAAAAAAAAAAAAAAAAAAAAAAAAAAAAAAAAAAAAAAAAAAAAAAAAAAAAAAAAAAAAAAAAAAAAAAADZE3PhL+BuMWphqIZHHe26Xn6lt1gAFGYeHp4APFPTFSUvFPNaqiImVXYiBS23OUbairdNI3LYcK3k0uItWMzhald04WlmtDKWNs8zc1CpnX/ACej1lsAdcRERiHoVrFYxD0AEpAABi9jZGKx7Uc1UwqKmUU5W92ruJ+/QIu8OXWn3V7DrDVPCyogfFImWPTCoVtXdCl6RaHBopljKYU9nhfTzvhkTwmLhTFDk8ODvEtSphcHhslTYprOuk5jLv07bq5AAWXS7V5UpfeN6zujhbV5UpfeN6zugAAAAAAAAAAA4W6+VKr3jusiEu6+VKr3jusiAAAAOqoH6dDC5PuInw1HKl7Yp0dA6BV1sXKepQPb6zSpWP8Auu6yhLG8zzOqVhf4MbdbUTj9JXAAAAAAAAASaGjfWS6KLosbrc7kJbp7dSroRU+/qm1zl1KZRrvFhc9up0rsKv44+hUgW0S2+vdve9dzyr4qpsUr6qmfSzLE/i1ovKhpRVRUVFwqbFM5ZpJlRZXueqbMrkDBEVVwms2OglY3SdE9reVWqiFnAkdtoG1LmI6eXxc8RHS71enlytc37qt1AQ0ikWNZEjcrE2uxqT8SfYftr/dr1oS5VifZZZIW6LXrpK3kXKZIlh+2v92vWgEaDylH75Os3Xryg72UNMHlKP3ydZuvXlB3soBALKyRRyzyJJG16I3VpJnjK0tbB9ol9n6gQ7hT9zVb2ImGr4TfUpGLOp/9Za4501yQ+C/1f5ggU8KzzsibtcuPUBb2mij7kWWaNr1frTSTOEKQ6OCZHVssLP4cMaNRPSUdFT901TIl1IutfUBqZHJIuI2Od7KZD43xrh7HNXkVMFlV3J8EiwUiNjZGujlEzlTOjrVrX9y1bWvR+cOxhUUCoBsqIlgqHxKudFcZNYAAAAAAAAAAAAAAAAAAAAAAAAAAAAAAAAAAAAAAAAAAAAAAAAAAAAAAAAAAAAAAAAAAAAAAAAAAAAAAAAAAAAAAAAA9Tah4eptQifCJ8JIAOJ5gACAPD08JHininqnihLBTrNzUaMtaOx471X6fQ5NTsNz/AJGg/wC39ym2l5dGh9yyAB0OsAAAAAAAByO6RiMuquT+diOXq+hWIXG6n7dF7v6qU6HJf7pcGrH1SSeIaja/xDUbaX2ujQ+0ABq3S7V5UpfeN6zujhbV5UpfeN6zugAAAAAAAAAAA4W6+VKr3jusiEu6+VKr3jusiAAAANtLO6mnbKzam1OVDUAOiqYIrnSNkiVNPHgryehSglifDIscjVa5OJTdR1slHJlmtq+M1dil02WiucaNciK77q6nJ6gKSOiqZYt9jic5nLymuSCaJMyRPYnK5qodY1qMajWoiIiYREIl28mzfh1oBzQAAAAC2o07rtUtKi/6jFy1Pn2lUqK1VRUwqbUUyhmfBKkkbtFyFgtwpKjC1dJl/G5i7QK+GJ80rY40y5y4Q2VdK6kkSN72ucqZ8HiJnCUEDVSjpkY5f5nbSue90j1e9yucq5VVAtLgizWqmlZraxER3o1Y60KkmUNwfSorHNSSJ21qm9ay3tXTjo1V/I7YBtbE6Lc/JpJhXeFj0ZQ02H7a/wB2vWgfc0moZopUcsr3ZRUTwUTVq+RotlUykqHSSI5UVmj4KelAMYPKUfvk6zdevKDvZQixStZVslVF0WyI704zk2XCoZVVSyxo5GqiJ4W0CMWtg+0S+z9SqJtsrI6OV7pEcqObhNFAMrRK1J3QSfw5k0VT0m+jg7gSpqJU1x5YzPGv+YKprla5HNXCouUUn3G4pVxRsY1zca3541A22NVdNO5Vyqtyq/iaLM9GV7UX+ZFRDy21cdI+RZEcuk3CaKENrla5HNVUVNaKgFtVXSpp6mSJYovBXVlq604uM8p7lW1EmhDBC5yJnYqfUwS4wVDGpW0+m5P5m6lPH3KKGJ0dFBvWltcu0CHVvfJUyOlRqPzhUbsyaQAAAAAAAAAAAAAAAAAAAAAAAAAAAAAAAAAAAAAAAAAAAAAAAAAAAAAAAAAAAAAAAAAAAAAAAAAAAAAAAAAAAAAAAAAB6m1DwJtIlE+EoHh6cTzQAEIDw9PCR4p4p6p4oSwU7Dc+qLZ4PQrv7lOPU6jcxNp0D4lXXG/5L/imul5b6E/UugAdLsAAAAAAA8A5bdQv/wDIRJyR5+alQhYX+XfbtIibI0Ridf1K9DkvP1S4NSc2kf4hqNsnimo20vtdOh9oADVsl2rypS+8b1ndHC2rypS+8b1ndAAAAAAAAAAABwt18qVXvHdZEJd18qVXvHdZEAAAAAAA2bAAJUVxq4kw2ZypyO19Z7UXKoqIVikVuiu3CbSIAAAAAAAAAAAAAAAAAAAAAAAAAAAAAAAAAAAAAAAAAAAAAAAAAAAAAAAAAAAAAAAAAAAAAAAAAAAAAAAAAAAAAAAAAAAAAAAAAAAAAAAAAAAAAAAAAAAAAAAAAAAAkMXSahkR43aK+hTecmpXbLg1abbPQAZsg8PTwAeKenikpYqTbLW9xVyK9cRP8F/o5FIamKoTE4nK1ZxOX0BFymUBzNmvfc7W01VrjTU1/wB30L6DpWPZIxHscjmrsVFyinXW0Wh3UvFo7MgAWXADwARrhWMoaV0r1TOMNTlXiQ9ra6Cij05n4Xiam13qQ5G43CW4T6b/AAWN8VicX7md77YZampFY/aK5zpHue9cucuVXlU9QIgcuimTm8y4sTM4YSLrwYBdag66xiMPQpXbGAAFlku1eVKX3jes7o4W1eVKX3jes7oAAAAAAAAAAAOFuvlSq947rIhLuvlSq947rIgAAAAAAAAAAAAAAAAAAAAAAAAAAAAAAAAAAAAAAAAAAAAAAAAAAAAAAAAAAAAAAAAAAAAAAAAAAAAAAAAAAAAAAAAAAAAAAAAAAAAAAAAAAAAAAAAAAAAAAAAAAAAAAAAAAAAAAM2SK3UutDAETETGJVtWLRiUhHI7YpkRT1HuTjUxnR4c8+n4lJBH3x3KN8dylejKvt7N4NG+O5Rpu5R0ZPb2bjxUNWm7lGm7lHSk6FmaobqWsqKN2lTyuZnam1F/Ai6TuUaS8pMaVoWjRtHiV3Hukq2ph8cT/ThUUz755/N4/ipQ6S8oypfbflfbqcr5d00+NVPH8VI89/rpkw1zIk/4Jr+ZU5UaS8o235JpqT8tr3vler5Hue5dquXKniIa9JeU8VVXapTpT8qdCZ8y2q9E9JrVVVcqeA1rSKtqacV8AALtAAAS7V5UpfeN6zujhbV5UpfeN6zugAAAAAAAAAAA4W6+VKr3jusiEu6+VKr3jusiAAAAAAAAAAAAAAAAAAAAAAAAAAAAAAAAAAAAAAAAAAAAAAAAAAAAAAAAAAAAAAAAAAAAAAAAAAAAAAAAAAAAAAAAAAAAAAAAAAAAAAAAAAAAAAAAAAAAAAAAAAAAAAAAAAAAAAAAAAAAAAAAAAAAAAAAAAAAAAAAAAAAAAEu1eVKX3jes7o4W1eVKX3jes7oAAAAAAAAAAAOFuvlSq947rIhLuvlSq947rIgAAAAAAAAAAAAAAAAAAAAAAAAAAAAAAAAAAAAAAAAAAAAAAAAAAAAAAAAAAAAAAAAAAAAAAAAAAAAAAAAAAAAAAAAAAAAAAAAAAAAAAAAAAAAAAAAAAAAAAAAAAAAAAAAAAAAAAAAAAAAAAAAAAAAAAAAAAAAAAAAAAAAABLtXlSl943rO6OFtXlSl943rO6AAAAAAAAAAADhbr5UqveO6yIS7r5UqveO6yIAAAAAAAAAAAAAAAAAAAAAAAAAAAAAAAAAAAAAAAAAAAAAAAAAAAAAAAAAAAAAAAAAAAAAAAAAAAAAAAAAAAAAAAAAAAAAAAAAAAAAAAAAAAAAAAAAAAAAAAAAAAAAAAAAAAAAAAAAAAAAAAAAAAAAAAAAAAAAAAAAAAAAAS7V5UpfeN6zujhbV5UpfeN6zugAAAAAAAAAAA4W6+VKr3jusiEu6+VKr3jusiAAAAAAAAsp7VvVDv8AvmXIiKrcagK0AAAAABKjt1XLG17IstcmUXSTtI8jHRyOY9MOauFQDEEpluq3sa9sKq1yZRdJNh7wXWcwvSTtAiAzlifDIscjdF6bUMAAAAAAAAb6Wllq5FZFjKJlVVdSAaAZyxPhldG9MOauFMAAAAAAAAAAAAAAAAAAAAA3upJ206VCs/0l2LlDQAAAAAAAZRsdK9GMarnLsRCRU2+elhSSXRRFXGEXKgRQAAAAAAAAAAAAAAAAAAAAAAAAAAAAAAAAAAAAAAAAAAAAAAAAAAAAAAAAAAAAAAAAAAAAAAAAAAAAAAAAAAAAAAAAAAAAAAAAAAAAAAAS7V5UpfeN6zujhbV5UpfeN6zugAAAAAAAAAAA4W6+VKr3jusiEu6+VKr3jusiAAAAANtK1H1ULV2K9qfMC2ggp7bSpPUN0pXbExsXkQwS+5dh1Omh7Ws139yrUxN4kZn5/sVYFvX0kE9L3ZSoicbkRNv7lQXNkVX0tRGvi9qFMAAAFzZamaSVYXuzGxngphNWtCur/t0/tqS7D9sf7tetCJX/AG6f21AtaqolprTTPhdouVGJnCLq0SCtwuKN0le5E5VjTsJ3d9NFQQ62ySMa3DORcYNMF6e+ZrZo2aDlwqtzqAq5pXzyrJK7Seu1cYMCfeKZtPUosaYbImccikACTR0UlYrkjcxNHbpKpshtVVKiqjWtTiVy4yStz/jz+pPqRayvqJKl+jK9jUcqNRq4A1VNFPS431ngrscmtDdFaaqVmlotYi7Ecuss7ZUrU0bln8NY12qm3jQp5a+pklV+/Pbr1I12EQDCppJqVyJKzGdi7UU32tKhahyUz2Ndo5XT2KhYOkWtsjny63tRVz6U4yLYftj/AHa9aAQqhsjqx7ZXI6RX4VU2ZJElpqmSNYiNerkzlq6k9eTCp8qP979SzvVVJAyNkTlar8qqptwBAktFWxukiNf6GrrICoqLhdSljbK2dKtkb5HPY9cKjlyY3qNI69VamNNqOX/PwA1TUEsNKyoc5isfjCIq51oRS6uHkSn9TOopQJVXQy0jGOkcxUfs0VUt7VSvhpHaStXfURzcL6DRffs8HrXqPbK5y0k+XKuF1ZXZqAgVdumpIkkkcxUV2j4Kr2GmmpZqpypExVxtXYiGt0j3phz3OT0rk6CWGenoGQ0bPD/mXKJjlXWBWvs1W1uU0HehHayA9rmOVr2q1ybUUs4oLrFIj0R669aOkRUX5m2+wpoRT6OHKui4CupqGeqTMTPBT+ZVwhumtNVExXaLXom3RXJY0+lPaGx0kiMkamF14XPGRIp663ucs8b3sX7y5RF9YFWDOZ6STPejdFHLnCcRgBdytV1gja1FVV0URE9ZDZZ6tzdJUY30K7WWUU/c1lZLhFVrNSLy5KZa6qWTT39+fQur4AYVFNLTP0ZWK1eLkUwYx0j0axqucuxELtXpcbQ970TfGIq59KGFjhRIZJ9HSfnRagEVtmq3Nyug1eRXayLUUs1M7EzFbnYvEpOlp7tLIr1R6LnUjZERE+ZOSKee2yR1jMSIi4XKLs2LqAiWOldp90qrdHCtROPJhd6eoRzppJUWJXYa3K6vwFhc7ut7crje11Z1bUItxe5a2ZquVWo9dWdQGqCnlqH6MTFcvHyIS1s1Ujc/6aryI7WTXO4OtDHRom+Pxr9K6yqbXVTX6aTvVeRVynwA1SxPherJGq1ycSm+noJainfOxzEazOUVVzqTJY3FG1drZVaKI9qIv0VDKzORluleutGuVfkgFXJQTxU2/wAjUa3VqVdZrgp5al+jExXLx8iGyprqipykj/AVfFRNRbwRS09qalKxHTPRFVcpx8esCvWzVSNym9qvIjtZBkjfE9WSNVrk2opYsp7syTTTTz6ZEXPzJN4i06KOZ7dGVuEcnr2p8QKMAAAAAAAAAAAAAAAAAAAAAAAAAAAAAAAAAAAAAAAAAAAAAAAAAAAAAAAAAAAAAAAAAAAAAAAAAAAAAAAAEugqYoZNGeJj43bVVqKrS/bTUr2o5sEKoutFRiAcqDq+5KbzeLoIV1zmpaZFiighWVdq6CeCBSgAAAAAAAl2rypS+8b1ndHC2rypS+8b1ndAAAAAAAAAAABwt18qVXvHdZEJd18qVXvHdZEAAAAbqL7bB7xvWaSxtlRSUyLJNpLLnCas4QDK/fa4/d/VSsLyauttQ9HSsc9yJhFVphvtq83d0VAWH+FUfh9SmL2G4W+nRUha5mltw0rrlJTTSpJTIqK7x0VMIBDAAFnYftj/AHa9aESv+3T+2p5SVclHIr40aqqmPCQ1zSLNK+R2EVy5XAE91sbJRMnpnOkcutW9ZHpaGeadrd6e1M+EqpjBhTVk9Kq70/CLtRdaKSX3iqe3CKxnpamsDZfpWvqI40XKsTX+JVnrnK5yucqqq61VTwC33P8Ajz+pPqVc38Z/tKbqOtko1csbWLpbdJFI7naTlcu1VyBcWX7HUev6FMSqWulpYnxxtYqP26SKRQLqj8hTepxosP2x/u160I0ddLFSOpmtZoOzlVRc6zCkqpKSVZI0aqqmPCQDZU+VH+9+pM3QfxIfUv0Kx8zn1CzKiaSu0sJsNtZWyVitWRrE0dmiigeW/wC3we2hKvv21vu061IEMroZmSNRFVq5TJsq6p9XKkkiNRUTHggWzo1rbLG2LW9iJq9KasFZDQVMsqMWJ7UzrVyYRDCmq5qVyrE/CLtRdaKb5rtVSsVuk1iLt0UwBNv+qGH1qeWLXTTtTbn6FfV10tWxjZGsRG7NFFNdNVS0r1dE7GdqLsUDB8UkfjxubrxrTBfTSTVVvZNSPVHp4yJx8qFTV3GariSORrERF0stRc9Zqp6qamdmF6pnanEoEyF1zllRiOlbr1q5MIhhc0miVsU1Tvy+NjGw9featzcJoN9KN1kB7nPcrnuVzl1qqgWEdvmbStqaWZXOVM6LUwvpJlsmrZJFjqGOWPGtz24/8lVTVk9Lnen4RdrV1ob5bvVSN0Uc1meNqawI9cxkdZK2PxUdqxxGgADoYoO6bMyLKIrmal9OSmWhqkk0N4fn0Jq+Jmtwm7lbTojWtbjDkznV+JtZeKtrcKrHelW6wJrmpbrQ5j1TfHoqY9KmuyTI6GWn0tF+tzV/Aq6iolqX6cr1cvFyIa2PcxyOY5WuTYqAWErrpFIrFdMq51K1MopuljrYqNZp6tW5TxF2+o0MvNU1uF0HLyq3WRaiqmqXIsz1XGxOJAJth+2P92vWhEuH2+f21PKSqfSSrJGjVVW6PhGuaV00z5HIiK5crgC6c3hG0MSJUWRmNXpRMFUyhqnv0Egei8qphPiYQVEtM/SierV4+RSWt5qlbhN7ReVG6wJdxc2ktjKVHIr3IifVVPLX5IqPW7+1CnkkfK9XyOVzl41JFPXy09M+BjWK1+cqqLnWmAIpfxSSVVqb3M/RmYiIqIvJxFAbYKiWnfpxPVq8fpAlsfdHyaCLMi+lMIhlc2VEEbWTVW+6WvQx8zFbzVK3H+mi8qN1kGSR8r1fI5XOXaqgYgAAAAAAAAAAAAAAAAAAAAAAAAAAAAAAAAAAAAAAAAAAAAAAAAAAAAAAAAAAAAAAAAAAAAAAAAAAAAAAAE+23FaV29yKqwr+UgAC/uNzbCzQgcjpHJnKa0ahQqquVVcqqq7VU8AAAAAAAAAEu1eVKX3jes7o4W1eVKX3jes7oAAAAAAAAAAAOFuvlSq947rIhLuvlSq947rIgAAAAAARVRUVNSoWMt4nkp1j0WoqphXIVwAAAAAAAAAAAAAAAAAAAAAAAAAAAAAAAAAAAAAAAAAAAAAAAAAAAAAAAAAAAAAAAAAAAAAAAAAAAAAAAAAAAAAAAAAAAAAAAAAAAAAAAAAAAAAAAAAAAAAAAAAAAAAAAAAAAAAAAAAAAAAAAAAAAAAAAAAAAAAAJdq8qUvvG9Z3Rwtq8qUvvG9Z3QAAAAAAAAAAAcLdfKlV7x3WRCXdfKlV7x3WRAAAAAAAAAAAAAAAAAAAAAAAAAAAAAAAAAAAAAAAAAAAAAAAAAAAAAAAAAAAAAAAAAAAAAAAAAAAAAAAAAAAAAAAAAAAAAAAAAAAAAAAAAAAAAAAAAAAAAAAAAAAAAAAAAAAAAAAAAAAAAAAAAAAAAAAAAAAAAAAAAAAAAACXavKlL7xvWd0cLavKlL7xvWd0AAAAAAAAAAAHC3XypVe8d1kQl3XypVe8d1kQAAAAAAAAAAAAAAAAAAAAAAAAAAAAAAAAAAAAAAAAAAAAAAAAAAAAAAAAAAAAAAAAAAAAAAAAAAAAAAAAAAAAAAAAAAAAAAAAAAAAAAAAAAAAAAAAAAAAAAAAAAAAAAAAAAAAAAAAAAAAAAAAAAAAAAAAAAAAAAAAAAAAAAl2rypS+8b1ndHC2rypS+8b1ndAAAAAAAAAAABwt18qVXvHdZEJd18qVXvHdZEAAAAAAAAAAAAAAAAAAAAAAAAAAAAAAAAAAAAAAAAAAAAAAAAAAAAAAAAAAAAAAAAAAAAAAAAAAAAAAAAAAAAAAAAAAAAAAAAAAAAAAAAAAAAAAAAAAAAAAAAAAAAAAAAAAAAAAAAAAAAAAAAAAAAAAAAAAAAAAAAAAAAAAJdq8qUvvG9Z3Rwtq8qUvvG9Z3QAAAAAAAAAAAcLdfKlV7x3WRCXdfKlV7x3WRAAAAAAAAAAAAAAAAAAAAAAAAAAAAAAAAAAAAAAAAAAAAAAAAAAAAAAAAAAAAAAAAAAAAAAAAAAAAAAAAAAAAAAAAAAAAAAAAAAAAAAAAAAAAAAAAAAAAAAAAAAAAAAAAAAAAAAAAAAAAAAAAAAAAAAAAAAAAAAAAAAAAAACXavKlL7xvWd0cLavKlL7xvWd0AAAAAAAAAAAHC3XypVe8d1kQl3XypVe8d1kQAAABd2SnidTulcxHPV2MqmcIUh0Fi+wu9tepAJ29R8234GisfDTRI98LXNVyIvgoSiFdopJqJWxtVzkci4TaBW3Cga1ndNL4ULtaonF+xWlnb3VlI7RdTyuhd4zdBdXpQ13akZTSsfFqZJlUbyKBAAAAzZDJJ/Dje72WqpNt1JG6N9VU/wY+LlU9lvE6riBGxMTYiJkCA9jmLh7VavIqYMS2prk2pVIK5jHNdqR2MYUgVkDYKhWxvR7F1tVFzqA0A209NNUu0YWK7G1eJCW6zVaNymg5eRHawK8GT2OjerHtVrk2opiAJa22obTume1GtRM4VdZ7baV1TUI5FboxuRXI5dqZJ12o55Xvm3xm9sblGqq5ApQZRxvlejI2q5y7EQnNs1UrcrvaLyK7WBXg21FNLTP0ZmK1eJeJTKkpX1cqxxq1FRul4QGgEuO3VEkb5EaiMbnWq7cchEA9a1XORqbVXCGc8ElPJvcqYdjOM5FP9oi9tOsmXv7f/ANEArwb5aSSKmjncrVbJsRF1mgACRUUclPFFI9Wq2VMphRFRyy0r6hqt0WLhU15XZ2gRwT47PVvZpKjG+hy6yLUU8tM/QlYrV4uRQNQPWtc9yNaiq5diIT2Werc3Koxvoc7WBXm2nppal6thbpKiZXXg9qaSalciSswi7F2opOsP2qT2PqgFWqYXCgmw2ypqMva1GtVdSuXGTXVUM9KiLI3wV/mRcoBGAAAAAAAAAAAAAAAAAAAAAAAAAAAAAAAAAAAAAAAAAAAAAAAAAAAAAAAAAAAAAAAAAAAAAAAAAAAAAAAAAAAAAAAAAAAAAAAAAAAAAAAAAAAAAAABLtXlSl943rO6OFtXlSl943rO6AAAAAAAAAAADhbr5UqveO6yIS7r5UqveO6yIAAAA6CxfYXe2vUhz50Fi+wu9tepALEgQ175Lk+mVjUY3KIvHqFwhrJXsWll0WomtEdjWVEUVU6udGx6pOmcu0vjrA6Yp90GyD/t9Cbb4qmKNyVUmmqrq15wQt0GyD/t9AKYAAWtR4NhgRuxXJn5lfTRMmmRkkqRNX+ZeIsKB7KuhfQvcjXprjVSvmppoHq2SNyenGpQJnB1L/UYvgnaaq+gSjbG5Jd8R+ceDj6iioJamRFc1WxJrc5Uxq9BldqptRUo2NcxxphMcfKBKrJFoLfBBCui6RMucm30lUyaSN6PZI5HcqKWtZGtfb4J4U0nRphzU2+kq44JZHoxkbldyYAsrhiqt0NXhEk8V2OP/FQqS2uOKW3Q0eUV/jOxxf4qlSBvovtsHvG9ZvvPlB/qTqNFF9tg943rN958oP8AUnUBIocUlrlq0RFkcuGqvwKx80j36bpHK7lyWdDirtctIipvjVy1F+JWOhkY/QdG5HcmALWmkWvts8Uy6T4ky1y7fR1Gmw/bX+7XrQ3U0a2+2zSTeC+VMNau30dZpsP21/u160A0VtZLLO9Ee5saKqNai4TBEMpf4r/aUxA2U/2iL206yZe/t/8A0Qh0/wBoi9tOsmXv7f8A9EA2V3kek/ziKst3xrV2WLek0nRLram0rIoJZZEjYxVcvFgCxuv2Gi9n6IbLZKsNonkRMq1yqnrwhjemb3TUrM50Uxn8EMaTyFU+0vUgFa6aR79N0jldtzktJnrV2NJZNb43Y0uXXj6lQWsX+3pvb+qAeWhrYoaircmVjbhvwK+WaSaRXyPVzl9JYWhzZYailcuFkblvwK+WGSGRWSMVrk9AEltwV1E6mnYsmfFcq62m+w/apPY+qGhtvVtE6pnesf3WqmtxvsP2qT2PqgEOrqZKidznOXGfBTOpEJ9sldU0lRTyqrkRuW54ipf46+ss7JtqPYAqwAAAAAAAAAAAAAAAAAAAAAAAAAAAAAAAAAAAAAAAAAAAAAAAAAAAAAAAAAAAAAAAAAAAAAAAAAAAAAAAAAAAAAAAAAAAAAAAAAAAAAAAAAAAAAAAS7V5UpfeN6zujhbV5UpfeN6zugAAAAAAAAAAA4W6+VKr3jusiE28sVl2qUVP58/HWQgAAAF/YlTuJyZ1o9epCgNkNRLAqrFIrFXbjjA60iR0DI619SjnK52fB4kyUfCVZz7vgg4SrOfd8EA6cpt0Cp/oJnX4S9RB4SrOfd8ENEsskz9OR6udyqBgAAPUVWqioqoqbFQnRXerjbhXNf7SEAAS6i41NQ1Wvfhq7WtTGSIABup6mamdpQvVudqcSkp15qnNwmg1eVG6yvAGT3uker3uVzl2qpiABnFIsUrJG4VWqipkyqah9VMsr0ajlTHg7DUAMo5HxPR8bla5NioTkvNUjcLvaryq3WV4A2z1EtS/Slerl4uRDKkqn0kqyRo1VVuj4RoAHrl0nK5dqrk8AAyY5WPa5NrVymTZVVL6ubfJEajsY8E0gDdTVU1K5XRPxnanEpIlu1VKxW6TWIu1WphSCAJFRWSVEUUb0aiRphMJrEdZJHSPpmo3QeuVVU18XYRwAJDayRtG6lRG6Dlyq41/5qI4A9a5zHI5qqjk2KhPZeKprcKrHelW6yvAG6pq5qpyLK/ONibEQ9pKuSjkc+NGqqpjwkNAAKuVVeU30tXJS6e9o1dNMLpIaAAAAAAAAAAAAAAAAAAAAAAAAAAAAAAAAAAAAAAAAAAAAAAAAAAAAAAAAAAAAAAAAAAAAAAAAAAAAAAAAAAAAAAAAAAAAAAAAAAAAAAAAAAAAAAAAABLtXlSl943rO6OHszdO7UyImfDz8NZ3AAAAAAAAAAAAcpuop1jrmTYXRlbt9Kf4hSnbXmh7uoHMamZWeEz18n4nEqmFwoAAAAAAAAAAAAAAAAAAAAAAAAAAAAAAAAAAAAAAAAAAAAAAAAAAAAAAAAAAAAAAAAAAAAAAAAAAAAAAAAAAAAAAAAAAAAAAAAAAAAAAAAAAAAAAAAAAAAAAAAAAAAAAAAAAAAAAAAAAAAAAAAAAAAAAAAAAAAAAAAAAAAD1EVVRERVVdiIBc7l4Fkr3zKmqJnzX9snVkCy0XcVAxrkxI/w3+vk/AngAAAAAAAAAAAOdv8AZ3Oc6rpW5VdcjE60OiAHzoHWXLc/FUqslMqQyrrVF8Vy/Q5yroKmjcqTwuan3tqL+IEYAAAAAAAAAAAAAAAAAAAAAAAAAAAAAAAAAAAAAAAAAAAAAAAAAAAAAAAAAAAAAAAAAAAAAAAAAAAAAAAAAAAAAAAAAAAAAAAAAAAAAAAAAAAAAAAAAAAAAAAAAAAAAAAAAAAAAAAAAAAAAAAAAAAAAAAAAAAAAAJFNQ1NWqJBC96ZxpY1J+IEc6Ow2dUVtZVNVFRcxsXrUkWywRUytlqsSyprRv8AK3tLoAAAAAAAAAAAAAAAAAeKiKioqIqLtRT0ARJbZRTLl9LGq8qJjqNK2K2que5k/B7u0sQBXcBW3zb87u0cBW3zb87u0sQBXcBW3zb87u0cBW3zb87u0sQBXcBW3zb87u0cBW3zb87u0sQBXcBW3zb87u0cBW3zb87u0sQBXcBW3zb87u0cBW3zb87u0sQBXcBW3zb87u0cBW3zb87u0sQBXcBW3zb87u0cBW3zb87u0sQBXcBW3zb87u0cBW3zb87u0sQBXcBW3zb87u0cBW3zb87u0sQBXcBW3zb87u0cBW3zb87u0sQBXcBW3zb87u0cBW3zb87u0sQBXcBW3zb87u0cBW3zb87u0sQBXcBW3zb87u0cBW3zb87u0sQBXcBW3zb87u0cBW3zb87u0sQBXcBW3zb87u0cBW3zb87u0sQBXcBW3zb87u0cBW3zb87u0sQBXcBW3zb87u0cBW3zb87u0sQBXcBW3zb87u0cBW3zb87u0sQBXcBW3zb87u0cBW3zb87u0sQBXcBW3zb87u0cBW3zb87u0sQBXcBW3zb87u0cBW3zb87u0sQBXcBW3zb87u0cBW3zb87u0sQBXcBW3zb87u0cBW3zb87u0sQBXcBW3zb87u0cBW3zb87u0sQBXcBW3zb87u0cBW3zb87u0sQBXcBW3zb87u0cBW3zb87u0sQBXcBW3zb87u0cBW3zb87u0sQBXcBW3zb87u0cBW3zb87u0sQBXcBW3zb87u0cBW3zb87u0sQBXcBW3zb87u0cBW3zb87u0sQBXcBW3zb87u0cBW3zb87u0sQBXcBW3zb87u0cBW3zb87u0sQBXcBW3zb87u0cBW3zb87u0sQBXcBW3zb87u0cBW3zb87u0sQBXcBW3zb87u0cBW3zb87u0sQBXcBW3zb87u0cBW3zb87u0sQBXcBW3zb87u0cBW3zb87u0sQBXcBW3zb87u0cBW3zb87u0sQBXcBW3zb87u0cBW3zb87u0sQBXcBW3zb87u0cBW3zb87u0sQBXcBW3zb87u0cBW3zb87u0sQBXcBW3zb87u0cBW3zb87u0sQBXcBW3zb87u0cBW3zb87u0sQBXcBW3zb87u0cBW3zb87u0sQBXcBW3zb87u0cBW3zb87u0sQBXcBW3zb87u0cBW3zb87u0sQBXcBW3zb87u0cBW3zb87u0sQBXcBW3zb87u0cBW3zb87u0sQBXcBW3zb87u0cBW3zb87u0sQBXcBW3zb87u0cBW3zb87u0sQBXcBW3zb87u0cBW3zb87u0sQBXcBW3zb87u0cBW3zb87u0sQBXcBW3zb87u0cBW3zb87u0sQBXcBW3zb87u0cBW3zb87u0sQBXcBW3zb87u0cBW3zb87u0sQBXcBW3zb87u0cBW3zb87u0sQBXcBW3zb87u0cBW3zb87u0sQBXcBW3zb87u0JYrai57mT8Xu7SxAESK2UMXiUsXrVueslpqTCAAAAAAAAAAAAAAAAAAAAAAAAAAAAAAAAAAAAAAAAAAAAAAAAAAAAAAAAAAAAAAAAAAAAAAAAAAAAAAAAAAAAAAAAAAAAAAAAAAAAAAAAAAAAAAAAAAAAAAAAAAAAAAAAAAAAAAAAAAAAAAAAAAAAAAAAAAAAAAAAAAAAAAAAAAAAAAAAAAAAAAAAAAAAAAAAAAAAAAAAAAAAAAAAAAAAAAAAAAAAAAAAAAAAAAAAAAAAAAAAAAAAAAAAAAAAAAAAAAAAAAAAAAAAAAAAAAAAAAAAAAAAAAAAAAAAAAAAAAAAAAAAAAAAAAAAAAAAAAAAAAAAAAAAAAAAAAAAAAAAAAAAAAAAAAAAAAAAAAAAAAAAAAAAAAAAAAAAAAAAAAAAAAAAAAAAAAAAAAAAAAAAAAAAAAAAAAAAAAAAAAAAAAAAAAAAAAAAAAAAAAAAAAAAAAAAAAAAAAAAAAAAAAAAAAAAAAAAAAAAAAAAAAAAAAAAAAAAAAAAAAAAAAAAAAAAAAAAAAAAAAAAAAAAAAAAAAAAAAAAAAAAAAAAAAAAAAAAAAAAAAAAAAAAGEkscSZke1if8lwQ5bxRxrhr3SLnGGNAngrOGFcn+nRzu/A8W6VOdVsmx+PYBaAq+FKr+mTfP9I4Uqv6ZN8/0gWgKvhSq/pk3z/SOFKr+mTfP9IFoCr4Uqv6ZN8/0jhSq/pk3z/SBaAq+FKr+mTfP9I4Uqv6ZN8/0gWgKvhSq/pk3z/SOFKr+mTfP9IFoCr4Uqv6ZN8/0jhSq/pk3z/SBaAq+FKr+mTfP9I4Uqv6ZN8/0gWgKvhSq/pk3z/SOFKr+mTfP9IFoCr4Uqv6ZN8/0jhSq/pk3z/SBaAq+FKr+mTfP9I4Uqv6ZN8/0gWgKvhSq/pk3z/SOFKr+mTfP9IFoCr4Uqv6ZN8/0jhSq/pk3z/SBaAq+FKr+mTfP9I4Uqv6ZN8/0gWgKvhSq/pk3z/SOFKr+mTfP9IFoCr4Uqv6ZN8/0jhSq/pk3z/SBaAq+FKr+mTfP9I4Uqv6ZN8/0gWgKvhSq/pk3z/SOFKr+mTfP9IFoCr4Uqv6ZN8/0jhSq/pk3z/SBaAq+FKr+mTfP9I4Uqv6ZN8/0gWgKvhSq/pk3z/SOFKr+mTfP9IFoCr4Uqv6ZN8/0jhSq/pk3z/SBaAq+FKr+mTfP9I4Uqv6ZN8/0gWgKvhSq/pk3z/SOFKr+mTfP9IFoCr4Uqv6ZN8/0jhSq/pk3z/SBaAq+FKr+mTfP9I4Uqv6ZN8/0gWgKvhSq/pk3z/SOFKr+mTfP9IFoCr4Uqv6ZN8/0jhSq/pk3z/SBaAq+FKr+mTfP9I4Uqv6ZN8/0gWgKvhSq/pk3z/SOFKr+mTfP9IFoCr4Uqv6ZN8/0jhSq/pk3z/SBaAq+FKr+mTfP9I4Uqv6ZN8/0gWgKvhSq/pk3z/SOFKr+mTfP9IFoCr4Uqv6ZN8/0jhSq/pk3z/SBaAq+FKr+mTfP9I4Uqv6ZN8/0gWgKvhSq/pk3z/SOFKr+mTfP9IFoCr4Uqv6ZN8/0jhSq/pk3z/SBaAq+FKr+mTfP9I4Uqv6ZN8/0gWgKvhSq/pk3z/SOFKr+mTfP9IFoCr4Uqv6ZN8/0jhSq/pk3z/SBaAq+FKr+mTfP9I4Uqv6ZN8/0gWgKvhSq/pk3z/SOFKr+mTfP9IFoCr4Uqv6ZN8/0jhSq/pk3z/SBaAq+FKr+mTfP9I4Uqv6ZN8/0gWgKvhSq/pk3z/SOFKr+mTfP9IFoCr4Uqv6ZN8/0jhSq/pk3z/SBaAq+FKr+mTfP9IS6VOddsmx+PYBaArEvCJ/EpJ2/gbYbxRy7ZFYvI9MfsBOBiyRkjdKN7XpytXJkAAAAAAAAAAAAAAAAABrlnih/iPRF5OMivubE8Rir69QE4FWtymXY1ifgY8IT8rfgBbAqm3KZNqMX8Dcy5p/PGqeyoE8GmKqhlwjXpleJdSm4AAAAAAAAAAAAAAAAAAQq6vSmc2KJu+zv8VicXrAkVFTFTR6cz0anFyr6ivSrr637LCkMS//ABH7fw/xTOntrnypUV799l4mfytLLYBXR2eHS06l755F2q5cITYoIYf4UTGeymDYAAAAAAAAAAAAAAAAAAAAAAAAAAAAAAAAAAAAAAAAAAAAAAAAAAAAAAAAAAAAAAAAAAAAAAAAAAAAAAAAAAAAAAAAAAAAAAAAAAAAAAAAAAAAAAAAAAAAAAAAAAAAAAAapaaCf+LEx68qprNoArZLPG12nSSPp5E2KiqqGHd1ZRKja6FHR5wsrP8AOwtQqIqYVMooGEM0c8aSRORzV40Myrnt0lM91RbnaDsa49qOJVBWsrI/uyN1PYvEBKAAAAAAAAAI9VVNp248Z67EA2TTMhbpPdjkTjUrZ66SRVRngN9G0jySOler3rlVMQAAAAAAAABIgrJYdWdJvIpHAF1BUxzp4K4d91dpuKBrla5HNXCpsUs6OtSbwJMI/iXlAmAAAAAAAAAAAAYSyNhidI9cNamVAjXGsWlja2JEdPIuixv1MbfQdz5mmXTqH63OXi9CGm3xuq6l1fOmrxYmqmxOX/PSWgAAAAAAAAAAAAAAAAAAAAAAAAAAAAAAAAAAAAAAAAAAAAAAAAAAAAAAAAAAAAAAAAAAAAAAAAAAAAAAAAAAAAAAAAAAAAAAAAAAAAAAAAAAAAAAAAAAAAAAAAAAAAAAAAAAAAAAAAArq+hfvnddGujO3aifzliAI1BWNrINNE0Xpqe3kUklVWsW31iVsSf6T1xK1OstGOa9iPauWuTKLyoB6AAAAVcJlQNNTOlPFpKmVXUiFM97nvVzlyqrlTbVTrPMrv5U1N9RpAAAAAAAAAAAAAAATUuUAAt6Kp39mi5f9Rqa/T6SSUMUixSNe3aheRvSSNr27FTIGQAAAAAAABV3Z7p5YKFi431cv9Sf58i0Ku3J3Rcaupdr0XaDF9H+IgFmxrWMRjUw1qYRORD0AAAAAAAAAAAAAAAAAADBJY1kWNHJpJxGYAAAAAAAAAAAAAAAAAAAAAAAAAAAAAAAAAAAAAAAAAAAAAAAAAAAAeKqIiqq4RDyORkiZY5FRAMgAAAAAAAAAAAPHOaxMuVETlUD0HiKjkRUXKLxnoAAAAAAAAAAAAAAAAAAAAAAAAAAAAAAAAAAAAAAAAAAAAAAAAAAAYTxNnhfE/xXJhSDaJnIySklX/UgXHrQsSrqE7mvcEqamzpoO9K/5gC0AAAiXGbe4NBNr9X4EsqLg/TqlTOpqYAjAAAAAAAAAGmWqhh8d6Z5E1qBuPNiZUrZboq6omY9LiFNPNL/ABHuXPFxAXD62nY7RWRFX0azemtMoc/DGsszGJ/MuDoERERETYgHoAAFhbJc6US8XhIV5spn73UMdnCIuv1AXgAAAAAAANdTIsVNLIm1jFVPgRLLFvdtYvG9Vcv+fgbLoujbZ1/44Mrc3Rt9On/BFAkgAAAAAAAh0j3pUSRPc52NmVyTCDP/AKVex/E7b1EuV+9xOdyISK+aof3S5zXO0UdsRdRZouURU4yuZDmge7jVdL4f4pLpH6dO3lTUJGqukc3QYxyoqrxLgktTRYiKucJrVSIv+tcUTiZ9P3Jcv8J/sqAa9rky1yKnoU9RyO8VUX1KVtLG+Zqxo7RYi5X0k+CFsDVa1VXK51kDWyGFKlXo/L9a6OdhnUPRkTvCRrlauNeFI8XlF/4m6qiY+JznJra1cEjXRzJvK77KmlpfzO1kpFRUyioqLxoQaOnjliVz0VV0sbSb4MUXI1qCRkqoiZVcIYpIxy4R7VX0KQo2PrHq+RyoxF1IhtdQxKngqrV5cgSgRKSV7ZHQSrlU2KSyAMWvY/xXNdjkXJkQG/8Ap67R2Nf9QJ5i57GqiOc1FXYiqZEJn/qK5XbWs2ATTxzmt8ZyJ61NVVNvMWU8ZdSGiKk3xEknc5VdrwBMa5rvFci+pT0hy0egmnC5yOTXjJtpJ9+j8Lxm6lA2q9jXI1XNRV2IqmRBqvt0P4dZOA8c5rEy5yNTlVcHqKioiouUUi3H+A32vopug/gR+ygGSPartFHJpcmdZ7pN0tHKZ5Mlc/T7ue2PU52rPISoKVsL9PSVXYJEgAEAYpIxVwj255MkJ7n1c6xsXEbdpt7hi0ceFnlySJLntYmXORvrXB6mtMoVlU2SJEicuk3OWqWMf8NvqQgEexyqjXIqptRFMiFR/a5vx6yaBir2I5Gq5qOXiVdZkQajyhF+HWTJHpHG567ETIHqqiJlVRE9J42Rjlw17V9SkKKJ1WqySuXRzqRDa+hjVPAVWu4tZIlAi0czlc6GTxm8Z5XyOajGNXCO2qQJKyMRcK9ueTJkRUoYtHCq5V5cnlMyWGZ0aoqx8SgbaqRGQuTTRrsateFNdJM3eE3yVNLK+M7WZVkTHROeqeE1NRppaaKWFHPRVXPKSJj0a+NUVfBVNprpoo42u3t+nlda5yZvRGwORNiNx8iPbv4TvaIEsxc9jfGc1PWpHrJ3M0Yo/HceMoWYzI5XOXbrAlIqOTKKip6D0gzQOpv9WFy4TaikuGRJYmvTj2oB7ps09HSbpcmdYc9jVw5zUX0qQJtPu9d71OXCJ8DelDHjwlc53GuSRKRUVMouUBX4dR1DURyrG4sCAI9d9mX1oSCPXfZl9aAZUyolMxVVETBsa9jvFc1fUpDp4Fnja6Vy6CamtQ9no0YxXxKqK3XgkTQaKSVZYcu8ZFwphWTOarYo/GcQJDpGNXDntT1qeoqKmUVFT0EZlDGieGqudx6zVLC6kVJYnLo51opInmKPY5ytRzVcm1EURvSSNr02KhXNR7quRsa4VyqiryJkgWSOartFHJnkyemiClbC5XI5VVUxrNdXK9ZGwRLhztqgSVkY1cOe1F9KnqKiplFyhGbQxInhKrl5cmqSN1G5HxuVWKuFRSRPB4xyPYjk2KmT0gAAAAAAAAAAAAAAAAAAAAAAAAAAAAAAAAAAAK2+s/8ARtlTU6J6KilkQrw3StkyciIvzQCYx2kxHJsVMnpoonaVFAvLG3qN4AoJHacjncqqpevXDHL6FKEAAAAAA1yTRxJmR6N9ZDlujE1RMVy8q6kK+oR7Z377nSzxk2iZRPxxycjwNCzVdWuG6SpyN1IbYrW9dcr0anImtS0RERMIiInoI1ZVtp24TXIuxOQDROlNQt8BiOlXZpa8ekhb2+Vkk8irhONeNeQ20tM+slWSRV0c615TbdHtY2OBiIiJrwnyA8tMWZHSrsamE9Zakehi3qlYiprXWpIAAAAAAL2F2nCx3K1FMzRRLmkj9RvAAAAAAIt0bpW6dP8Ajn4az23LpW+Bf+CIbZ499p5I8402q34oQ7JJp29reONytXr+oFgAAAAAAACLcGZhR3G1TCql06WNE2yYJUrN8ic3lQr6RFknY1dkeVJFixiNiRnEiYIlE7enSxu/l1k0rq1FiqFc3Y9usDbQIrlklXa5SVL/AAn+yphTM3uBjePGVM5f4T/ZUgRrd/Cd7RLIlu/hO9olgQovKL/xJM/8CT2VI0XlF/4kuRunG5vKioSI9v8A4C+12G2qz3NJjkIkE60rXRyRu25JzHJLEi41OTYoEGmZUOizFI1rc7F/8G3eqznm/wCfgYI2Wjeui1XxqZLXK5MRxOVwCKmmSoSWRzV5ceomEalge1VklXw3cXISSAIlfHmNJE2tUlnj2o9itXYqYA0On/8AR77xqmPxFDHoQIq7XayExr3SJTrsR2VLVEwmEJEG47Y14tZOTWmrYaqiFJolbsXaikZk8tOmhLGqomxQJxBoNcsqpsD6iWoTQijVEXapJp4Ugj0dqrrVQI1V9thX1dZOI1ZA6VqOZ4zfma21rmpoyRrpdYGdx/gN9r6KboP4EfsoQap0sjEke3QbnCNJ0H8CP2UAjR+Un/iTSFF5Rf8AiTSAC7AAINuwiyIu3UTiFNDJDMs0KZRdqHqVyrq3lyu5CQuSpoMTjySo/wCG31IV1U2VWpLLqVVwjeRCxj/ht9SARKT7ZMnr6yaQp45IZ9+iTKLtQ9SuV2psLldyAYz+UI/wN9bnuV+PR1kTRelZGsnjOVFVOQsXNR7VauxUwoEGnjqXQtWORqN4k/xDZvVZzzf8/Awbv1G5U0VfGvIZLWuemIonK4D2CmlZPvkjmrnbg3zQtmZou/BeQ10kDo0V8i+G75HlXFI7RfEq6TeJF2gYJDUwp/pSI5qcSmyCpV71jkbovT5mtK5UTD4nI4QMklqd/e3RTiQDfVfZpPUYUP2ZPWptmYr4XtTaqaiFBUrTs3uSN2pQJ0v8J/sqRrd/Cd7RIc7SgV3K3PyI9u/hO9oDCXVcWZ2asE4j1dOsqI5mp7dnpNTax8aaM0S5Tj2ZAk1ColPJn7qmm353hc/e1Gp7pqtUajNBnGqk2NiRsRjdiAQ//wC0/wA+6TiD/wD2n+fdJwkQbl/8P8foTiFctkf4/QmkAR677MvrQkEeu+zL60Azpfs0fqNj/Ed6jXS/Zo/UbH+IvqAiW7+G/wBZrqUetciNVEcuMKpst38N/rNlXAsqI9mp7dnpJ+RhvVZzzf8APwMX09U9qtdKxUXi/wAQ9SscxNGaJ2knGnGYuWarcjUarI041Ak08axQtY5UVUzsI1L9vl/7dZNY1GNRqbETBCpft0v/AG6wJxXSo9a9UYqNcuxV9RYkaqgc9Uki8dvzEDHeqznm/wCfgYvp6qRui+Rip/noPUrVamJYnI70GK79WPTwVZGgEuFixwtYutUTiMzxERqIibEPSAAAAAAAAAAAAAAAAAAAAAAAAAAAAAAAAAAAAhXh2jbJuVcJ80JpW3xyrTRwN8aWRET/AD4ATKNujRwN5I2p8jceMajGNamxEwegePTLHJ6CgOgKGVuhK9vIqoBiAAAAAwkiZK3Rkajk9JXT2xUy6B2f+KloAKZlXU0yqx+V9D+IUtM+slWSRV0c615fQWdVAk8Dm4TS/lX0lfbJljmWF2pHfJQLRrWsajWoiNTiKdP/AFlw5Wq75IWNfLvVK5U2u8FCNaYtT5VT/igFiegAAAAAAF1Rpikj9RuMIm6ETG8jUQzAAAAAABV0K9z3Sqp3KqJIu+MRePl/z0FoVl5Y6NIayNPDhdrxxp/nWBZgxjkbLG17Fy1yZRTIAAAAAAAAAAAAAAAAAAAAAAAAAAABi9yMYrl2ImTI1zxLNHoI7Rzt1ZAj0LVe58ztqrhCYYRRpFG1icRmAAAAAAAAAAAAAAAAAAAES4/wme0SY/4bfUhrqYN/ajdLRwudmTa1NFqJyJgD0AAAAAAAAAAAAAAAAAAAAAAAAAAAAAAAAAAAAAAAAAAAAAAAAAAAAAAAAAAAAAAAAAAAAAAAAAAAAAAAAAAAAAKuX/1V8iY3Ktp26Tl9P+YLCombTwPmfsYmfX6CFZ4HNgdUS/xJ10vw4gLEAACpuMehU6XE5MlsRbhFvsGU2s1gVIAAAAAAABUXKFYahJWakdr9SluaamFKiFzF27UXkUCrrarulIkTiTKp6S1pot5p2M40TX6yvpbfKk6OlREa1c7c5LUAAAAAAG2lZvlSxuNWcqaixtkSo10q/wA2pAJ4AAAAAAAB49jZGKx6IrXJhUXjPQBVUTnW+sWilXMb10onfQtSNX0bayHRVdF7VyxycSkegrn753JWJozt2Kv84FiAAAAAAAAAAAAAAAAAAAAAAAAAAAAAAAAAAAAAAAAAAAAAAAAAAAAAAAAAAAAAAAAAAAAAAAAAAAAAAAAAAAAAAAAAAAAAAAAAAAAAAAAAAAAAAAAAAAAAAAAAAAAAAAAAAAAAAAAAVdZVyVEy0VCuX/8AxJOJqAYzqt0rUp2Z7mhX/Uci+MpbIiImETCIaKOljo4Eij18auXjU3gAAAAAFNWU+8S6vEdrTsNBeTwtnjVjvwXkUpZI3RPVj0wqAYgAAAAAAAAAAAAAB61qucjWplV2IBnBEs0rWJx7V5ELpjEYxGt2ImENVJTpTxa8aa7VN4AAAAAAAAAAACLX0TKyP7sjdbHpxEoAVcVdNRvSG4tXGcNmampfWWbXNe1HMcjmrsVFyimMsTJmKyRjXtXiVMlcttnpnadBUOanNvXKL6OsC0BVpdnQLoV1M+J2xXNTKL/n4kuG4Uk/iTtzyLqX5gSQeNc1yZa5FT0KegAAAAAAAAAAAAAAAAAAAAAAAAAAAAAAAAAAAAAAAAAAAAAAAAAAAAAAAAAAAAAAAAAAAAAAAAAAAAAAAAAAAAAAAAAAAAAAAAAAAAAAAAAAAAAAAAAAAAAAAAAAAB4rmt8ZyJ61I0typIfGnaq8jdfUBKMZJGRMV8jka1NqqVq3SWoXRoaZ78/zv1IgbapKh6SV87pF+43UiAYyVdRcXOioWqyLY6Z2r4E6jpI6OFI40yv8zl2uU3MY2NiMY1GtTUiJxGQAAAAAAAAA01NMyoZhdTk2O5DcAKKaF8D9F6epeUwL6RjZGK16ZavEV09ue1VdEukn3eNAIQPXNc1cORUXkVDwAAAAAAAIiquETK+glwUEkmFk8Bvp2gRo43SvRrEyqlrSUjYE0l1yLtXkNsMLIW6LG45V41NgAAAAAAAAAAAAAAAAAAAFRFTCplFIstupJtb4G55W+D1EoAVrrHRrs3xPU484Ep+eqOknYWYArOBKfnqjpJ2DgSn56o6SdhZgCs4Ep+eqOknYOBKfnqjpJ2FmAKzgSn56o6Sdg4Ep+eqOknYWYArOBKfnqjpJ2DgSn56o6SdhZgCs4Ep+eqOknYOBKfnqjpJ2FmAKzgSn56o6Sdg4Ep+eqOknYWYArOBKfnqjpJ2DgSn56o6SdhZgCs4Ep+eqOknYOBKfnqjpJ2FmAKzgSn56o6Sdg4Ep+eqOknYWYArOBKfnqjpJ2DgSn56o6SdhZgCs4Ep+eqOknYOBKfnqjpJ2FmAKzgSn56o6Sdg4Ep+eqOknYWYArOBKfnqjpJ2DgSn56o6SdhZgCs4Ep+eqOknYOBKfnqjpJ2FmAKzgSn56o6Sdg4Ep+eqOknYWYArOBKfnqjpJ2DgSn56o6SdhZgCs4Ep+eqOknYOBKfnqjpJ2FmAKzgSn56o6Sdg4Ep+eqOknYWYArOBKfnqjpJ2DgSn56o6SdhZgCs4Ep+eqOknYOBKfnqjpJ2FmAKzgSn56o6Sdg4Ep+eqOknYWYArOBKfnqjpJ2DgSn56o6SdhZgCs4Ep+eqOknYOBKfnqjpJ2FmAKzgSn56o6Sdg4Ep+eqOknYWYArOBKfnqjpJ2DgSn56o6SdhZgCs4Ep+eqOknYOBKfnqjpJ2FmAKzgSn56o6Sdg4Ep+eqOknYWYArOBKfnqjpJ2DgSn56o6SdhZgCs4Ep+eqOknYOBKfnqjpJ2FmAKzgSn56o6Sdg4Ep+eqOknYWYArOBKfnqjpJ2DgSn56o6SdhZgCs4Ep+eqOknYOBKfnqjpJ2FmAKzgSn56o6Sdg4Ep+eqOknYWYArOBKfnqjpJ2DgSn56o6SdhZgCs4Ep+eqOknYOBKfnqjpJ2FmAKzgSn56o6Sdg4Ep+eqOknYWYArOBKfnqjpJ2DgSn56o6SdhZgCs4Ep+eqOknYOBKfnqjpJ2FmAKzgSn56o6Sdg4Ep+eqOknYWYArOBKfnqjpJ2DgSn56o6SdhZgCs4Ep+eqOknYOBKfnqjpJ2FmAKzgSn56o6Sdg4Ep+eqOknYWYArOBKfnqjpJ2DgSn56o6SdhZgCs4Ep+eqOknYOBKfnqjpJ2FmAKzgSn56o6Sdg4Ep+eqOknYWYArOBKfnqjpJ2DgSn56o6SdhZgCtbY6Nu1JHet3YSYbfSQ+JAzPK5Mr8ySAGwAAAAAAAAAAAAAAAAAAYvjZImHtRyelCM+3Qu8XSZ6lJYArnWxc+DKn4oY8GSffZ8yzAFa22O/mlRPUhuZbYm+M5zvkTABhHDHEmGMRpmAAAAAAAAAAAAAHAd/Nz5ik6Dv1Dv5ufMUnQd+oDvwcB383PmKToO/UO/m58xSdB36gO/BwHfzc+YpOg79Q7+bnzFJ0HfqA78HAd/Nz5ik6Dv1Dv5ufMUnQd+oDvwcB383PmKToO/UO/m58xSdB36gO/BwHfzc+YpOg79Q7+bnzFJ0HfqA78HAd/Nz5ik6Dv1Dv5ufMUnQd+oDvwcB383PmKToO/UO/m58xSdB36gO/BwHfzc+YpOg79Q7+bnzFJ0HfqA78HAd/Nz5ik6Dv1Dv5ufMUnQd+oDvwcB383PmKToO/UO/m58xSdB36gO/BwHfzc+YpOg79Q7+bnzFJ0HfqA78HAd/Nz5ik6Dv1Dv5ufMUnQd+oDvwcB383PmKToO/UO/m58xSdB36gO/BwHfzc+YpOg79Q7+bnzFJ0HfqA78HAd/Nz5ik6Dv1Dv5ufMUnQd+oDvwcB383PmKToO/UO/m58xSdB36gO/BwHfzc+YpOg79Q7+bnzFJ0HfqA78HAd/Nz5ik6Dv1Dv5ufMUnQd+oDvwcB383PmKToO/UO/m58xSdB36gO/BwHfzc+YpOg79Q7+bnzFJ0HfqA78HAd/Nz5ik6Dv1Dv5ufMUnQd+oDvwcB383PmKToO/UO/m58xSdB36gO/BwHfzc+YpOg79Q7+bnzFJ0HfqA78HAd/Nz5ik6Dv1Dv5ufMUnQd+oDvwcB383PmKToO/UO/m58xSdB36gO/BwHfzc+YpOg79Q7+bnzFJ0HfqA78HAd/Nz5ik6Dv1Dv5ufMUnQd+oDvwcB383PmKToO/UO/m58xSdB36gO/BwHfzc+YpOg79Q7+bnzFJ0HfqA78HAd/Nz5ik6Dv1Dv5ufMUnQd+oDvwcB383PmKToO/UO/m58xSdB36gO/BwHfzc+YpOg79Q7+bnzFJ0HfqA78HAd/Nz5ik6Dv1Dv5ufMUnQd+oDvwcB383PmKToO/UO/m58xSdB36gO/BwHfzc+YpOg79Q7+bnzFJ0HfqA78HAd/Nz5ik6Dv1Dv5ufMUnQd+oDvwcB383PmKToO/UO/m58xSdB36gO/BwHfzc+YpOg79Q7+bnzFJ0HfqA78HAd/Nz5ik6Dv1Dv5ufMUnQd+oDvwcB383PmKToO/UO/m58xSdB36gO/BwHfzc+YpOg79Q7+bnzFJ0HfqA78HAd/Nz5ik6Dv1Dv5ufMUnQd+oDvwcB383PmKToO/UO/m58xSdB36gO/BwHfzc+YpOg79Q7+bnzFJ0HfqA78HAd/Nz5ik6Dv1Dv5ufMUnQd+oDvwcB383PmKToO/UO/m58xSdB36gO/BwHfzc+YpOg79Q7+bnzFJ0HfqA78HAd/Nz5ik6Dv1Dv5ufMUnQd+oDvwcB383PmKToO/UO/m58xSdB36gO/BwHfzc+YpOg79Q7+bnzFJ0HfqA78HAd/Nz5ik6Dv1Dv5ufMUnQd+oDvwcB383PmKToO/UO/m58xSdB36gO/BwHfzc+YpOg79Q7+bnzFJ0HfqA78HAd/Nz5ik6Dv1Dv5ufMUnQd+oDvwcB383PmKToO/UO/m58xSdB36gO/BwHfzc+YpOg79Q7+bnzFJ0HfqA78HAd/Nz5ik6Dv1Dv5ufMUnQd+oDvwcB383PmKToO/UO/m58xSdB36gO/BwHfzc+YpOg79Q7+bnzFJ0HfqA78HAd/Nz5ik6Dv1Dv5ufMUnQd+oDvwcB383PmKToO/UO/m58xSdB36gO/BwHfzc+YpOg79Q7+bnzFJ0HfqA78HAd/Nz5ik6Dv1Dv5ufMUnQd+oDvwcB383PmKToO/UO/m58xSdB36gO/BwHfzc+YpOg79Q7+bnzFJ0HfqA78HAd/Nz5ik6Dv1Dv5ufMUnQd+oDvwcB383PmKToO/UAOYAAAAAAAAAAAAAAAAAAAAAAAAAAAAAAAAAAAAAAAAAAAAAAAAAAAAAAAAAAAAAAAAAAAAAAAAAAAAAAAAAAAAAAAAAAAAAAAAAAAAAAAAAAAAAAAAAAAAAAAAAAAAAAAAAAAAAAAAAAAAAAAAAAAAAAAAAAAAAAAAAAAAAAAAAAAAAAAAAAAAAAAAAAAAAAAAAAAAAAAAAAAAAAAAAAAAAAAAAAAAAAAAAAAAAAAAAAAAAAAAAAAAAAAAAAAAAAAAAAAAAAAAAAAAAAAAAAAAAAAAAAAAAAAAAAAAAAAAAAAAAAAAAAAAAAAAAAAAAAAAAAAAAAAAAAAAAAAAAAAAAAAAAAAAAAAAAAAAAAAAAAAAAAAAAAAAAAAAAAAAAAAAAAAAAAAAAAAAAAAAAAAAAAAAALG0W9K6Z2mqpGzbjj9AFcDsUtVCiY7nYvrPeC6HzZgHGg7Lguh82YeOtNC5uO52p6UA44E660PcNToNXLHJlqqQQAAAAAAAAAAAAAAAAAAAAAAAAAAAAHu0D1jXPcjWoquXYiFzR7n3yIj6p+9p91u0mW+iitlKtTU4STGVz/L6E9JVV95qKpytiVYouRNq+sC24NtMKYk0VVON0i9o4LtU6YjwirxskOfioaqoTSjgkci8eNp5LR1NN4UkMjP+WPqBZVtglhRX07t9an8q+N+5TqiouFTCoWlvvc1O5GVCrJFy8aE672+Orp+7KbCuxpLj+ZAOcB6eAAAAAAAAAAAAAAAAAAAAAAAAAAAAAAAA9RFVUREyq8SAeG2GnmqM7zG5+Na4QtbfYpJcSVWWN+5xr2HQQwxwRoyJiNanEgHDKiouF1Kh4b677dUe8d1mgAAAAAAAAAAAAAAAAAAAAAAAAAAAAAAAAAAAAAAAAAAAAAAAAAAAAAAAAAAAAAAAAAAAAAAAAAAAAAAAAAAAAAAAAAAAAAAHRbmP4VR7SfU506Lcx/CqPaT6gXgAAAADnt0/j0/qX6FEXu6fx6f1L9CiAAAAAAAAAAAAAAAAAAAAAAAAAAAAWNipkqLg1XJlsfhr6+Iri+3MImnULx4T6gat0dWr6hKZq+CzW70qZ2O2Mmb3TO3SbnwGrsX0qVtzVVuNQq7dNTrKFqMooWt2IxAN6akwgVEcio5EVF2op6AOYvltbSuSeFMROXCp91SRubqlXTpXrlMaTfqhZ3dqPtk6O4m5OcsjlbdIcceUA13SnSmr5Y08XOU9SkQuN0rUSujVOONOtSnAAAAAAAAAAAAAAAAAAAAAAAAAAAAAWtjoYKuR7pnZ0MYZnaBForfPWu/024ZxvXYh0tBa4KJEciacv31+hMYxrGo1jUa1NiIZAAABxNd9uqPeO6yOSK77dUe8d1kcAAAAAAAAAAAAAAAAAAAAAAAAAAAAAAAAAAAAAAAAAAAAAAAAAAAAAAAAAAAAAAAAAAAAAAAAAAAAAAAAAAAAAAAAAAAAAAHRbmP4VR7SfU50vNzVQxkksLlRHPwrc8eAOiAAAAAc9un8en9S/Qoi43R1DJapkbFRd7TXjlUpwAAAAAAAAAAAAAAAAAAAAAAAAAAAFxubmRla+Nf/AIjdXrQpzZBK+CZksfjMXKATb7AsNxe7HgyeEn1LqxVjaijbGq/6kSYVPRxKeVMUV5tzZIlRHprbniXjRTnEWooanLVdHKxQO3Bz0O6RyNRJ6fK8rF+h5Puje5qpTwI1fvOXPyAlboaxsdL3M1fDk2pyIV+56BZK5ZceDGnzIDGVFdU4TSkleutVOj/0rJbNqOkX8zgKe/zJLcnImtI2o0rTJ73SPc9y5c5cqYgAAAAAAAAAAAAAAAAAAAAAAAAAAAMo3viej43K1ybFQxAHQW+/ouI6xMLzifUvGPa9qOY5HNXYqHBkuiuFRQvzE7LONjtigdmCDQXWnrURGroScbHfTlJwHE1326o947rI5Irvt1R7x3WRwAAAAAAAAAAAAAAAAAAAAAAAAAAAAAAAAAAAAAAAAAAAAAAAAAAAAAAAAAAAAAAAAAAAAAAAAAAAAAAAAAAAAAAAAAAAAAAeoqoqKiqipsVDwASkuVc1MJUyY9Z7wnX+dSEQAS+E6/zqQ8dca16YdUyKnrIoA99e08AAAAAAAAAAAAAAAAAAAAAAAAAAAAAAAJdBXy0EukzwmL4zV4y9Sott2YjZNFsnI7U78F4zlxgDopNzkar/AKc7kT0pkRbnYmrmWdzk5ETBRR1NREmI6iViciPVEPJKieZMSzyPTkc5VA6OSut1rjWOBGvfyM1r+KlBW1ktbNvkq+pqbEI+AAAAAAAAAAAAAAAAAAAAAAAAAAAAAAAAAAAAHqKrVRWqqKmxULajv80DNCdm+omxc4UqABnNIssz5FTCvcrlT1mAAAAAAAAAAAAAAAAAAAAAAAAAAAAAAAAAAAAAAAAAAAAAAAAAAAAAAAAAAAAAAAAAAAAAAAAAAAAAAAAAAAAAAAAAAAAAAAAAAAAAAAAAAAAAAAAAAAAAAAAAAAAAAAAAAAAAAAAAAAAAAAAAAAAAAAAAAAAAAAAAAAAAAAAAAAAAAAAAAAAAAAAAAAAAAAAAAAAAAAAAAAAAAAAAAAAAAAAAAAAAAAAAAAAAAAAAAAAAAAAAAAAAAAAAAAAAAAAAAAAAAAAAAAAAAAAAAAAAAAAAAAAAAAAAAAAAAAAAAAAAAAAAAAAAAAAAAAAAAAAAAAAAAAAAAAAAAAAAAAAAAAAAAAAAAAAAAAAAAAAAAAAAAAAAAAAAAAAAAAAAAAAAAAAAAAAAAAAAAAAAAAAAAAAAAAAAf//Z	\N	\N	\N	f	2026-02-24 08:18:34.190025+06	2026-02-24 08:18:34.190035+06	1	2
\.


--
-- Data for Name: message_message_deleted_for; Type: TABLE DATA; Schema: public; Owner: kieran_user
--

COPY public.message_message_deleted_for (id, message_id, user_id) FROM stdin;
\.


--
-- Data for Name: notifications_notification; Type: TABLE DATA; Schema: public; Owner: kieran_user
--

COPY public.notifications_notification (id, notification_type, title, message, is_read, created_at, user_id) FROM stdin;
\.


--
-- Data for Name: notifications_notificationsettings; Type: TABLE DATA; Schema: public; Owner: kieran_user
--

COPY public.notifications_notificationsettings (id, job_alert, payment_alert, weather_alert, updated_at, user_id) FROM stdin;
1	t	t	t	2026-02-22 01:30:03.428572+06	1
2	t	t	t	2026-02-24 07:33:32.671521+06	3
\.


--
-- Data for Name: profiles_adminprofile; Type: TABLE DATA; Schema: public; Owner: kieran_user
--

COPY public.profiles_adminprofile (id, phone, image, user_id) FROM stdin;
3	\N	\N	3
5	\N	\N	5
7	\N	\N	7
1	\N	\N	1
6	\N	\N	6
30	\N	\N	30
31	\N	\N	31
32	\N	\N	32
9	\N	\N	9
2	\N	\N	2
25	\N	\N	25
28	\N	\N	28
29	\N	\N	29
4	\N	\N	4
11	\N	\N	11
8	\N	\N	8
\.


--
-- Data for Name: profiles_businessprofile; Type: TABLE DATA; Schema: public; Owner: kieran_user
--

COPY public.profiles_businessprofile (id, user_id) FROM stdin;
\.


--
-- Data for Name: profiles_clientprofile; Type: TABLE DATA; Schema: public; Owner: kieran_user
--

COPY public.profiles_clientprofile (id, name, phone, image, user_id, calendar_sync, service_reminder) FROM stdin;
1	Client		image/upload/v1770225982/prsvsvov9bzjqliphndi.webp	3	f	f
2	Client		image/upload/v1770241791/c4tduozl9sgw0op50aj5.jpg	4	f	f
3	Client		image/upload/v1771016508/bor2hrlzpmetwqlvipqo.jpg	5	f	f
4	Client		image/upload/v1771016520/vik5jvneenvpq4r1q5xd.jpg	8	f	f
5	Client		\N	30	f	f
6	Client		\N	31	f	f
\.


--
-- Data for Name: profiles_landscaperprofilies; Type: TABLE DATA; Schema: public; Owner: kieran_user
--

COPY public.profiles_landscaperprofilies (id, name, phone, image, user_id, stripe_account_id, plan_id, calendar_sync, job_reminder) FROM stdin;
2	Landscaper		\N	6	\N	\N	f	f
3	Pial	01710670341	image/upload/v1771016194/rvdfrkaxlqagcbwwzahy.webp	7	acct_1T0WSz5TYqruAEeB	\N	f	f
4	Landscaper		\N	9	\N	\N	f	f
6	Landscaper		\N	11	\N	\N	f	f
1	Sujon land	01710670341	image/upload/v1771701947/cryl5fuw91qgwm7kzo7l.jpg	1	acct_1234567890abcdef	\N	t	t
22	Landscaper		\N	28	\N	\N	f	f
20	Landscaper		\N	25	\N	\N	f	f
23	Landscaper		\N	29	\N	\N	f	f
24	Landscaper		\N	32	\N	\N	f	f
\.


--
-- Data for Name: profiles_workerprofile; Type: TABLE DATA; Schema: public; Owner: kieran_user
--

COPY public.profiles_workerprofile (id, name, phone, image, is_blocked, pro_landscaper_id, user_id) FROM stdin;
\.


--
-- Data for Name: property_property; Type: TABLE DATA; Schema: public; Owner: kieran_user
--

COPY public.property_property (id, address, latitude, longitude, property_size, cut_height_inches, grass_types, notes, images, created_at, owner_id) FROM stdin;
2		0.000000	0.000000		0.00	[]		[]	2026-02-04 23:32:03.140394+06	3
3		0.000000	0.000000		0.00	[]		[]	2026-02-04 23:39:11.175285+06	3
4		0.000000	0.000000		0.00	[]		["https://res.cloudinary.com/dc96x5mdn/image/upload/v1770226777/property_photos/ratw2i2s8otw6vjrbf81.jpg"]	2026-02-04 23:39:37.045486+06	3
5		0.000000	0.000000		0.00	[]		["https://res.cloudinary.com/dc96x5mdn/image/upload/v1770226794/property_photos/sa58nesv2vz73ykaywiu.jpg", "https://res.cloudinary.com/dc96x5mdn/image/upload/v1770226795/property_photos/b4pux4hzvp8wgabv6rhe.webp"]	2026-02-04 23:39:53.834626+06	3
1	Gulshan, Dhaka	23.780600	90.420000	.5 ac	2.75	["bermuda", "fescue"]	Backyard	["https://res.cloudinary.com/dc96x5mdn/image/upload/v1771801913/property_photos/uwome4nradaafr62hyeh.png", "https://res.cloudinary.com/dc96x5mdn/image/upload/v1771802265/property_photos/ygc8ij2lqbakv8kfakle.jpg", "https://res.cloudinary.com/dc96x5mdn/image/upload/v1771804464/property_photos/tvhvnn9qqbmnvesleox4.jpg", "https://res.cloudinary.com/dc96x5mdn/image/upload/v1771806560/property_photos/lexkz0wljg3tpo3it4ph.jpg", "https://res.cloudinary.com/dc96x5mdn/image/upload/v1771896848/property_photos/mwgfune8uhrped0b5wci.jpg"]	2026-02-04 23:30:23.763705+06	3
7	Mirpur, Dhaka	23.780600	90.420000	.9 ac	3.00	["bermuda", "fescue"]	Backyard	["https://res.cloudinary.com/dc96x5mdn/image/upload/v1770245504/property_photos/h1u3uzicezavinyml0ri.jpg", "https://res.cloudinary.com/dc96x5mdn/image/upload/v1770245505/property_photos/xsykhu75oc9duqyx9hqk.webp"]	2026-02-05 04:51:11.373601+06	5
6	Mohakhali, Dhaka	23.780600	90.420000	.5 ac	2.75	["bermuda", "fescue"]	Backyard	["https://res.cloudinary.com/dc96x5mdn/image/upload/v1770242279/property_photos/ndufbvysxtjygay7w2sy.jpg", "https://res.cloudinary.com/dc96x5mdn/image/upload/v1770242280/property_photos/cqeov16kmk3kpztsost1.webp", "https://res.cloudinary.com/dc96x5mdn/image/upload/v1771110686/property_photos/gxbrkzx2e8famll7ku8m.jpg", "https://res.cloudinary.com/dc96x5mdn/image/upload/v1771191634/property_photos/m9wlzi5i3x9ey4ft9gqs.jpg"]	2026-02-05 03:51:56.033822+06	4
8	Mirpur, Dhaka	23.780600	90.420000	.9 ac	2.00	["centipede", "fescue", "kentucky bluegrass"]	urgent needs	["https://res.cloudinary.com/dc96x5mdn/image/upload/v1771777378/property_photos/hkobsecxnqvnbgkdss0x.jpg", "https://res.cloudinary.com/dc96x5mdn/image/upload/v1771777379/property_photos/pcrr6gg7kjkc2bpdav6h.jpg"]	2026-02-22 22:21:38.513295+06	5
9	Mirpur, Dhaka	23.780600	90.420000	.9 ac	2.00	["centipede", "fescue", "kentucky bluegrass"]	urgent needs	["https://res.cloudinary.com/dc96x5mdn/image/upload/v1771777527/property_photos/yzleax2yujk2zjqdi7va.jpg", "https://res.cloudinary.com/dc96x5mdn/image/upload/v1771777529/property_photos/yluh1h8zmhp7jemhhsjc.jpg"]	2026-02-22 22:25:15.024152+06	3
10	Selected Location	23.781653	90.417159	medium	2.00	["bermuda", "fescue", "laura"]	hutt	["https://res.cloudinary.com/dc96x5mdn/image/upload/v1771805770/property_photos/smhrvgxekquf3d0cjk3t.jpg"]	2026-02-23 06:15:38.81584+06	3
11	Avenue Saloon, বীর উত্তম রফিকুল ইসলাম এভিনিউ, গুপিপাড়া, মধ্য বাড্ডা, গুলশান, ঢাকা, ঢাকা মহানগর, ঢাকা জেলা, ঢাকা বিভাগ, 1212, বাংলাদেশ	23.783162	90.425949	medium	2.75	["bermuda", "fescue"]	Backyard	["https://res.cloudinary.com/dc96x5mdn/image/upload/v1771807113/property_photos/vnuy90cphyyxzypzji3y.jpg"]	2026-02-23 06:37:15.200546+06	3
12	Bayzid Road, গুলশান, ঢাকা, ঢাকা মহানগর, ঢাকা জেলা, ঢাকা বিভাগ, 1212, বাংলাদেশ	23.792084	90.424199	medium	2.75	["bermuda", "fescue"]	Backyard	["https://res.cloudinary.com/dc96x5mdn/image/upload/v1771896544/property_photos/y6eeawkfysrwjssq6zuk.jpg"]	2026-02-24 07:26:24.941931+06	3
\.


--
-- Data for Name: qr_landscaperqrcode; Type: TABLE DATA; Schema: public; Owner: kieran_user
--

COPY public.qr_landscaperqrcode (id, created_at, landscaper_id) FROM stdin;
1e8886ce-9a51-485c-811a-0c6ca6af82aa	2026-02-18 02:49:20.518865+06	1
\.


--
-- Data for Name: reviews_landscaperreview; Type: TABLE DATA; Schema: public; Owner: kieran_user
--

COPY public.reviews_landscaperreview (id, rating, comment, created_at, updated_at, client_id, landscaper_id) FROM stdin;
1	5	Great service and communication.	2026-02-05 06:00:41.95988+06	2026-02-05 06:00:41.959892+06	5	1
2	1	x	2026-02-15 02:51:03.635405+06	2026-02-16 03:12:22.872192+06	4	1
\.


--
-- Data for Name: services_addonservice; Type: TABLE DATA; Schema: public; Owner: kieran_user
--

COPY public.services_addonservice (id, name, price, created_at, updated_at, client_id) FROM stdin;
2	Tree Trimming	45.50	2026-02-23 07:23:29.489698+06	2026-02-23 07:23:29.489711+06	4
3	Extra Fertilizer	25.00	2026-02-23 07:23:36.869907+06	2026-02-23 07:23:36.869922+06	4
4	Extra Tree	25.00	2026-02-23 07:25:26.266397+06	2026-02-23 07:25:26.266408+06	4
1	Tree Trimming	45.50	2026-02-23 06:48:10.13726+06	2026-02-23 06:48:10.137272+06	1
5	Extra Works	25.00	2026-02-23 07:28:54.621922+06	2026-02-23 07:28:54.621936+06	4
\.


--
-- Data for Name: services_clientservice; Type: TABLE DATA; Schema: public; Owner: kieran_user
--

COPY public.services_clientservice (id, name, description, category, price, square_feet, is_standard, image, created_at, landscaper_id) FROM stdin;
1	Garden Design	Full garden layout and planting	garden_design	200.00	\N	t	\N	2026-02-05 00:17:44.735358+06	1
2	Premium Lawn Makeover	Complete lawn renovation including soil preparation, planting, and fertilization	custom	4500.00	10.00	f	\N	2026-02-14 05:25:30.175386+06	3
3	Premium Lawn Makeover	Complete lawn renovation including soil preparation, planting, and fertilization	custom	4500.00	10.00	f	\N	2026-02-15 02:36:25.582108+06	1
13	lawn_mowing		standard	125.00	0.00	t	\N	2026-02-25 03:12:12.133369+06	2
\.


--
-- Data for Name: services_clientservicepreference; Type: TABLE DATA; Schema: public; Owner: kieran_user
--

COPY public.services_clientservicepreference (id, frequency, note, updated_at, client_id) FROM stdin;
2	biweekly	guui	2026-02-14 23:09:50.195221+06	2
1	monthly	Only front yard this time	2026-02-22 02:28:38.449303+06	1
3	biweekly	showing	2026-02-24 03:21:56.560101+06	3
4			2026-02-25 02:27:22.488789+06	5
5			2026-02-25 02:32:21.718016+06	6
6			2026-02-26 06:35:12.78885+06	4
\.


--
-- Data for Name: services_clientservicepreference_services; Type: TABLE DATA; Schema: public; Owner: kieran_user
--

COPY public.services_clientservicepreference_services (id, clientservicepreference_id, clientservice_id) FROM stdin;
1	1	1
2	2	1
\.


--
-- Data for Name: services_schedulecompletionimage; Type: TABLE DATA; Schema: public; Owner: kieran_user
--

COPY public.services_schedulecompletionimage (id, image, uploaded_at, schedule_id, image_type) FROM stdin;
12	image/upload/v1771100935/d5enaxolbd1exdvfmfby.jpg	2026-02-15 02:28:56.236829+06	1	after
13	image/upload/v1771698314/abfowjkf8tcchvrtt4ik.jpg	2026-02-22 00:25:15.31908+06	5	before
14	image/upload/v1771698315/tnkdk4iux4ekz79ppbqb.jpg	2026-02-22 00:25:16.123915+06	5	after
\.


--
-- Data for Name: services_serviceschedule; Type: TABLE DATA; Schema: public; Owner: kieran_user
--

COPY public.services_serviceschedule (id, scheduled_date, scheduled_time, is_completed, completed_at, created_at, client_id, landscaper_id, service_id, payment_status, stripe_payment_id, completion_note) FROM stdin;
1	2026-02-04	21:03:32.066395	t	2026-02-15 02:01:30.068185+06	2026-02-05 03:03:32.067318+06	1	1	1	paid	cs_test_a1gtWmAtQXOVQ435oYXex6bIRsmDh8Rb9p44JQEous7UsQqUX4sYUpBEVa	sujon
2	2026-02-04	22:12:24.750625	t	2026-02-23 02:15:42.785012+06	2026-02-05 04:12:24.751676+06	2	1	1	pending	\N	
5	2026-02-21	01:16:44.388164	t	2026-02-22 00:25:11.209317+06	2026-02-21 07:16:44.388322+06	3	1	3	paid	cs_test_a1KgCQZf29prPTLT9l1VZVWwStOuLG73tbCtkuo3x9HRBYtcClS9iK4Wpv	
6	2026-02-24	21:12:12.137026	f	\N	2026-02-25 03:12:12.137193+06	4	2	13	pending	\N	\N
\.


--
-- Data for Name: services_serviceschedule_completed_services; Type: TABLE DATA; Schema: public; Owner: kieran_user
--

COPY public.services_serviceschedule_completed_services (id, serviceschedule_id, clientservice_id) FROM stdin;
\.


--
-- Data for Name: subscriptions_plan; Type: TABLE DATA; Schema: public; Owner: kieran_user
--

COPY public.subscriptions_plan (id, name, description, price, discount, duration, stripe_product_id, stripe_price_id, is_active, created_at, updated_at) FROM stdin;
1	Pro	Pro monthly plan	99.00	5.00	monthly	prod_TuyQQs74AhSM6L	price_1Sx8TfGBPprXqVx5DVEJvI8C	t	2026-02-04 21:58:50.55697+06	2026-02-04 21:58:51.64731+06
2	Basic	Basic monthly plan	49.00	5.00	monthly	prod_TuyRwxjk7ZhMwy	price_1Sx8UxGBPprXqVx5MtwoEZC3	t	2026-02-04 22:00:11.191318+06	2026-02-04 22:00:12.148967+06
\.


--
-- Data for Name: subscriptions_subscription; Type: TABLE DATA; Schema: public; Owner: kieran_user
--

COPY public.subscriptions_subscription (id, stripe_customer_id, stripe_subscription_id, status, start_date, end_date, is_active, created_at, updated_at, plan_id, user_id, is_trial, auto_renew) FROM stdin;
3	\N	sub_1T0SvVGBPprXqVx5GzgTw0hT	active	2026-02-14 02:25:23.444292+06	2026-03-16 02:25:23.444296+06	t	2026-02-14 02:25:23.444534+06	2026-02-14 02:25:23.444538+06	2	7	f	t
22	cus_U0fArtDsK9ho2y	sub_1T2dqIGBPprXqVx5taOxYKS9	active	2026-02-20 02:29:01.425634+06	2026-05-26 06:38:04.60182+06	t	2026-02-20 02:29:00.855084+06	2026-02-25 06:42:58.375188+06	1	28	f	t
23	cus_U0fGyAq7eurzYz	sub_1T2dwTGBPprXqVx51GhmT7xC	active	2026-02-20 02:35:23.788268+06	2026-04-11 05:56:26.99389+06	t	2026-02-20 02:35:23.243735+06	2026-02-25 06:54:07.776975+06	1	29	f	t
4	\N	\N	active	2026-02-19 02:41:02.898895+06	2026-03-21 02:41:02.898898+06	t	2026-02-19 02:41:02.899128+06	2026-02-19 02:41:02.899132+06	1	9	f	t
1	\N	sub_1Sx8WxGBPprXqVx5pWrnvhxM	active	2026-02-04 22:02:17.375266+06	2026-06-24 22:02:17.375268+06	t	2026-02-04 22:02:17.375483+06	2026-02-25 03:50:05.075352+06	1	1	f	t
2	\N	sub_1T0RvZGBPprXqVx5TdrHymd0	active	2026-02-24 00:36:27.121921+06	2026-05-15 00:36:27.121925+06	t	2026-02-14 01:21:25.808445+06	2026-02-25 03:50:24.11133+06	1	6	f	t
20	cus_U0cixgnju5VEWf	sub_1T2bT9GBPprXqVx50c8h9D71	active	2026-02-19 23:56:58.946421+06	2026-06-04 23:56:58.946421+06	t	2026-02-19 23:56:58.130535+06	2026-02-25 06:35:47.727075+06	1	25	f	t
21	cus_U0cixgnju5VEWf	sub_1T2bVNGBPprXqVx51nit8F9r	active	2026-02-19 23:59:16.524252+06	2026-06-05 05:51:22.251172+06	t	2026-02-19 23:59:16.053601+06	2026-02-25 06:36:54.26754+06	2	25	f	t
\.


--
-- Data for Name: weather_rainalertsubscription; Type: TABLE DATA; Schema: public; Owner: kieran_user
--

COPY public.weather_rainalertsubscription (id, city, is_active, user_id) FROM stdin;
1	Mohakhali	t	4
3	Mirpur, Dhaka 1213, Bangladesh	t	1
4	Selected Location	t	25
5	Selected Location	t	28
2	Mirpur	t	5
6	Selected Location	t	29
\.


--
-- Name: accounts_otp_id_seq; Type: SEQUENCE SET; Schema: public; Owner: kieran_user
--

SELECT pg_catalog.setval('public.accounts_otp_id_seq', 35, true);


--
-- Name: accounts_user_groups_id_seq; Type: SEQUENCE SET; Schema: public; Owner: kieran_user
--

SELECT pg_catalog.setval('public.accounts_user_groups_id_seq', 1, false);


--
-- Name: accounts_user_id_seq; Type: SEQUENCE SET; Schema: public; Owner: kieran_user
--

SELECT pg_catalog.setval('public.accounts_user_id_seq', 32, true);


--
-- Name: accounts_user_user_permissions_id_seq; Type: SEQUENCE SET; Schema: public; Owner: kieran_user
--

SELECT pg_catalog.setval('public.accounts_user_user_permissions_id_seq', 1, false);


--
-- Name: accounts_userreport_id_seq; Type: SEQUENCE SET; Schema: public; Owner: kieran_user
--

SELECT pg_catalog.setval('public.accounts_userreport_id_seq', 4, true);


--
-- Name: auth_group_id_seq; Type: SEQUENCE SET; Schema: public; Owner: kieran_user
--

SELECT pg_catalog.setval('public.auth_group_id_seq', 1, false);


--
-- Name: auth_group_permissions_id_seq; Type: SEQUENCE SET; Schema: public; Owner: kieran_user
--

SELECT pg_catalog.setval('public.auth_group_permissions_id_seq', 1, false);


--
-- Name: auth_permission_id_seq; Type: SEQUENCE SET; Schema: public; Owner: kieran_user
--

SELECT pg_catalog.setval('public.auth_permission_id_seq', 185, true);


--
-- Name: bookings_servicebooking_id_seq; Type: SEQUENCE SET; Schema: public; Owner: kieran_user
--

SELECT pg_catalog.setval('public.bookings_servicebooking_id_seq', 1, false);


--
-- Name: chat_contactmessage_id_seq; Type: SEQUENCE SET; Schema: public; Owner: kieran_user
--

SELECT pg_catalog.setval('public.chat_contactmessage_id_seq', 1, false);


--
-- Name: connections_connectionrequest_id_seq; Type: SEQUENCE SET; Schema: public; Owner: kieran_user
--

SELECT pg_catalog.setval('public.connections_connectionrequest_id_seq', 37, true);


--
-- Name: django_admin_log_id_seq; Type: SEQUENCE SET; Schema: public; Owner: kieran_user
--

SELECT pg_catalog.setval('public.django_admin_log_id_seq', 2, true);


--
-- Name: django_celery_beat_clockedschedule_id_seq; Type: SEQUENCE SET; Schema: public; Owner: kieran_user
--

SELECT pg_catalog.setval('public.django_celery_beat_clockedschedule_id_seq', 1, false);


--
-- Name: django_celery_beat_crontabschedule_id_seq; Type: SEQUENCE SET; Schema: public; Owner: kieran_user
--

SELECT pg_catalog.setval('public.django_celery_beat_crontabschedule_id_seq', 2, true);


--
-- Name: django_celery_beat_intervalschedule_id_seq; Type: SEQUENCE SET; Schema: public; Owner: kieran_user
--

SELECT pg_catalog.setval('public.django_celery_beat_intervalschedule_id_seq', 1, true);


--
-- Name: django_celery_beat_periodictask_id_seq; Type: SEQUENCE SET; Schema: public; Owner: kieran_user
--

SELECT pg_catalog.setval('public.django_celery_beat_periodictask_id_seq', 4, true);


--
-- Name: django_celery_beat_solarschedule_id_seq; Type: SEQUENCE SET; Schema: public; Owner: kieran_user
--

SELECT pg_catalog.setval('public.django_celery_beat_solarschedule_id_seq', 1, false);


--
-- Name: django_content_type_id_seq; Type: SEQUENCE SET; Schema: public; Owner: kieran_user
--

SELECT pg_catalog.setval('public.django_content_type_id_seq', 46, true);


--
-- Name: django_migrations_id_seq; Type: SEQUENCE SET; Schema: public; Owner: kieran_user
--

SELECT pg_catalog.setval('public.django_migrations_id_seq', 75, true);


--
-- Name: invitations_teaminvitation_id_seq; Type: SEQUENCE SET; Schema: public; Owner: kieran_user
--

SELECT pg_catalog.setval('public.invitations_teaminvitation_id_seq', 2, true);


--
-- Name: jobs_job_id_seq; Type: SEQUENCE SET; Schema: public; Owner: kieran_user
--

SELECT pg_catalog.setval('public.jobs_job_id_seq', 1, false);


--
-- Name: landscapers_addon_id_seq; Type: SEQUENCE SET; Schema: public; Owner: kieran_user
--

SELECT pg_catalog.setval('public.landscapers_addon_id_seq', 1, false);


--
-- Name: landscapers_businessprofile_id_seq; Type: SEQUENCE SET; Schema: public; Owner: kieran_user
--

SELECT pg_catalog.setval('public.landscapers_businessprofile_id_seq', 1, true);


--
-- Name: landscapers_clientcustomservice_id_seq; Type: SEQUENCE SET; Schema: public; Owner: kieran_user
--

SELECT pg_catalog.setval('public.landscapers_clientcustomservice_id_seq', 1, false);


--
-- Name: landscapers_service_id_seq; Type: SEQUENCE SET; Schema: public; Owner: kieran_user
--

SELECT pg_catalog.setval('public.landscapers_service_id_seq', 15, true);


--
-- Name: landscapers_workinghours_id_seq; Type: SEQUENCE SET; Schema: public; Owner: kieran_user
--

SELECT pg_catalog.setval('public.landscapers_workinghours_id_seq', 7, true);


--
-- Name: message_chatthread_id_seq; Type: SEQUENCE SET; Schema: public; Owner: kieran_user
--

SELECT pg_catalog.setval('public.message_chatthread_id_seq', 5, true);


--
-- Name: message_message_deleted_for_id_seq; Type: SEQUENCE SET; Schema: public; Owner: kieran_user
--

SELECT pg_catalog.setval('public.message_message_deleted_for_id_seq', 1, false);


--
-- Name: message_message_id_seq; Type: SEQUENCE SET; Schema: public; Owner: kieran_user
--

SELECT pg_catalog.setval('public.message_message_id_seq', 5, true);


--
-- Name: notifications_notification_id_seq; Type: SEQUENCE SET; Schema: public; Owner: kieran_user
--

SELECT pg_catalog.setval('public.notifications_notification_id_seq', 1, false);


--
-- Name: notifications_notificationsettings_id_seq; Type: SEQUENCE SET; Schema: public; Owner: kieran_user
--

SELECT pg_catalog.setval('public.notifications_notificationsettings_id_seq', 2, true);


--
-- Name: profiles_adminprofile_id_seq; Type: SEQUENCE SET; Schema: public; Owner: kieran_user
--

SELECT pg_catalog.setval('public.profiles_adminprofile_id_seq', 32, true);


--
-- Name: profiles_clientprofile_id_seq; Type: SEQUENCE SET; Schema: public; Owner: kieran_user
--

SELECT pg_catalog.setval('public.profiles_clientprofile_id_seq', 6, true);


--
-- Name: profiles_landscaperprofile_id_seq; Type: SEQUENCE SET; Schema: public; Owner: kieran_user
--

SELECT pg_catalog.setval('public.profiles_landscaperprofile_id_seq', 1, false);


--
-- Name: profiles_landscaperprofilies_id_seq; Type: SEQUENCE SET; Schema: public; Owner: kieran_user
--

SELECT pg_catalog.setval('public.profiles_landscaperprofilies_id_seq', 24, true);


--
-- Name: profiles_workerprofile_id_seq; Type: SEQUENCE SET; Schema: public; Owner: kieran_user
--

SELECT pg_catalog.setval('public.profiles_workerprofile_id_seq', 1, false);


--
-- Name: property_property_id_seq; Type: SEQUENCE SET; Schema: public; Owner: kieran_user
--

SELECT pg_catalog.setval('public.property_property_id_seq', 12, true);


--
-- Name: reviews_landscaperreview_id_seq; Type: SEQUENCE SET; Schema: public; Owner: kieran_user
--

SELECT pg_catalog.setval('public.reviews_landscaperreview_id_seq', 2, true);


--
-- Name: services_addonservice_id_seq; Type: SEQUENCE SET; Schema: public; Owner: kieran_user
--

SELECT pg_catalog.setval('public.services_addonservice_id_seq', 5, true);


--
-- Name: services_clientservice_id_seq; Type: SEQUENCE SET; Schema: public; Owner: kieran_user
--

SELECT pg_catalog.setval('public.services_clientservice_id_seq', 13, true);


--
-- Name: services_clientservicepreference_id_seq; Type: SEQUENCE SET; Schema: public; Owner: kieran_user
--

SELECT pg_catalog.setval('public.services_clientservicepreference_id_seq', 6, true);


--
-- Name: services_clientservicepreference_services_id_seq; Type: SEQUENCE SET; Schema: public; Owner: kieran_user
--

SELECT pg_catalog.setval('public.services_clientservicepreference_services_id_seq', 2, true);


--
-- Name: services_schedulecompletionimage_id_seq; Type: SEQUENCE SET; Schema: public; Owner: kieran_user
--

SELECT pg_catalog.setval('public.services_schedulecompletionimage_id_seq', 14, true);


--
-- Name: services_serviceschedule_completed_services_id_seq; Type: SEQUENCE SET; Schema: public; Owner: kieran_user
--

SELECT pg_catalog.setval('public.services_serviceschedule_completed_services_id_seq', 1, false);


--
-- Name: services_serviceschedule_id_seq; Type: SEQUENCE SET; Schema: public; Owner: kieran_user
--

SELECT pg_catalog.setval('public.services_serviceschedule_id_seq', 6, true);


--
-- Name: subscriptions_plan_id_seq; Type: SEQUENCE SET; Schema: public; Owner: kieran_user
--

SELECT pg_catalog.setval('public.subscriptions_plan_id_seq', 10, true);


--
-- Name: subscriptions_subscription_id_seq; Type: SEQUENCE SET; Schema: public; Owner: kieran_user
--

SELECT pg_catalog.setval('public.subscriptions_subscription_id_seq', 23, true);


--
-- Name: weather_rainalertsubscription_id_seq; Type: SEQUENCE SET; Schema: public; Owner: kieran_user
--

SELECT pg_catalog.setval('public.weather_rainalertsubscription_id_seq', 6, true);


--
-- Name: accounts_otp accounts_otp_pkey; Type: CONSTRAINT; Schema: public; Owner: kieran_user
--

ALTER TABLE ONLY public.accounts_otp
    ADD CONSTRAINT accounts_otp_pkey PRIMARY KEY (id);


--
-- Name: accounts_user accounts_user_email_key; Type: CONSTRAINT; Schema: public; Owner: kieran_user
--

ALTER TABLE ONLY public.accounts_user
    ADD CONSTRAINT accounts_user_email_key UNIQUE (email);


--
-- Name: accounts_user_groups accounts_user_groups_pkey; Type: CONSTRAINT; Schema: public; Owner: kieran_user
--

ALTER TABLE ONLY public.accounts_user_groups
    ADD CONSTRAINT accounts_user_groups_pkey PRIMARY KEY (id);


--
-- Name: accounts_user_groups accounts_user_groups_user_id_group_id_59c0b32f_uniq; Type: CONSTRAINT; Schema: public; Owner: kieran_user
--

ALTER TABLE ONLY public.accounts_user_groups
    ADD CONSTRAINT accounts_user_groups_user_id_group_id_59c0b32f_uniq UNIQUE (user_id, group_id);


--
-- Name: accounts_user accounts_user_pkey; Type: CONSTRAINT; Schema: public; Owner: kieran_user
--

ALTER TABLE ONLY public.accounts_user
    ADD CONSTRAINT accounts_user_pkey PRIMARY KEY (id);


--
-- Name: accounts_user_user_permissions accounts_user_user_permi_user_id_permission_id_2ab516c2_uniq; Type: CONSTRAINT; Schema: public; Owner: kieran_user
--

ALTER TABLE ONLY public.accounts_user_user_permissions
    ADD CONSTRAINT accounts_user_user_permi_user_id_permission_id_2ab516c2_uniq UNIQUE (user_id, permission_id);


--
-- Name: accounts_user_user_permissions accounts_user_user_permissions_pkey; Type: CONSTRAINT; Schema: public; Owner: kieran_user
--

ALTER TABLE ONLY public.accounts_user_user_permissions
    ADD CONSTRAINT accounts_user_user_permissions_pkey PRIMARY KEY (id);


--
-- Name: accounts_userreport accounts_userreport_pkey; Type: CONSTRAINT; Schema: public; Owner: kieran_user
--

ALTER TABLE ONLY public.accounts_userreport
    ADD CONSTRAINT accounts_userreport_pkey PRIMARY KEY (id);


--
-- Name: auth_group auth_group_name_key; Type: CONSTRAINT; Schema: public; Owner: kieran_user
--

ALTER TABLE ONLY public.auth_group
    ADD CONSTRAINT auth_group_name_key UNIQUE (name);


--
-- Name: auth_group_permissions auth_group_permissions_group_id_permission_id_0cd325b0_uniq; Type: CONSTRAINT; Schema: public; Owner: kieran_user
--

ALTER TABLE ONLY public.auth_group_permissions
    ADD CONSTRAINT auth_group_permissions_group_id_permission_id_0cd325b0_uniq UNIQUE (group_id, permission_id);


--
-- Name: auth_group_permissions auth_group_permissions_pkey; Type: CONSTRAINT; Schema: public; Owner: kieran_user
--

ALTER TABLE ONLY public.auth_group_permissions
    ADD CONSTRAINT auth_group_permissions_pkey PRIMARY KEY (id);


--
-- Name: auth_group auth_group_pkey; Type: CONSTRAINT; Schema: public; Owner: kieran_user
--

ALTER TABLE ONLY public.auth_group
    ADD CONSTRAINT auth_group_pkey PRIMARY KEY (id);


--
-- Name: auth_permission auth_permission_content_type_id_codename_01ab375a_uniq; Type: CONSTRAINT; Schema: public; Owner: kieran_user
--

ALTER TABLE ONLY public.auth_permission
    ADD CONSTRAINT auth_permission_content_type_id_codename_01ab375a_uniq UNIQUE (content_type_id, codename);


--
-- Name: auth_permission auth_permission_pkey; Type: CONSTRAINT; Schema: public; Owner: kieran_user
--

ALTER TABLE ONLY public.auth_permission
    ADD CONSTRAINT auth_permission_pkey PRIMARY KEY (id);


--
-- Name: bookings_servicebooking bookings_servicebooking_pkey; Type: CONSTRAINT; Schema: public; Owner: kieran_user
--

ALTER TABLE ONLY public.bookings_servicebooking
    ADD CONSTRAINT bookings_servicebooking_pkey PRIMARY KEY (id);


--
-- Name: chat_contactmessage chat_contactmessage_pkey; Type: CONSTRAINT; Schema: public; Owner: kieran_user
--

ALTER TABLE ONLY public.chat_contactmessage
    ADD CONSTRAINT chat_contactmessage_pkey PRIMARY KEY (id);


--
-- Name: connections_connectionrequest connections_connectionre_sender_id_receiver_id_9eeb4042_uniq; Type: CONSTRAINT; Schema: public; Owner: kieran_user
--

ALTER TABLE ONLY public.connections_connectionrequest
    ADD CONSTRAINT connections_connectionre_sender_id_receiver_id_9eeb4042_uniq UNIQUE (sender_id, receiver_id);


--
-- Name: connections_connectionrequest connections_connectionrequest_pkey; Type: CONSTRAINT; Schema: public; Owner: kieran_user
--

ALTER TABLE ONLY public.connections_connectionrequest
    ADD CONSTRAINT connections_connectionrequest_pkey PRIMARY KEY (id);


--
-- Name: connections_connectionrequest connections_connectionrequest_schedule_id_key; Type: CONSTRAINT; Schema: public; Owner: kieran_user
--

ALTER TABLE ONLY public.connections_connectionrequest
    ADD CONSTRAINT connections_connectionrequest_schedule_id_key UNIQUE (schedule_id);


--
-- Name: django_admin_log django_admin_log_pkey; Type: CONSTRAINT; Schema: public; Owner: kieran_user
--

ALTER TABLE ONLY public.django_admin_log
    ADD CONSTRAINT django_admin_log_pkey PRIMARY KEY (id);


--
-- Name: django_celery_beat_clockedschedule django_celery_beat_clockedschedule_pkey; Type: CONSTRAINT; Schema: public; Owner: kieran_user
--

ALTER TABLE ONLY public.django_celery_beat_clockedschedule
    ADD CONSTRAINT django_celery_beat_clockedschedule_pkey PRIMARY KEY (id);


--
-- Name: django_celery_beat_crontabschedule django_celery_beat_crontabschedule_pkey; Type: CONSTRAINT; Schema: public; Owner: kieran_user
--

ALTER TABLE ONLY public.django_celery_beat_crontabschedule
    ADD CONSTRAINT django_celery_beat_crontabschedule_pkey PRIMARY KEY (id);


--
-- Name: django_celery_beat_intervalschedule django_celery_beat_intervalschedule_pkey; Type: CONSTRAINT; Schema: public; Owner: kieran_user
--

ALTER TABLE ONLY public.django_celery_beat_intervalschedule
    ADD CONSTRAINT django_celery_beat_intervalschedule_pkey PRIMARY KEY (id);


--
-- Name: django_celery_beat_periodictask django_celery_beat_periodictask_name_key; Type: CONSTRAINT; Schema: public; Owner: kieran_user
--

ALTER TABLE ONLY public.django_celery_beat_periodictask
    ADD CONSTRAINT django_celery_beat_periodictask_name_key UNIQUE (name);


--
-- Name: django_celery_beat_periodictask django_celery_beat_periodictask_pkey; Type: CONSTRAINT; Schema: public; Owner: kieran_user
--

ALTER TABLE ONLY public.django_celery_beat_periodictask
    ADD CONSTRAINT django_celery_beat_periodictask_pkey PRIMARY KEY (id);


--
-- Name: django_celery_beat_periodictasks django_celery_beat_periodictasks_pkey; Type: CONSTRAINT; Schema: public; Owner: kieran_user
--

ALTER TABLE ONLY public.django_celery_beat_periodictasks
    ADD CONSTRAINT django_celery_beat_periodictasks_pkey PRIMARY KEY (ident);


--
-- Name: django_celery_beat_solarschedule django_celery_beat_solar_event_latitude_longitude_ba64999a_uniq; Type: CONSTRAINT; Schema: public; Owner: kieran_user
--

ALTER TABLE ONLY public.django_celery_beat_solarschedule
    ADD CONSTRAINT django_celery_beat_solar_event_latitude_longitude_ba64999a_uniq UNIQUE (event, latitude, longitude);


--
-- Name: django_celery_beat_solarschedule django_celery_beat_solarschedule_pkey; Type: CONSTRAINT; Schema: public; Owner: kieran_user
--

ALTER TABLE ONLY public.django_celery_beat_solarschedule
    ADD CONSTRAINT django_celery_beat_solarschedule_pkey PRIMARY KEY (id);


--
-- Name: django_content_type django_content_type_app_label_model_76bd3d3b_uniq; Type: CONSTRAINT; Schema: public; Owner: kieran_user
--

ALTER TABLE ONLY public.django_content_type
    ADD CONSTRAINT django_content_type_app_label_model_76bd3d3b_uniq UNIQUE (app_label, model);


--
-- Name: django_content_type django_content_type_pkey; Type: CONSTRAINT; Schema: public; Owner: kieran_user
--

ALTER TABLE ONLY public.django_content_type
    ADD CONSTRAINT django_content_type_pkey PRIMARY KEY (id);


--
-- Name: django_migrations django_migrations_pkey; Type: CONSTRAINT; Schema: public; Owner: kieran_user
--

ALTER TABLE ONLY public.django_migrations
    ADD CONSTRAINT django_migrations_pkey PRIMARY KEY (id);


--
-- Name: django_session django_session_pkey; Type: CONSTRAINT; Schema: public; Owner: kieran_user
--

ALTER TABLE ONLY public.django_session
    ADD CONSTRAINT django_session_pkey PRIMARY KEY (session_key);


--
-- Name: invitations_teaminvitation invitations_teaminvitation_pkey; Type: CONSTRAINT; Schema: public; Owner: kieran_user
--

ALTER TABLE ONLY public.invitations_teaminvitation
    ADD CONSTRAINT invitations_teaminvitation_pkey PRIMARY KEY (id);


--
-- Name: invitations_teaminvitation invitations_teaminvitation_token_key; Type: CONSTRAINT; Schema: public; Owner: kieran_user
--

ALTER TABLE ONLY public.invitations_teaminvitation
    ADD CONSTRAINT invitations_teaminvitation_token_key UNIQUE (token);


--
-- Name: jobs_job jobs_job_pkey; Type: CONSTRAINT; Schema: public; Owner: kieran_user
--

ALTER TABLE ONLY public.jobs_job
    ADD CONSTRAINT jobs_job_pkey PRIMARY KEY (id);


--
-- Name: landscapers_addon landscapers_addon_pkey; Type: CONSTRAINT; Schema: public; Owner: kieran_user
--

ALTER TABLE ONLY public.landscapers_addon
    ADD CONSTRAINT landscapers_addon_pkey PRIMARY KEY (id);


--
-- Name: landscapers_businessprofile landscapers_businessprofile_pkey; Type: CONSTRAINT; Schema: public; Owner: kieran_user
--

ALTER TABLE ONLY public.landscapers_businessprofile
    ADD CONSTRAINT landscapers_businessprofile_pkey PRIMARY KEY (id);


--
-- Name: landscapers_businessprofile landscapers_businessprofile_user_id_key; Type: CONSTRAINT; Schema: public; Owner: kieran_user
--

ALTER TABLE ONLY public.landscapers_businessprofile
    ADD CONSTRAINT landscapers_businessprofile_user_id_key UNIQUE (user_id);


--
-- Name: landscapers_clientcustomservice landscapers_clientcustomservice_pkey; Type: CONSTRAINT; Schema: public; Owner: kieran_user
--

ALTER TABLE ONLY public.landscapers_clientcustomservice
    ADD CONSTRAINT landscapers_clientcustomservice_pkey PRIMARY KEY (id);


--
-- Name: landscapers_service landscapers_service_pkey; Type: CONSTRAINT; Schema: public; Owner: kieran_user
--

ALTER TABLE ONLY public.landscapers_service
    ADD CONSTRAINT landscapers_service_pkey PRIMARY KEY (id);


--
-- Name: landscapers_workinghours landscapers_workinghours_landscaper_id_day_3759bd07_uniq; Type: CONSTRAINT; Schema: public; Owner: kieran_user
--

ALTER TABLE ONLY public.landscapers_workinghours
    ADD CONSTRAINT landscapers_workinghours_landscaper_id_day_3759bd07_uniq UNIQUE (landscaper_id, day);


--
-- Name: landscapers_workinghours landscapers_workinghours_pkey; Type: CONSTRAINT; Schema: public; Owner: kieran_user
--

ALTER TABLE ONLY public.landscapers_workinghours
    ADD CONSTRAINT landscapers_workinghours_pkey PRIMARY KEY (id);


--
-- Name: message_chatthread message_chatthread_pkey; Type: CONSTRAINT; Schema: public; Owner: kieran_user
--

ALTER TABLE ONLY public.message_chatthread
    ADD CONSTRAINT message_chatthread_pkey PRIMARY KEY (id);


--
-- Name: message_message_deleted_for message_message_deleted_for_message_id_user_id_3170e1c1_uniq; Type: CONSTRAINT; Schema: public; Owner: kieran_user
--

ALTER TABLE ONLY public.message_message_deleted_for
    ADD CONSTRAINT message_message_deleted_for_message_id_user_id_3170e1c1_uniq UNIQUE (message_id, user_id);


--
-- Name: message_message_deleted_for message_message_deleted_for_pkey; Type: CONSTRAINT; Schema: public; Owner: kieran_user
--

ALTER TABLE ONLY public.message_message_deleted_for
    ADD CONSTRAINT message_message_deleted_for_pkey PRIMARY KEY (id);


--
-- Name: message_message message_message_pkey; Type: CONSTRAINT; Schema: public; Owner: kieran_user
--

ALTER TABLE ONLY public.message_message
    ADD CONSTRAINT message_message_pkey PRIMARY KEY (id);


--
-- Name: notifications_notification notifications_notification_pkey; Type: CONSTRAINT; Schema: public; Owner: kieran_user
--

ALTER TABLE ONLY public.notifications_notification
    ADD CONSTRAINT notifications_notification_pkey PRIMARY KEY (id);


--
-- Name: notifications_notificationsettings notifications_notificationsettings_pkey; Type: CONSTRAINT; Schema: public; Owner: kieran_user
--

ALTER TABLE ONLY public.notifications_notificationsettings
    ADD CONSTRAINT notifications_notificationsettings_pkey PRIMARY KEY (id);


--
-- Name: notifications_notificationsettings notifications_notificationsettings_user_id_key; Type: CONSTRAINT; Schema: public; Owner: kieran_user
--

ALTER TABLE ONLY public.notifications_notificationsettings
    ADD CONSTRAINT notifications_notificationsettings_user_id_key UNIQUE (user_id);


--
-- Name: profiles_adminprofile profiles_adminprofile_pkey; Type: CONSTRAINT; Schema: public; Owner: kieran_user
--

ALTER TABLE ONLY public.profiles_adminprofile
    ADD CONSTRAINT profiles_adminprofile_pkey PRIMARY KEY (id);


--
-- Name: profiles_adminprofile profiles_adminprofile_user_id_key; Type: CONSTRAINT; Schema: public; Owner: kieran_user
--

ALTER TABLE ONLY public.profiles_adminprofile
    ADD CONSTRAINT profiles_adminprofile_user_id_key UNIQUE (user_id);


--
-- Name: profiles_clientprofile profiles_clientprofile_pkey; Type: CONSTRAINT; Schema: public; Owner: kieran_user
--

ALTER TABLE ONLY public.profiles_clientprofile
    ADD CONSTRAINT profiles_clientprofile_pkey PRIMARY KEY (id);


--
-- Name: profiles_clientprofile profiles_clientprofile_user_id_key; Type: CONSTRAINT; Schema: public; Owner: kieran_user
--

ALTER TABLE ONLY public.profiles_clientprofile
    ADD CONSTRAINT profiles_clientprofile_user_id_key UNIQUE (user_id);


--
-- Name: profiles_businessprofile profiles_landscaperprofile_pkey; Type: CONSTRAINT; Schema: public; Owner: kieran_user
--

ALTER TABLE ONLY public.profiles_businessprofile
    ADD CONSTRAINT profiles_landscaperprofile_pkey PRIMARY KEY (id);


--
-- Name: profiles_businessprofile profiles_landscaperprofile_user_id_key; Type: CONSTRAINT; Schema: public; Owner: kieran_user
--

ALTER TABLE ONLY public.profiles_businessprofile
    ADD CONSTRAINT profiles_landscaperprofile_user_id_key UNIQUE (user_id);


--
-- Name: profiles_landscaperprofilies profiles_landscaperprofilies_pkey; Type: CONSTRAINT; Schema: public; Owner: kieran_user
--

ALTER TABLE ONLY public.profiles_landscaperprofilies
    ADD CONSTRAINT profiles_landscaperprofilies_pkey PRIMARY KEY (id);


--
-- Name: profiles_landscaperprofilies profiles_landscaperprofilies_user_id_key; Type: CONSTRAINT; Schema: public; Owner: kieran_user
--

ALTER TABLE ONLY public.profiles_landscaperprofilies
    ADD CONSTRAINT profiles_landscaperprofilies_user_id_key UNIQUE (user_id);


--
-- Name: profiles_workerprofile profiles_workerprofile_pkey; Type: CONSTRAINT; Schema: public; Owner: kieran_user
--

ALTER TABLE ONLY public.profiles_workerprofile
    ADD CONSTRAINT profiles_workerprofile_pkey PRIMARY KEY (id);


--
-- Name: profiles_workerprofile profiles_workerprofile_user_id_key; Type: CONSTRAINT; Schema: public; Owner: kieran_user
--

ALTER TABLE ONLY public.profiles_workerprofile
    ADD CONSTRAINT profiles_workerprofile_user_id_key UNIQUE (user_id);


--
-- Name: property_property property_property_pkey; Type: CONSTRAINT; Schema: public; Owner: kieran_user
--

ALTER TABLE ONLY public.property_property
    ADD CONSTRAINT property_property_pkey PRIMARY KEY (id);


--
-- Name: qr_landscaperqrcode qr_landscaperqrcode_landscaper_id_key; Type: CONSTRAINT; Schema: public; Owner: kieran_user
--

ALTER TABLE ONLY public.qr_landscaperqrcode
    ADD CONSTRAINT qr_landscaperqrcode_landscaper_id_key UNIQUE (landscaper_id);


--
-- Name: qr_landscaperqrcode qr_landscaperqrcode_pkey; Type: CONSTRAINT; Schema: public; Owner: kieran_user
--

ALTER TABLE ONLY public.qr_landscaperqrcode
    ADD CONSTRAINT qr_landscaperqrcode_pkey PRIMARY KEY (id);


--
-- Name: reviews_landscaperreview reviews_landscaperreview_client_id_landscaper_id_c438d3e9_uniq; Type: CONSTRAINT; Schema: public; Owner: kieran_user
--

ALTER TABLE ONLY public.reviews_landscaperreview
    ADD CONSTRAINT reviews_landscaperreview_client_id_landscaper_id_c438d3e9_uniq UNIQUE (client_id, landscaper_id);


--
-- Name: reviews_landscaperreview reviews_landscaperreview_pkey; Type: CONSTRAINT; Schema: public; Owner: kieran_user
--

ALTER TABLE ONLY public.reviews_landscaperreview
    ADD CONSTRAINT reviews_landscaperreview_pkey PRIMARY KEY (id);


--
-- Name: services_addonservice services_addonservice_client_id_name_0b5b548a_uniq; Type: CONSTRAINT; Schema: public; Owner: kieran_user
--

ALTER TABLE ONLY public.services_addonservice
    ADD CONSTRAINT services_addonservice_client_id_name_0b5b548a_uniq UNIQUE (client_id, name);


--
-- Name: services_addonservice services_addonservice_pkey; Type: CONSTRAINT; Schema: public; Owner: kieran_user
--

ALTER TABLE ONLY public.services_addonservice
    ADD CONSTRAINT services_addonservice_pkey PRIMARY KEY (id);


--
-- Name: services_clientservice services_clientservice_landscaper_id_name_00c76721_uniq; Type: CONSTRAINT; Schema: public; Owner: kieran_user
--

ALTER TABLE ONLY public.services_clientservice
    ADD CONSTRAINT services_clientservice_landscaper_id_name_00c76721_uniq UNIQUE (landscaper_id, name);


--
-- Name: services_clientservice services_clientservice_pkey; Type: CONSTRAINT; Schema: public; Owner: kieran_user
--

ALTER TABLE ONLY public.services_clientservice
    ADD CONSTRAINT services_clientservice_pkey PRIMARY KEY (id);


--
-- Name: services_clientservicepreference_services services_clientservicepr_clientservicepreference__7bbbaad8_uniq; Type: CONSTRAINT; Schema: public; Owner: kieran_user
--

ALTER TABLE ONLY public.services_clientservicepreference_services
    ADD CONSTRAINT services_clientservicepr_clientservicepreference__7bbbaad8_uniq UNIQUE (clientservicepreference_id, clientservice_id);


--
-- Name: services_clientservicepreference services_clientservicepreference_client_id_key; Type: CONSTRAINT; Schema: public; Owner: kieran_user
--

ALTER TABLE ONLY public.services_clientservicepreference
    ADD CONSTRAINT services_clientservicepreference_client_id_key UNIQUE (client_id);


--
-- Name: services_clientservicepreference services_clientservicepreference_pkey; Type: CONSTRAINT; Schema: public; Owner: kieran_user
--

ALTER TABLE ONLY public.services_clientservicepreference
    ADD CONSTRAINT services_clientservicepreference_pkey PRIMARY KEY (id);


--
-- Name: services_clientservicepreference_services services_clientservicepreference_services_pkey; Type: CONSTRAINT; Schema: public; Owner: kieran_user
--

ALTER TABLE ONLY public.services_clientservicepreference_services
    ADD CONSTRAINT services_clientservicepreference_services_pkey PRIMARY KEY (id);


--
-- Name: services_schedulecompletionimage services_schedulecompletionimage_pkey; Type: CONSTRAINT; Schema: public; Owner: kieran_user
--

ALTER TABLE ONLY public.services_schedulecompletionimage
    ADD CONSTRAINT services_schedulecompletionimage_pkey PRIMARY KEY (id);


--
-- Name: services_serviceschedule_completed_services services_serviceschedule_completed_services_pkey; Type: CONSTRAINT; Schema: public; Owner: kieran_user
--

ALTER TABLE ONLY public.services_serviceschedule_completed_services
    ADD CONSTRAINT services_serviceschedule_completed_services_pkey PRIMARY KEY (id);


--
-- Name: services_serviceschedule services_serviceschedule_pkey; Type: CONSTRAINT; Schema: public; Owner: kieran_user
--

ALTER TABLE ONLY public.services_serviceschedule
    ADD CONSTRAINT services_serviceschedule_pkey PRIMARY KEY (id);


--
-- Name: services_serviceschedule_completed_services services_serviceschedule_serviceschedule_id_clien_2b565efd_uniq; Type: CONSTRAINT; Schema: public; Owner: kieran_user
--

ALTER TABLE ONLY public.services_serviceschedule_completed_services
    ADD CONSTRAINT services_serviceschedule_serviceschedule_id_clien_2b565efd_uniq UNIQUE (serviceschedule_id, clientservice_id);


--
-- Name: subscriptions_plan subscriptions_plan_pkey; Type: CONSTRAINT; Schema: public; Owner: kieran_user
--

ALTER TABLE ONLY public.subscriptions_plan
    ADD CONSTRAINT subscriptions_plan_pkey PRIMARY KEY (id);


--
-- Name: subscriptions_subscription subscriptions_subscription_pkey; Type: CONSTRAINT; Schema: public; Owner: kieran_user
--

ALTER TABLE ONLY public.subscriptions_subscription
    ADD CONSTRAINT subscriptions_subscription_pkey PRIMARY KEY (id);


--
-- Name: landscapers_addon unique_addon_per_business; Type: CONSTRAINT; Schema: public; Owner: kieran_user
--

ALTER TABLE ONLY public.landscapers_addon
    ADD CONSTRAINT unique_addon_per_business UNIQUE (business_id, name);


--
-- Name: landscapers_clientcustomservice unique_custom_service_per_client; Type: CONSTRAINT; Schema: public; Owner: kieran_user
--

ALTER TABLE ONLY public.landscapers_clientcustomservice
    ADD CONSTRAINT unique_custom_service_per_client UNIQUE (client_id, name);


--
-- Name: weather_rainalertsubscription weather_rainalertsubscription_pkey; Type: CONSTRAINT; Schema: public; Owner: kieran_user
--

ALTER TABLE ONLY public.weather_rainalertsubscription
    ADD CONSTRAINT weather_rainalertsubscription_pkey PRIMARY KEY (id);


--
-- Name: weather_rainalertsubscription weather_rainalertsubscription_user_id_city_3a670330_uniq; Type: CONSTRAINT; Schema: public; Owner: kieran_user
--

ALTER TABLE ONLY public.weather_rainalertsubscription
    ADD CONSTRAINT weather_rainalertsubscription_user_id_city_3a670330_uniq UNIQUE (user_id, city);


--
-- Name: accounts_otp_user_id_7275536e; Type: INDEX; Schema: public; Owner: kieran_user
--

CREATE INDEX accounts_otp_user_id_7275536e ON public.accounts_otp USING btree (user_id);


--
-- Name: accounts_user_email_b2644a56_like; Type: INDEX; Schema: public; Owner: kieran_user
--

CREATE INDEX accounts_user_email_b2644a56_like ON public.accounts_user USING btree (email varchar_pattern_ops);


--
-- Name: accounts_user_groups_group_id_bd11a704; Type: INDEX; Schema: public; Owner: kieran_user
--

CREATE INDEX accounts_user_groups_group_id_bd11a704 ON public.accounts_user_groups USING btree (group_id);


--
-- Name: accounts_user_groups_user_id_52b62117; Type: INDEX; Schema: public; Owner: kieran_user
--

CREATE INDEX accounts_user_groups_user_id_52b62117 ON public.accounts_user_groups USING btree (user_id);


--
-- Name: accounts_user_user_permissions_permission_id_113bb443; Type: INDEX; Schema: public; Owner: kieran_user
--

CREATE INDEX accounts_user_user_permissions_permission_id_113bb443 ON public.accounts_user_user_permissions USING btree (permission_id);


--
-- Name: accounts_user_user_permissions_user_id_e4f0a161; Type: INDEX; Schema: public; Owner: kieran_user
--

CREATE INDEX accounts_user_user_permissions_user_id_e4f0a161 ON public.accounts_user_user_permissions USING btree (user_id);


--
-- Name: accounts_userreport_reported_user_id_434b5e7c; Type: INDEX; Schema: public; Owner: kieran_user
--

CREATE INDEX accounts_userreport_reported_user_id_434b5e7c ON public.accounts_userreport USING btree (reported_user_id);


--
-- Name: accounts_userreport_reporter_id_04f2871c; Type: INDEX; Schema: public; Owner: kieran_user
--

CREATE INDEX accounts_userreport_reporter_id_04f2871c ON public.accounts_userreport USING btree (reporter_id);


--
-- Name: auth_group_name_a6ea08ec_like; Type: INDEX; Schema: public; Owner: kieran_user
--

CREATE INDEX auth_group_name_a6ea08ec_like ON public.auth_group USING btree (name varchar_pattern_ops);


--
-- Name: auth_group_permissions_group_id_b120cbf9; Type: INDEX; Schema: public; Owner: kieran_user
--

CREATE INDEX auth_group_permissions_group_id_b120cbf9 ON public.auth_group_permissions USING btree (group_id);


--
-- Name: auth_group_permissions_permission_id_84c5c92e; Type: INDEX; Schema: public; Owner: kieran_user
--

CREATE INDEX auth_group_permissions_permission_id_84c5c92e ON public.auth_group_permissions USING btree (permission_id);


--
-- Name: auth_permission_content_type_id_2f476e4b; Type: INDEX; Schema: public; Owner: kieran_user
--

CREATE INDEX auth_permission_content_type_id_2f476e4b ON public.auth_permission USING btree (content_type_id);


--
-- Name: bookings_servicebooking_client_id_58b2f54f; Type: INDEX; Schema: public; Owner: kieran_user
--

CREATE INDEX bookings_servicebooking_client_id_58b2f54f ON public.bookings_servicebooking USING btree (client_id);


--
-- Name: bookings_servicebooking_landscaper_id_50e92687; Type: INDEX; Schema: public; Owner: kieran_user
--

CREATE INDEX bookings_servicebooking_landscaper_id_50e92687 ON public.bookings_servicebooking USING btree (landscaper_id);


--
-- Name: bookings_servicebooking_service_id_e6af652d; Type: INDEX; Schema: public; Owner: kieran_user
--

CREATE INDEX bookings_servicebooking_service_id_e6af652d ON public.bookings_servicebooking USING btree (service_id);


--
-- Name: chat_contactmessage_user_id_b969437f; Type: INDEX; Schema: public; Owner: kieran_user
--

CREATE INDEX chat_contactmessage_user_id_b969437f ON public.chat_contactmessage USING btree (user_id);


--
-- Name: connections_connectionrequest_receiver_id_f835a86c; Type: INDEX; Schema: public; Owner: kieran_user
--

CREATE INDEX connections_connectionrequest_receiver_id_f835a86c ON public.connections_connectionrequest USING btree (receiver_id);


--
-- Name: connections_connectionrequest_sender_id_5632de4e; Type: INDEX; Schema: public; Owner: kieran_user
--

CREATE INDEX connections_connectionrequest_sender_id_5632de4e ON public.connections_connectionrequest USING btree (sender_id);


--
-- Name: django_admin_log_content_type_id_c4bce8eb; Type: INDEX; Schema: public; Owner: kieran_user
--

CREATE INDEX django_admin_log_content_type_id_c4bce8eb ON public.django_admin_log USING btree (content_type_id);


--
-- Name: django_admin_log_user_id_c564eba6; Type: INDEX; Schema: public; Owner: kieran_user
--

CREATE INDEX django_admin_log_user_id_c564eba6 ON public.django_admin_log USING btree (user_id);


--
-- Name: django_celery_beat_periodictask_clocked_id_47a69f82; Type: INDEX; Schema: public; Owner: kieran_user
--

CREATE INDEX django_celery_beat_periodictask_clocked_id_47a69f82 ON public.django_celery_beat_periodictask USING btree (clocked_id);


--
-- Name: django_celery_beat_periodictask_crontab_id_d3cba168; Type: INDEX; Schema: public; Owner: kieran_user
--

CREATE INDEX django_celery_beat_periodictask_crontab_id_d3cba168 ON public.django_celery_beat_periodictask USING btree (crontab_id);


--
-- Name: django_celery_beat_periodictask_interval_id_a8ca27da; Type: INDEX; Schema: public; Owner: kieran_user
--

CREATE INDEX django_celery_beat_periodictask_interval_id_a8ca27da ON public.django_celery_beat_periodictask USING btree (interval_id);


--
-- Name: django_celery_beat_periodictask_name_265a36b7_like; Type: INDEX; Schema: public; Owner: kieran_user
--

CREATE INDEX django_celery_beat_periodictask_name_265a36b7_like ON public.django_celery_beat_periodictask USING btree (name varchar_pattern_ops);


--
-- Name: django_celery_beat_periodictask_solar_id_a87ce72c; Type: INDEX; Schema: public; Owner: kieran_user
--

CREATE INDEX django_celery_beat_periodictask_solar_id_a87ce72c ON public.django_celery_beat_periodictask USING btree (solar_id);


--
-- Name: django_session_expire_date_a5c62663; Type: INDEX; Schema: public; Owner: kieran_user
--

CREATE INDEX django_session_expire_date_a5c62663 ON public.django_session USING btree (expire_date);


--
-- Name: django_session_session_key_c0390e0f_like; Type: INDEX; Schema: public; Owner: kieran_user
--

CREATE INDEX django_session_session_key_c0390e0f_like ON public.django_session USING btree (session_key varchar_pattern_ops);


--
-- Name: invitations_teaminvitation_inviter_id_9f3a0fb9; Type: INDEX; Schema: public; Owner: kieran_user
--

CREATE INDEX invitations_teaminvitation_inviter_id_9f3a0fb9 ON public.invitations_teaminvitation USING btree (inviter_id);


--
-- Name: invitations_teaminvitation_landscaper_id_4b38a332; Type: INDEX; Schema: public; Owner: kieran_user
--

CREATE INDEX invitations_teaminvitation_landscaper_id_4b38a332 ON public.invitations_teaminvitation USING btree (landscaper_id);


--
-- Name: jobs_job_client_id_8aaadee3; Type: INDEX; Schema: public; Owner: kieran_user
--

CREATE INDEX jobs_job_client_id_8aaadee3 ON public.jobs_job USING btree (client_id);


--
-- Name: jobs_job_landscaper_id_6be4881d; Type: INDEX; Schema: public; Owner: kieran_user
--

CREATE INDEX jobs_job_landscaper_id_6be4881d ON public.jobs_job USING btree (landscaper_id);


--
-- Name: jobs_job_property_id_77e69c9e; Type: INDEX; Schema: public; Owner: kieran_user
--

CREATE INDEX jobs_job_property_id_77e69c9e ON public.jobs_job USING btree (property_id);


--
-- Name: landscapers_addon_business_id_368e452a; Type: INDEX; Schema: public; Owner: kieran_user
--

CREATE INDEX landscapers_addon_business_id_368e452a ON public.landscapers_addon USING btree (business_id);


--
-- Name: landscapers_busines_b8ec67_idx; Type: INDEX; Schema: public; Owner: kieran_user
--

CREATE INDEX landscapers_busines_b8ec67_idx ON public.landscapers_addon USING btree (business_id);


--
-- Name: landscapers_client__7787d3_idx; Type: INDEX; Schema: public; Owner: kieran_user
--

CREATE INDEX landscapers_client__7787d3_idx ON public.landscapers_clientcustomservice USING btree (client_id);


--
-- Name: landscapers_clientcustomservice_client_id_722c9100; Type: INDEX; Schema: public; Owner: kieran_user
--

CREATE INDEX landscapers_clientcustomservice_client_id_722c9100 ON public.landscapers_clientcustomservice USING btree (client_id);


--
-- Name: landscapers_name_65c35d_idx; Type: INDEX; Schema: public; Owner: kieran_user
--

CREATE INDEX landscapers_name_65c35d_idx ON public.landscapers_addon USING btree (name);


--
-- Name: landscapers_service_landscaper_id_317b8aad; Type: INDEX; Schema: public; Owner: kieran_user
--

CREATE INDEX landscapers_service_landscaper_id_317b8aad ON public.landscapers_service USING btree (landscaper_id);


--
-- Name: landscapers_workinghours_landscaper_id_0f6545f6; Type: INDEX; Schema: public; Owner: kieran_user
--

CREATE INDEX landscapers_workinghours_landscaper_id_0f6545f6 ON public.landscapers_workinghours USING btree (landscaper_id);


--
-- Name: message_chatthread_client_id_a9672711; Type: INDEX; Schema: public; Owner: kieran_user
--

CREATE INDEX message_chatthread_client_id_a9672711 ON public.message_chatthread USING btree (client_id);


--
-- Name: message_chatthread_landscaper_id_88d0dac8; Type: INDEX; Schema: public; Owner: kieran_user
--

CREATE INDEX message_chatthread_landscaper_id_88d0dac8 ON public.message_chatthread USING btree (landscaper_id);


--
-- Name: message_message_deleted_for_message_id_99f68413; Type: INDEX; Schema: public; Owner: kieran_user
--

CREATE INDEX message_message_deleted_for_message_id_99f68413 ON public.message_message_deleted_for USING btree (message_id);


--
-- Name: message_message_deleted_for_user_id_70bfb0ed; Type: INDEX; Schema: public; Owner: kieran_user
--

CREATE INDEX message_message_deleted_for_user_id_70bfb0ed ON public.message_message_deleted_for USING btree (user_id);


--
-- Name: message_message_sender_id_b8690ab2; Type: INDEX; Schema: public; Owner: kieran_user
--

CREATE INDEX message_message_sender_id_b8690ab2 ON public.message_message USING btree (sender_id);


--
-- Name: message_message_thread_id_d1d2e63b; Type: INDEX; Schema: public; Owner: kieran_user
--

CREATE INDEX message_message_thread_id_d1d2e63b ON public.message_message USING btree (thread_id);


--
-- Name: notifications_notification_user_id_b5e8c0ff; Type: INDEX; Schema: public; Owner: kieran_user
--

CREATE INDEX notifications_notification_user_id_b5e8c0ff ON public.notifications_notification USING btree (user_id);


--
-- Name: profiles_landscaperprofilies_plan_id_39d7e605; Type: INDEX; Schema: public; Owner: kieran_user
--

CREATE INDEX profiles_landscaperprofilies_plan_id_39d7e605 ON public.profiles_landscaperprofilies USING btree (plan_id);


--
-- Name: profiles_workerprofile_pro_landscaper_id_7b5b218f; Type: INDEX; Schema: public; Owner: kieran_user
--

CREATE INDEX profiles_workerprofile_pro_landscaper_id_7b5b218f ON public.profiles_workerprofile USING btree (pro_landscaper_id);


--
-- Name: property_property_owner_id_9b775832; Type: INDEX; Schema: public; Owner: kieran_user
--

CREATE INDEX property_property_owner_id_9b775832 ON public.property_property USING btree (owner_id);


--
-- Name: reviews_landscaperreview_client_id_abe5f22e; Type: INDEX; Schema: public; Owner: kieran_user
--

CREATE INDEX reviews_landscaperreview_client_id_abe5f22e ON public.reviews_landscaperreview USING btree (client_id);


--
-- Name: reviews_landscaperreview_landscaper_id_a33e2aab; Type: INDEX; Schema: public; Owner: kieran_user
--

CREATE INDEX reviews_landscaperreview_landscaper_id_a33e2aab ON public.reviews_landscaperreview USING btree (landscaper_id);


--
-- Name: services_addonservice_client_id_3ab788a5; Type: INDEX; Schema: public; Owner: kieran_user
--

CREATE INDEX services_addonservice_client_id_3ab788a5 ON public.services_addonservice USING btree (client_id);


--
-- Name: services_clientservice_landscaper_id_4ad2ee6e; Type: INDEX; Schema: public; Owner: kieran_user
--

CREATE INDEX services_clientservice_landscaper_id_4ad2ee6e ON public.services_clientservice USING btree (landscaper_id);


--
-- Name: services_clientservicepref_clientservice_id_caeac33e; Type: INDEX; Schema: public; Owner: kieran_user
--

CREATE INDEX services_clientservicepref_clientservice_id_caeac33e ON public.services_clientservicepreference_services USING btree (clientservice_id);


--
-- Name: services_clientservicepref_clientservicepreference_id_68c4049e; Type: INDEX; Schema: public; Owner: kieran_user
--

CREATE INDEX services_clientservicepref_clientservicepreference_id_68c4049e ON public.services_clientservicepreference_services USING btree (clientservicepreference_id);


--
-- Name: services_schedulecompletionimage_schedule_id_555be74b; Type: INDEX; Schema: public; Owner: kieran_user
--

CREATE INDEX services_schedulecompletionimage_schedule_id_555be74b ON public.services_schedulecompletionimage USING btree (schedule_id);


--
-- Name: services_serviceschedule_c_clientservice_id_7f926f23; Type: INDEX; Schema: public; Owner: kieran_user
--

CREATE INDEX services_serviceschedule_c_clientservice_id_7f926f23 ON public.services_serviceschedule_completed_services USING btree (clientservice_id);


--
-- Name: services_serviceschedule_c_serviceschedule_id_f0dc4d8f; Type: INDEX; Schema: public; Owner: kieran_user
--

CREATE INDEX services_serviceschedule_c_serviceschedule_id_f0dc4d8f ON public.services_serviceschedule_completed_services USING btree (serviceschedule_id);


--
-- Name: services_serviceschedule_client_id_d4649ddc; Type: INDEX; Schema: public; Owner: kieran_user
--

CREATE INDEX services_serviceschedule_client_id_d4649ddc ON public.services_serviceschedule USING btree (client_id);


--
-- Name: services_serviceschedule_landscaper_id_e4d71f5e; Type: INDEX; Schema: public; Owner: kieran_user
--

CREATE INDEX services_serviceschedule_landscaper_id_e4d71f5e ON public.services_serviceschedule USING btree (landscaper_id);


--
-- Name: services_serviceschedule_service_id_8e8de309; Type: INDEX; Schema: public; Owner: kieran_user
--

CREATE INDEX services_serviceschedule_service_id_8e8de309 ON public.services_serviceschedule USING btree (service_id);


--
-- Name: subscriptions_subscription_plan_id_2c895107; Type: INDEX; Schema: public; Owner: kieran_user
--

CREATE INDEX subscriptions_subscription_plan_id_2c895107 ON public.subscriptions_subscription USING btree (plan_id);


--
-- Name: subscriptions_subscription_user_id_a353e93d; Type: INDEX; Schema: public; Owner: kieran_user
--

CREATE INDEX subscriptions_subscription_user_id_a353e93d ON public.subscriptions_subscription USING btree (user_id);


--
-- Name: weather_rainalertsubscription_user_id_b1cf564c; Type: INDEX; Schema: public; Owner: kieran_user
--

CREATE INDEX weather_rainalertsubscription_user_id_b1cf564c ON public.weather_rainalertsubscription USING btree (user_id);


--
-- Name: accounts_otp accounts_otp_user_id_7275536e_fk_accounts_user_id; Type: FK CONSTRAINT; Schema: public; Owner: kieran_user
--

ALTER TABLE ONLY public.accounts_otp
    ADD CONSTRAINT accounts_otp_user_id_7275536e_fk_accounts_user_id FOREIGN KEY (user_id) REFERENCES public.accounts_user(id) DEFERRABLE INITIALLY DEFERRED;


--
-- Name: accounts_user_groups accounts_user_groups_group_id_bd11a704_fk_auth_group_id; Type: FK CONSTRAINT; Schema: public; Owner: kieran_user
--

ALTER TABLE ONLY public.accounts_user_groups
    ADD CONSTRAINT accounts_user_groups_group_id_bd11a704_fk_auth_group_id FOREIGN KEY (group_id) REFERENCES public.auth_group(id) DEFERRABLE INITIALLY DEFERRED;


--
-- Name: accounts_user_groups accounts_user_groups_user_id_52b62117_fk_accounts_user_id; Type: FK CONSTRAINT; Schema: public; Owner: kieran_user
--

ALTER TABLE ONLY public.accounts_user_groups
    ADD CONSTRAINT accounts_user_groups_user_id_52b62117_fk_accounts_user_id FOREIGN KEY (user_id) REFERENCES public.accounts_user(id) DEFERRABLE INITIALLY DEFERRED;


--
-- Name: accounts_user_user_permissions accounts_user_user_p_permission_id_113bb443_fk_auth_perm; Type: FK CONSTRAINT; Schema: public; Owner: kieran_user
--

ALTER TABLE ONLY public.accounts_user_user_permissions
    ADD CONSTRAINT accounts_user_user_p_permission_id_113bb443_fk_auth_perm FOREIGN KEY (permission_id) REFERENCES public.auth_permission(id) DEFERRABLE INITIALLY DEFERRED;


--
-- Name: accounts_user_user_permissions accounts_user_user_p_user_id_e4f0a161_fk_accounts_; Type: FK CONSTRAINT; Schema: public; Owner: kieran_user
--

ALTER TABLE ONLY public.accounts_user_user_permissions
    ADD CONSTRAINT accounts_user_user_p_user_id_e4f0a161_fk_accounts_ FOREIGN KEY (user_id) REFERENCES public.accounts_user(id) DEFERRABLE INITIALLY DEFERRED;


--
-- Name: accounts_userreport accounts_userreport_reported_user_id_434b5e7c_fk_accounts_; Type: FK CONSTRAINT; Schema: public; Owner: kieran_user
--

ALTER TABLE ONLY public.accounts_userreport
    ADD CONSTRAINT accounts_userreport_reported_user_id_434b5e7c_fk_accounts_ FOREIGN KEY (reported_user_id) REFERENCES public.accounts_user(id) DEFERRABLE INITIALLY DEFERRED;


--
-- Name: accounts_userreport accounts_userreport_reporter_id_04f2871c_fk_accounts_user_id; Type: FK CONSTRAINT; Schema: public; Owner: kieran_user
--

ALTER TABLE ONLY public.accounts_userreport
    ADD CONSTRAINT accounts_userreport_reporter_id_04f2871c_fk_accounts_user_id FOREIGN KEY (reporter_id) REFERENCES public.accounts_user(id) DEFERRABLE INITIALLY DEFERRED;


--
-- Name: auth_group_permissions auth_group_permissio_permission_id_84c5c92e_fk_auth_perm; Type: FK CONSTRAINT; Schema: public; Owner: kieran_user
--

ALTER TABLE ONLY public.auth_group_permissions
    ADD CONSTRAINT auth_group_permissio_permission_id_84c5c92e_fk_auth_perm FOREIGN KEY (permission_id) REFERENCES public.auth_permission(id) DEFERRABLE INITIALLY DEFERRED;


--
-- Name: auth_group_permissions auth_group_permissions_group_id_b120cbf9_fk_auth_group_id; Type: FK CONSTRAINT; Schema: public; Owner: kieran_user
--

ALTER TABLE ONLY public.auth_group_permissions
    ADD CONSTRAINT auth_group_permissions_group_id_b120cbf9_fk_auth_group_id FOREIGN KEY (group_id) REFERENCES public.auth_group(id) DEFERRABLE INITIALLY DEFERRED;


--
-- Name: auth_permission auth_permission_content_type_id_2f476e4b_fk_django_co; Type: FK CONSTRAINT; Schema: public; Owner: kieran_user
--

ALTER TABLE ONLY public.auth_permission
    ADD CONSTRAINT auth_permission_content_type_id_2f476e4b_fk_django_co FOREIGN KEY (content_type_id) REFERENCES public.django_content_type(id) DEFERRABLE INITIALLY DEFERRED;


--
-- Name: bookings_servicebooking bookings_servicebook_landscaper_id_50e92687_fk_landscape; Type: FK CONSTRAINT; Schema: public; Owner: kieran_user
--

ALTER TABLE ONLY public.bookings_servicebooking
    ADD CONSTRAINT bookings_servicebook_landscaper_id_50e92687_fk_landscape FOREIGN KEY (landscaper_id) REFERENCES public.landscapers_businessprofile(id) DEFERRABLE INITIALLY DEFERRED;


--
-- Name: bookings_servicebooking bookings_servicebook_service_id_e6af652d_fk_services_; Type: FK CONSTRAINT; Schema: public; Owner: kieran_user
--

ALTER TABLE ONLY public.bookings_servicebooking
    ADD CONSTRAINT bookings_servicebook_service_id_e6af652d_fk_services_ FOREIGN KEY (service_id) REFERENCES public.services_clientservice(id) DEFERRABLE INITIALLY DEFERRED;


--
-- Name: bookings_servicebooking bookings_servicebooking_client_id_58b2f54f_fk_accounts_user_id; Type: FK CONSTRAINT; Schema: public; Owner: kieran_user
--

ALTER TABLE ONLY public.bookings_servicebooking
    ADD CONSTRAINT bookings_servicebooking_client_id_58b2f54f_fk_accounts_user_id FOREIGN KEY (client_id) REFERENCES public.accounts_user(id) DEFERRABLE INITIALLY DEFERRED;


--
-- Name: chat_contactmessage chat_contactmessage_user_id_b969437f_fk_accounts_user_id; Type: FK CONSTRAINT; Schema: public; Owner: kieran_user
--

ALTER TABLE ONLY public.chat_contactmessage
    ADD CONSTRAINT chat_contactmessage_user_id_b969437f_fk_accounts_user_id FOREIGN KEY (user_id) REFERENCES public.accounts_user(id) DEFERRABLE INITIALLY DEFERRED;


--
-- Name: connections_connectionrequest connections_connecti_receiver_id_f835a86c_fk_accounts_; Type: FK CONSTRAINT; Schema: public; Owner: kieran_user
--

ALTER TABLE ONLY public.connections_connectionrequest
    ADD CONSTRAINT connections_connecti_receiver_id_f835a86c_fk_accounts_ FOREIGN KEY (receiver_id) REFERENCES public.accounts_user(id) DEFERRABLE INITIALLY DEFERRED;


--
-- Name: connections_connectionrequest connections_connecti_schedule_id_3aea0215_fk_services_; Type: FK CONSTRAINT; Schema: public; Owner: kieran_user
--

ALTER TABLE ONLY public.connections_connectionrequest
    ADD CONSTRAINT connections_connecti_schedule_id_3aea0215_fk_services_ FOREIGN KEY (schedule_id) REFERENCES public.services_serviceschedule(id) DEFERRABLE INITIALLY DEFERRED;


--
-- Name: connections_connectionrequest connections_connecti_sender_id_5632de4e_fk_accounts_; Type: FK CONSTRAINT; Schema: public; Owner: kieran_user
--

ALTER TABLE ONLY public.connections_connectionrequest
    ADD CONSTRAINT connections_connecti_sender_id_5632de4e_fk_accounts_ FOREIGN KEY (sender_id) REFERENCES public.accounts_user(id) DEFERRABLE INITIALLY DEFERRED;


--
-- Name: django_admin_log django_admin_log_content_type_id_c4bce8eb_fk_django_co; Type: FK CONSTRAINT; Schema: public; Owner: kieran_user
--

ALTER TABLE ONLY public.django_admin_log
    ADD CONSTRAINT django_admin_log_content_type_id_c4bce8eb_fk_django_co FOREIGN KEY (content_type_id) REFERENCES public.django_content_type(id) DEFERRABLE INITIALLY DEFERRED;


--
-- Name: django_admin_log django_admin_log_user_id_c564eba6_fk_accounts_user_id; Type: FK CONSTRAINT; Schema: public; Owner: kieran_user
--

ALTER TABLE ONLY public.django_admin_log
    ADD CONSTRAINT django_admin_log_user_id_c564eba6_fk_accounts_user_id FOREIGN KEY (user_id) REFERENCES public.accounts_user(id) DEFERRABLE INITIALLY DEFERRED;


--
-- Name: django_celery_beat_periodictask django_celery_beat_p_clocked_id_47a69f82_fk_django_ce; Type: FK CONSTRAINT; Schema: public; Owner: kieran_user
--

ALTER TABLE ONLY public.django_celery_beat_periodictask
    ADD CONSTRAINT django_celery_beat_p_clocked_id_47a69f82_fk_django_ce FOREIGN KEY (clocked_id) REFERENCES public.django_celery_beat_clockedschedule(id) DEFERRABLE INITIALLY DEFERRED;


--
-- Name: django_celery_beat_periodictask django_celery_beat_p_crontab_id_d3cba168_fk_django_ce; Type: FK CONSTRAINT; Schema: public; Owner: kieran_user
--

ALTER TABLE ONLY public.django_celery_beat_periodictask
    ADD CONSTRAINT django_celery_beat_p_crontab_id_d3cba168_fk_django_ce FOREIGN KEY (crontab_id) REFERENCES public.django_celery_beat_crontabschedule(id) DEFERRABLE INITIALLY DEFERRED;


--
-- Name: django_celery_beat_periodictask django_celery_beat_p_interval_id_a8ca27da_fk_django_ce; Type: FK CONSTRAINT; Schema: public; Owner: kieran_user
--

ALTER TABLE ONLY public.django_celery_beat_periodictask
    ADD CONSTRAINT django_celery_beat_p_interval_id_a8ca27da_fk_django_ce FOREIGN KEY (interval_id) REFERENCES public.django_celery_beat_intervalschedule(id) DEFERRABLE INITIALLY DEFERRED;


--
-- Name: django_celery_beat_periodictask django_celery_beat_p_solar_id_a87ce72c_fk_django_ce; Type: FK CONSTRAINT; Schema: public; Owner: kieran_user
--

ALTER TABLE ONLY public.django_celery_beat_periodictask
    ADD CONSTRAINT django_celery_beat_p_solar_id_a87ce72c_fk_django_ce FOREIGN KEY (solar_id) REFERENCES public.django_celery_beat_solarschedule(id) DEFERRABLE INITIALLY DEFERRED;


--
-- Name: invitations_teaminvitation invitations_teaminvi_inviter_id_9f3a0fb9_fk_accounts_; Type: FK CONSTRAINT; Schema: public; Owner: kieran_user
--

ALTER TABLE ONLY public.invitations_teaminvitation
    ADD CONSTRAINT invitations_teaminvi_inviter_id_9f3a0fb9_fk_accounts_ FOREIGN KEY (inviter_id) REFERENCES public.accounts_user(id) DEFERRABLE INITIALLY DEFERRED;


--
-- Name: invitations_teaminvitation invitations_teaminvi_landscaper_id_4b38a332_fk_landscape; Type: FK CONSTRAINT; Schema: public; Owner: kieran_user
--

ALTER TABLE ONLY public.invitations_teaminvitation
    ADD CONSTRAINT invitations_teaminvi_landscaper_id_4b38a332_fk_landscape FOREIGN KEY (landscaper_id) REFERENCES public.landscapers_businessprofile(id) DEFERRABLE INITIALLY DEFERRED;


--
-- Name: jobs_job jobs_job_client_id_8aaadee3_fk_accounts_user_id; Type: FK CONSTRAINT; Schema: public; Owner: kieran_user
--

ALTER TABLE ONLY public.jobs_job
    ADD CONSTRAINT jobs_job_client_id_8aaadee3_fk_accounts_user_id FOREIGN KEY (client_id) REFERENCES public.accounts_user(id) DEFERRABLE INITIALLY DEFERRED;


--
-- Name: jobs_job jobs_job_landscaper_id_6be4881d_fk_accounts_user_id; Type: FK CONSTRAINT; Schema: public; Owner: kieran_user
--

ALTER TABLE ONLY public.jobs_job
    ADD CONSTRAINT jobs_job_landscaper_id_6be4881d_fk_accounts_user_id FOREIGN KEY (landscaper_id) REFERENCES public.accounts_user(id) DEFERRABLE INITIALLY DEFERRED;


--
-- Name: jobs_job jobs_job_property_id_77e69c9e_fk_property_property_id; Type: FK CONSTRAINT; Schema: public; Owner: kieran_user
--

ALTER TABLE ONLY public.jobs_job
    ADD CONSTRAINT jobs_job_property_id_77e69c9e_fk_property_property_id FOREIGN KEY (property_id) REFERENCES public.property_property(id) DEFERRABLE INITIALLY DEFERRED;


--
-- Name: landscapers_addon landscapers_addon_business_id_368e452a_fk_profiles_; Type: FK CONSTRAINT; Schema: public; Owner: kieran_user
--

ALTER TABLE ONLY public.landscapers_addon
    ADD CONSTRAINT landscapers_addon_business_id_368e452a_fk_profiles_ FOREIGN KEY (business_id) REFERENCES public.profiles_landscaperprofilies(id) DEFERRABLE INITIALLY DEFERRED;


--
-- Name: landscapers_businessprofile landscapers_business_user_id_bc3416f6_fk_accounts_; Type: FK CONSTRAINT; Schema: public; Owner: kieran_user
--

ALTER TABLE ONLY public.landscapers_businessprofile
    ADD CONSTRAINT landscapers_business_user_id_bc3416f6_fk_accounts_ FOREIGN KEY (user_id) REFERENCES public.accounts_user(id) DEFERRABLE INITIALLY DEFERRED;


--
-- Name: landscapers_clientcustomservice landscapers_clientcu_client_id_722c9100_fk_profiles_; Type: FK CONSTRAINT; Schema: public; Owner: kieran_user
--

ALTER TABLE ONLY public.landscapers_clientcustomservice
    ADD CONSTRAINT landscapers_clientcu_client_id_722c9100_fk_profiles_ FOREIGN KEY (client_id) REFERENCES public.profiles_clientprofile(id) DEFERRABLE INITIALLY DEFERRED;


--
-- Name: landscapers_service landscapers_service_business_id_fk; Type: FK CONSTRAINT; Schema: public; Owner: kieran_user
--

ALTER TABLE ONLY public.landscapers_service
    ADD CONSTRAINT landscapers_service_business_id_fk FOREIGN KEY (business_id) REFERENCES public.landscapers_businessprofile(id);


--
-- Name: landscapers_service landscapers_service_landscaper_id_317b8aad_fk_accounts_user_id; Type: FK CONSTRAINT; Schema: public; Owner: kieran_user
--

ALTER TABLE ONLY public.landscapers_service
    ADD CONSTRAINT landscapers_service_landscaper_id_317b8aad_fk_accounts_user_id FOREIGN KEY (landscaper_id) REFERENCES public.accounts_user(id) DEFERRABLE INITIALLY DEFERRED;


--
-- Name: landscapers_workinghours landscapers_workingh_landscaper_id_0f6545f6_fk_landscape; Type: FK CONSTRAINT; Schema: public; Owner: kieran_user
--

ALTER TABLE ONLY public.landscapers_workinghours
    ADD CONSTRAINT landscapers_workingh_landscaper_id_0f6545f6_fk_landscape FOREIGN KEY (landscaper_id) REFERENCES public.landscapers_businessprofile(id) DEFERRABLE INITIALLY DEFERRED;


--
-- Name: message_chatthread message_chatthread_client_id_a9672711_fk_accounts_user_id; Type: FK CONSTRAINT; Schema: public; Owner: kieran_user
--

ALTER TABLE ONLY public.message_chatthread
    ADD CONSTRAINT message_chatthread_client_id_a9672711_fk_accounts_user_id FOREIGN KEY (client_id) REFERENCES public.accounts_user(id) DEFERRABLE INITIALLY DEFERRED;


--
-- Name: message_chatthread message_chatthread_landscaper_id_88d0dac8_fk_accounts_user_id; Type: FK CONSTRAINT; Schema: public; Owner: kieran_user
--

ALTER TABLE ONLY public.message_chatthread
    ADD CONSTRAINT message_chatthread_landscaper_id_88d0dac8_fk_accounts_user_id FOREIGN KEY (landscaper_id) REFERENCES public.accounts_user(id) DEFERRABLE INITIALLY DEFERRED;


--
-- Name: message_message_deleted_for message_message_dele_message_id_99f68413_fk_message_m; Type: FK CONSTRAINT; Schema: public; Owner: kieran_user
--

ALTER TABLE ONLY public.message_message_deleted_for
    ADD CONSTRAINT message_message_dele_message_id_99f68413_fk_message_m FOREIGN KEY (message_id) REFERENCES public.message_message(id) DEFERRABLE INITIALLY DEFERRED;


--
-- Name: message_message_deleted_for message_message_dele_user_id_70bfb0ed_fk_accounts_; Type: FK CONSTRAINT; Schema: public; Owner: kieran_user
--

ALTER TABLE ONLY public.message_message_deleted_for
    ADD CONSTRAINT message_message_dele_user_id_70bfb0ed_fk_accounts_ FOREIGN KEY (user_id) REFERENCES public.accounts_user(id) DEFERRABLE INITIALLY DEFERRED;


--
-- Name: message_message message_message_sender_id_b8690ab2_fk_accounts_user_id; Type: FK CONSTRAINT; Schema: public; Owner: kieran_user
--

ALTER TABLE ONLY public.message_message
    ADD CONSTRAINT message_message_sender_id_b8690ab2_fk_accounts_user_id FOREIGN KEY (sender_id) REFERENCES public.accounts_user(id) DEFERRABLE INITIALLY DEFERRED;


--
-- Name: message_message message_message_thread_id_d1d2e63b_fk_message_chatthread_id; Type: FK CONSTRAINT; Schema: public; Owner: kieran_user
--

ALTER TABLE ONLY public.message_message
    ADD CONSTRAINT message_message_thread_id_d1d2e63b_fk_message_chatthread_id FOREIGN KEY (thread_id) REFERENCES public.message_chatthread(id) DEFERRABLE INITIALLY DEFERRED;


--
-- Name: notifications_notificationsettings notifications_notifi_user_id_c4c88296_fk_accounts_; Type: FK CONSTRAINT; Schema: public; Owner: kieran_user
--

ALTER TABLE ONLY public.notifications_notificationsettings
    ADD CONSTRAINT notifications_notifi_user_id_c4c88296_fk_accounts_ FOREIGN KEY (user_id) REFERENCES public.accounts_user(id) DEFERRABLE INITIALLY DEFERRED;


--
-- Name: notifications_notification notifications_notification_user_id_b5e8c0ff_fk_accounts_user_id; Type: FK CONSTRAINT; Schema: public; Owner: kieran_user
--

ALTER TABLE ONLY public.notifications_notification
    ADD CONSTRAINT notifications_notification_user_id_b5e8c0ff_fk_accounts_user_id FOREIGN KEY (user_id) REFERENCES public.accounts_user(id) DEFERRABLE INITIALLY DEFERRED;


--
-- Name: profiles_adminprofile profiles_adminprofile_user_id_851df483_fk_accounts_user_id; Type: FK CONSTRAINT; Schema: public; Owner: kieran_user
--

ALTER TABLE ONLY public.profiles_adminprofile
    ADD CONSTRAINT profiles_adminprofile_user_id_851df483_fk_accounts_user_id FOREIGN KEY (user_id) REFERENCES public.accounts_user(id) DEFERRABLE INITIALLY DEFERRED;


--
-- Name: profiles_clientprofile profiles_clientprofile_user_id_e759b49e_fk_accounts_user_id; Type: FK CONSTRAINT; Schema: public; Owner: kieran_user
--

ALTER TABLE ONLY public.profiles_clientprofile
    ADD CONSTRAINT profiles_clientprofile_user_id_e759b49e_fk_accounts_user_id FOREIGN KEY (user_id) REFERENCES public.accounts_user(id) DEFERRABLE INITIALLY DEFERRED;


--
-- Name: profiles_landscaperprofilies profiles_landscaperp_plan_id_39d7e605_fk_subscript; Type: FK CONSTRAINT; Schema: public; Owner: kieran_user
--

ALTER TABLE ONLY public.profiles_landscaperprofilies
    ADD CONSTRAINT profiles_landscaperp_plan_id_39d7e605_fk_subscript FOREIGN KEY (plan_id) REFERENCES public.subscriptions_plan(id) DEFERRABLE INITIALLY DEFERRED;


--
-- Name: profiles_landscaperprofilies profiles_landscaperp_user_id_eed6db70_fk_accounts_; Type: FK CONSTRAINT; Schema: public; Owner: kieran_user
--

ALTER TABLE ONLY public.profiles_landscaperprofilies
    ADD CONSTRAINT profiles_landscaperp_user_id_eed6db70_fk_accounts_ FOREIGN KEY (user_id) REFERENCES public.accounts_user(id) DEFERRABLE INITIALLY DEFERRED;


--
-- Name: profiles_businessprofile profiles_landscaperprofile_user_id_13ce75fd_fk_accounts_user_id; Type: FK CONSTRAINT; Schema: public; Owner: kieran_user
--

ALTER TABLE ONLY public.profiles_businessprofile
    ADD CONSTRAINT profiles_landscaperprofile_user_id_13ce75fd_fk_accounts_user_id FOREIGN KEY (user_id) REFERENCES public.accounts_user(id) DEFERRABLE INITIALLY DEFERRED;


--
-- Name: profiles_workerprofile profiles_workerprofi_pro_landscaper_id_7b5b218f_fk_landscape; Type: FK CONSTRAINT; Schema: public; Owner: kieran_user
--

ALTER TABLE ONLY public.profiles_workerprofile
    ADD CONSTRAINT profiles_workerprofi_pro_landscaper_id_7b5b218f_fk_landscape FOREIGN KEY (pro_landscaper_id) REFERENCES public.landscapers_businessprofile(id) DEFERRABLE INITIALLY DEFERRED;


--
-- Name: profiles_workerprofile profiles_workerprofile_user_id_9a3edb7f_fk_accounts_user_id; Type: FK CONSTRAINT; Schema: public; Owner: kieran_user
--

ALTER TABLE ONLY public.profiles_workerprofile
    ADD CONSTRAINT profiles_workerprofile_user_id_9a3edb7f_fk_accounts_user_id FOREIGN KEY (user_id) REFERENCES public.accounts_user(id) DEFERRABLE INITIALLY DEFERRED;


--
-- Name: property_property property_property_owner_id_9b775832_fk_accounts_user_id; Type: FK CONSTRAINT; Schema: public; Owner: kieran_user
--

ALTER TABLE ONLY public.property_property
    ADD CONSTRAINT property_property_owner_id_9b775832_fk_accounts_user_id FOREIGN KEY (owner_id) REFERENCES public.accounts_user(id) DEFERRABLE INITIALLY DEFERRED;


--
-- Name: qr_landscaperqrcode qr_landscaperqrcode_landscaper_id_f6d96304_fk_landscape; Type: FK CONSTRAINT; Schema: public; Owner: kieran_user
--

ALTER TABLE ONLY public.qr_landscaperqrcode
    ADD CONSTRAINT qr_landscaperqrcode_landscaper_id_f6d96304_fk_landscape FOREIGN KEY (landscaper_id) REFERENCES public.landscapers_businessprofile(id) DEFERRABLE INITIALLY DEFERRED;


--
-- Name: reviews_landscaperreview reviews_landscaperre_landscaper_id_a33e2aab_fk_accounts_; Type: FK CONSTRAINT; Schema: public; Owner: kieran_user
--

ALTER TABLE ONLY public.reviews_landscaperreview
    ADD CONSTRAINT reviews_landscaperre_landscaper_id_a33e2aab_fk_accounts_ FOREIGN KEY (landscaper_id) REFERENCES public.accounts_user(id) DEFERRABLE INITIALLY DEFERRED;


--
-- Name: reviews_landscaperreview reviews_landscaperreview_client_id_abe5f22e_fk_accounts_user_id; Type: FK CONSTRAINT; Schema: public; Owner: kieran_user
--

ALTER TABLE ONLY public.reviews_landscaperreview
    ADD CONSTRAINT reviews_landscaperreview_client_id_abe5f22e_fk_accounts_user_id FOREIGN KEY (client_id) REFERENCES public.accounts_user(id) DEFERRABLE INITIALLY DEFERRED;


--
-- Name: services_addonservice services_addonservice_client_id_3ab788a5_fk_accounts_user_id; Type: FK CONSTRAINT; Schema: public; Owner: kieran_user
--

ALTER TABLE ONLY public.services_addonservice
    ADD CONSTRAINT services_addonservice_client_id_3ab788a5_fk_accounts_user_id FOREIGN KEY (client_id) REFERENCES public.accounts_user(id) DEFERRABLE INITIALLY DEFERRED;


--
-- Name: services_clientservicepreference services_clientservi_client_id_49469cc4_fk_profiles_; Type: FK CONSTRAINT; Schema: public; Owner: kieran_user
--

ALTER TABLE ONLY public.services_clientservicepreference
    ADD CONSTRAINT services_clientservi_client_id_49469cc4_fk_profiles_ FOREIGN KEY (client_id) REFERENCES public.profiles_clientprofile(id) DEFERRABLE INITIALLY DEFERRED;


--
-- Name: services_clientservicepreference_services services_clientservi_clientservice_id_caeac33e_fk_services_; Type: FK CONSTRAINT; Schema: public; Owner: kieran_user
--

ALTER TABLE ONLY public.services_clientservicepreference_services
    ADD CONSTRAINT services_clientservi_clientservice_id_caeac33e_fk_services_ FOREIGN KEY (clientservice_id) REFERENCES public.services_clientservice(id) DEFERRABLE INITIALLY DEFERRED;


--
-- Name: services_clientservicepreference_services services_clientservi_clientserviceprefere_68c4049e_fk_services_; Type: FK CONSTRAINT; Schema: public; Owner: kieran_user
--

ALTER TABLE ONLY public.services_clientservicepreference_services
    ADD CONSTRAINT services_clientservi_clientserviceprefere_68c4049e_fk_services_ FOREIGN KEY (clientservicepreference_id) REFERENCES public.services_clientservicepreference(id) DEFERRABLE INITIALLY DEFERRED;


--
-- Name: services_clientservice services_clientservi_landscaper_id_4ad2ee6e_fk_profiles_; Type: FK CONSTRAINT; Schema: public; Owner: kieran_user
--

ALTER TABLE ONLY public.services_clientservice
    ADD CONSTRAINT services_clientservi_landscaper_id_4ad2ee6e_fk_profiles_ FOREIGN KEY (landscaper_id) REFERENCES public.profiles_landscaperprofilies(id) DEFERRABLE INITIALLY DEFERRED;


--
-- Name: services_schedulecompletionimage services_schedulecom_schedule_id_555be74b_fk_services_; Type: FK CONSTRAINT; Schema: public; Owner: kieran_user
--

ALTER TABLE ONLY public.services_schedulecompletionimage
    ADD CONSTRAINT services_schedulecom_schedule_id_555be74b_fk_services_ FOREIGN KEY (schedule_id) REFERENCES public.services_serviceschedule(id) DEFERRABLE INITIALLY DEFERRED;


--
-- Name: services_serviceschedule services_servicesche_client_id_d4649ddc_fk_profiles_; Type: FK CONSTRAINT; Schema: public; Owner: kieran_user
--

ALTER TABLE ONLY public.services_serviceschedule
    ADD CONSTRAINT services_servicesche_client_id_d4649ddc_fk_profiles_ FOREIGN KEY (client_id) REFERENCES public.profiles_clientprofile(id) DEFERRABLE INITIALLY DEFERRED;


--
-- Name: services_serviceschedule_completed_services services_servicesche_clientservice_id_7f926f23_fk_services_; Type: FK CONSTRAINT; Schema: public; Owner: kieran_user
--

ALTER TABLE ONLY public.services_serviceschedule_completed_services
    ADD CONSTRAINT services_servicesche_clientservice_id_7f926f23_fk_services_ FOREIGN KEY (clientservice_id) REFERENCES public.services_clientservice(id) DEFERRABLE INITIALLY DEFERRED;


--
-- Name: services_serviceschedule services_servicesche_landscaper_id_e4d71f5e_fk_profiles_; Type: FK CONSTRAINT; Schema: public; Owner: kieran_user
--

ALTER TABLE ONLY public.services_serviceschedule
    ADD CONSTRAINT services_servicesche_landscaper_id_e4d71f5e_fk_profiles_ FOREIGN KEY (landscaper_id) REFERENCES public.profiles_landscaperprofilies(id) DEFERRABLE INITIALLY DEFERRED;


--
-- Name: services_serviceschedule services_servicesche_service_id_8e8de309_fk_services_; Type: FK CONSTRAINT; Schema: public; Owner: kieran_user
--

ALTER TABLE ONLY public.services_serviceschedule
    ADD CONSTRAINT services_servicesche_service_id_8e8de309_fk_services_ FOREIGN KEY (service_id) REFERENCES public.services_clientservice(id) DEFERRABLE INITIALLY DEFERRED;


--
-- Name: services_serviceschedule_completed_services services_servicesche_serviceschedule_id_f0dc4d8f_fk_services_; Type: FK CONSTRAINT; Schema: public; Owner: kieran_user
--

ALTER TABLE ONLY public.services_serviceschedule_completed_services
    ADD CONSTRAINT services_servicesche_serviceschedule_id_f0dc4d8f_fk_services_ FOREIGN KEY (serviceschedule_id) REFERENCES public.services_serviceschedule(id) DEFERRABLE INITIALLY DEFERRED;


--
-- Name: subscriptions_subscription subscriptions_subscr_plan_id_2c895107_fk_subscript; Type: FK CONSTRAINT; Schema: public; Owner: kieran_user
--

ALTER TABLE ONLY public.subscriptions_subscription
    ADD CONSTRAINT subscriptions_subscr_plan_id_2c895107_fk_subscript FOREIGN KEY (plan_id) REFERENCES public.subscriptions_plan(id) DEFERRABLE INITIALLY DEFERRED;


--
-- Name: subscriptions_subscription subscriptions_subscription_user_id_a353e93d_fk_accounts_user_id; Type: FK CONSTRAINT; Schema: public; Owner: kieran_user
--

ALTER TABLE ONLY public.subscriptions_subscription
    ADD CONSTRAINT subscriptions_subscription_user_id_a353e93d_fk_accounts_user_id FOREIGN KEY (user_id) REFERENCES public.accounts_user(id) DEFERRABLE INITIALLY DEFERRED;


--
-- Name: weather_rainalertsubscription weather_rainalertsub_user_id_b1cf564c_fk_accounts_; Type: FK CONSTRAINT; Schema: public; Owner: kieran_user
--

ALTER TABLE ONLY public.weather_rainalertsubscription
    ADD CONSTRAINT weather_rainalertsub_user_id_b1cf564c_fk_accounts_ FOREIGN KEY (user_id) REFERENCES public.accounts_user(id) DEFERRABLE INITIALLY DEFERRED;


--
-- PostgreSQL database dump complete
--

\unrestrict V47FeaAVNb45MBPPmLqgdV7tc1fcb4E2em6PgAxczV2nTjaCZA0RLCWvjA6HyVv

